,0.00Fixed4.6,0.00Fixed6.4,0.00Fixed8.2,0.00Tracking4.6,0.00Tracking6.4,0.00Tracking8.2,0.25Fixed4.6,0.25Fixed6.4,0.25Fixed8.2,0.25Tracking4.6,0.25Tracking6.4,0.25Tracking8.2,0.50Fixed4.6,0.50Fixed6.4,0.50Fixed8.2,0.50Tracking4.6,0.50Tracking6.4,0.50Tracking8.2,0.75Fixed4.6,0.75Fixed6.4,0.75Fixed8.2,0.75Tracking4.6,0.75Tracking6.4,0.75Tracking8.2,1.00Fixed4.6,1.00Fixed6.4,1.00Fixed8.2,1.00Tracking4.6,1.00Tracking6.4,1.00Tracking8.2
0.02110.1Northern,-6315.75,-6315.75,-6315.75,-6315.75,-6315.75,-6315.75,-4028.79,-4030.33,-4033.22,-3698.31,-3699.45,-3700.58,-980.66,-984.27,-991,-209.05,-211.69,-214.33,2068.06,2062.4,2051.82,3280.43,3276.28,3272.13,5116.75,5109.03,5094.6,6769.92,6764.25,6758.59
0.03110.1Northern,-6315.75,-6315.75,-6315.75,-6315.75,-6315.75,-6315.75,-2880.52,-2882.06,-2884.95,-2384.38,-2385.52,-2386.65,1698.06,1694.45,1687.72,2856.46,2853.82,2851.18,6277.53,6271.87,6261.29,8097.63,8093.48,8089.33,10856.95,10849.23,10834.8,13338.81,13333.14,13327.48
0.04110.1Northern,-6315.75,-6315.75,-6315.75,-6315.75,-6315.75,-6315.75,-1732.25,-1733.79,-1736.68,-1070.45,-1071.59,-1072.72,4376.78,4373.17,4366.44,5921.97,5919.33,5916.69,10487,10481.34,10470.76,12914.83,12910.68,12906.53,16597.15,16589.43,16575,19907.7,19902.03,19896.37
0.02140.1Northern,-9258.75,-9258.75,-9258.75,-9258.75,-9258.75,-9258.75,-6971.79,-6973.33,-6976.22,-6641.31,-6642.45,-6643.58,-3923.66,-3927.27,-3934,-3152.05,-3154.69,-3157.33,-874.94,-880.6,-891.18,337.43,333.28,329.13,2173.75,2166.03,2151.6,3826.92,3821.25,3815.59
0.03140.1Northern,-9258.75,-9258.75,-9258.75,-9258.75,-9258.75,-9258.75,-5823.52,-5825.06,-5827.95,-5327.38,-5328.52,-5329.65,-1244.94,-1248.55,-1255.28,-86.54,-89.18,-91.82,3334.53,3328.87,3318.29,5154.63,5150.48,5146.33,7913.95,7906.23,7891.8,10395.81,10390.14,10384.48
0.04140.1Northern,-9258.75,-9258.75,-9258.75,-9258.75,-9258.75,-9258.75,-4675.25,-4676.79,-4679.68,-4013.45,-4014.59,-4015.72,1433.78,1430.17,1423.44,2978.97,2976.33,2973.69,7544,7538.34,7527.76,9971.83,9967.68,9963.53,13654.15,13646.43,13632,16964.7,16959.03,16953.37
0.02170.1Northern,-12201.75,-12201.75,-12201.75,-12201.75,-12201.75,-12201.75,-9914.79,-9916.33,-9919.22,-9584.31,-9585.45,-9586.58,-6866.66,-6870.27,-6877,-6095.05,-6097.69,-6100.33,-3817.94,-3823.6,-3834.18,-2605.57,-2609.72,-2613.87,-769.25,-776.97,-791.4,883.92,878.25,872.59
0.03170.1Northern,-12201.75,-12201.75,-12201.75,-12201.75,-12201.75,-12201.75,-8766.52,-8768.06,-8770.95,-8270.38,-8271.52,-8272.65,-4187.94,-4191.55,-4198.28,-3029.54,-3032.18,-3034.82,391.53,385.87,375.29,2211.63,2207.48,2203.33,4970.95,4963.23,4948.8,7452.81,7447.14,7441.48
0.04170.1Northern,-12201.75,-12201.75,-12201.75,-12201.75,-12201.75,-12201.75,-7618.25,-7619.79,-7622.68,-6956.45,-6957.59,-6958.72,-1509.22,-1512.83,-1519.56,35.97,33.33,30.69,4601,4595.34,4584.76,7028.83,7024.68,7020.53,10711.15,10703.43,10689,14021.7,14016.03,14010.37
0.02110.3Northern,-4912.25,-4912.25,-4912.25,-4912.25,-4912.25,-4912.25,-2625.29,-2626.83,-2629.72,-2294.81,-2295.95,-2297.08,422.84,419.23,412.5,1194.45,1191.81,1189.17,3471.56,3465.9,3455.32,4683.93,4679.78,4675.63,6520.25,6512.53,6498.1,8173.42,8167.75,8162.09
0.03110.3Northern,-4912.25,-4912.25,-4912.25,-4912.25,-4912.25,-4912.25,-1477.02,-1478.56,-1481.45,-980.88,-982.02,-983.15,3101.56,3097.95,3091.22,4259.96,4257.32,4254.68,7681.03,7675.37,7664.79,9501.13,9496.98,9492.83,12260.45,12252.73,12238.3,14742.31,14736.64,14730.98
0.04110.3Northern,-4912.25,-4912.25,-4912.25,-4912.25,-4912.25,-4912.25,-328.75,-330.29,-333.18,333.05,331.91,330.78,5780.28,5776.67,5769.94,7325.47,7322.83,7320.19,11890.5,11884.84,11874.26,14318.33,14314.18,14310.03,18000.65,17992.93,17978.5,21311.2,21305.53,21299.87
0.02140.3Northern,-7201.25,-7201.25,-7201.25,-7201.25,-7201.25,-7201.25,-4914.29,-4915.83,-4918.72,-4583.81,-4584.95,-4586.08,-1866.16,-1869.77,-1876.5,-1094.55,-1097.19,-1099.83,1182.56,1176.9,1166.32,2394.93,2390.78,2386.63,4231.25,4223.53,4209.1,5884.42,5878.75,5873.09
0.03140.3Northern,-7201.25,-7201.25,-7201.25,-7201.25,-7201.25,-7201.25,-3766.02,-3767.56,-3770.45,-3269.88,-3271.02,-3272.15,812.56,808.95,802.22,1970.96,1968.32,1965.68,5392.03,5386.37,5375.79,7212.13,7207.98,7203.83,9971.45,9963.73,9949.3,12453.31,12447.64,12441.98
0.04140.3Northern,-7201.25,-7201.25,-7201.25,-7201.25,-7201.25,-7201.25,-2617.75,-2619.29,-2622.18,-1955.95,-1957.09,-1958.22,3491.28,3487.67,3480.94,5036.47,5033.83,5031.19,9601.5,9595.84,9585.26,12029.33,12025.18,12021.03,15711.65,15703.93,15689.5,19022.2,19016.53,19010.87
0.02170.3Northern,-9490.25,-9490.25,-9490.25,-9490.25,-9490.25,-9490.25,-7203.29,-7204.83,-7207.72,-6872.81,-6873.95,-6875.08,-4155.16,-4158.77,-4165.5,-3383.55,-3386.19,-3388.83,-1106.44,-1112.1,-1122.68,105.93,101.78,97.63,1942.25,1934.53,1920.1,3595.42,3589.75,3584.09
0.03170.3Northern,-9490.25,-9490.25,-9490.25,-9490.25,-9490.25,-9490.25,-6055.02,-6056.56,-6059.45,-5558.88,-5560.02,-5561.15,-1476.44,-1480.05,-1486.78,-318.04,-320.68,-323.32,3103.03,3097.37,3086.79,4923.13,4918.98,4914.83,7682.45,7674.73,7660.3,10164.31,10158.64,10152.98
0.04170.3Northern,-9490.25,-9490.25,-9490.25,-9490.25,-9490.25,-9490.25,-4906.75,-4908.29,-4911.18,-4244.95,-4246.09,-4247.22,1202.28,1198.67,1191.94,2747.47,2744.83,2742.19,7312.5,7306.84,7296.26,9740.33,9736.18,9732.03,13422.65,13414.93,13400.5,16733.2,16727.53,16721.87
0.02110.5Northern,-3508.75,-3508.75,-3508.75,-3508.75,-3508.75,-3508.75,-1221.79,-1223.33,-1226.22,-891.31,-892.45,-893.58,1826.34,1822.73,1816,2597.95,2595.31,2592.67,4875.06,4869.4,4858.82,6087.43,6083.28,6079.13,7923.75,7916.03,7901.6,9576.92,9571.25,9565.59
0.03110.5Northern,-3508.75,-3508.75,-3508.75,-3508.75,-3508.75,-3508.75,-73.52,-75.06,-77.95,422.62,421.48,420.35,4505.06,4501.45,4494.72,5663.46,5660.82,5658.18,9084.53,9078.87,9068.29,10904.63,10900.48,10896.33,13663.95,13656.23,13641.8,16145.81,16140.14,16134.48
0.04110.5Northern,-3508.75,-3508.75,-3508.75,-3508.75,-3508.75,-3508.75,1074.75,1073.21,1070.32,1736.55,1735.41,1734.28,7183.78,7180.17,7173.44,8728.97,8726.33,8723.69,13294,13288.34,13277.76,15721.83,15717.68,15713.53,19404.15,19396.43,19382,22714.7,22709.03,22703.37
0.02140.5Northern,-5143.75,-5143.75,-5143.75,-5143.75,-5143.75,-5143.75,-2856.79,-2858.33,-2861.22,-2526.31,-2527.45,-2528.58,191.34,187.73,181,962.95,960.31,957.67,3240.06,3234.4,3223.82,4452.43,4448.28,4444.13,6288.75,6281.03,6266.6,7941.92,7936.25,7930.59
0.03140.5Northern,-5143.75,-5143.75,-5143.75,-5143.75,-5143.75,-5143.75,-1708.52,-1710.06,-1712.95,-1212.38,-1213.52,-1214.65,2870.06,2866.45,2859.72,4028.46,4025.82,4023.18,7449.53,7443.87,7433.29,9269.63,9265.48,9261.33,12028.95,12021.23,12006.8,14510.81,14505.14,14499.48
0.04140.5Northern,-5143.75,-5143.75,-5143.75,-5143.75,-5143.75,-5143.75,-560.25,-561.79,-564.68,101.55,100.41,99.28,5548.78,5545.17,5538.44,7093.97,7091.33,7088.69,11659,11653.34,11642.76,14086.83,14082.68,14078.53,17769.15,17761.43,17747,21079.7,21074.03,21068.37
0.02170.5Northern,-6778.75,-6778.75,-6778.75,-6778.75,-6778.75,-6778.75,-4491.79,-4493.33,-4496.22,-4161.31,-4162.45,-4163.58,-1443.66,-1447.27,-1454,-672.05,-674.69,-677.33,1605.06,1599.4,1588.82,2817.43,2813.28,2809.13,4653.75,4646.03,4631.6,6306.92,6301.25,6295.59
0.03170.5Northern,-6778.75,-6778.75,-6778.75,-6778.75,-6778.75,-6778.75,-3343.52,-3345.06,-3347.95,-2847.38,-2848.52,-2849.65,1235.06,1231.45,1224.72,2393.46,2390.82,2388.18,5814.53,5808.87,5798.29,7634.63,7630.48,7626.33,10393.95,10386.23,10371.8,12875.81,12870.14,12864.48
0.04170.5Northern,-6778.75,-6778.75,-6778.75,-6778.75,-6778.75,-6778.75,-2195.25,-2196.79,-2199.68,-1533.45,-1534.59,-1535.72,3913.78,3910.17,3903.44,5458.97,5456.33,5453.69,10024,10018.34,10007.76,12451.83,12447.68,12443.53,16134.15,16126.43,16112,19444.7,19439.03,19433.37
0.02110.7Northern,-2105.25,-2105.25,-2105.25,-2105.25,-2105.25,-2105.25,181.71,180.17,177.28,512.19,511.05,509.92,3229.84,3226.23,3219.5,4001.45,3998.81,3996.17,6278.56,6272.9,6262.32,7490.93,7486.78,7482.63,9327.25,9319.53,9305.1,10980.42,10974.75,10969.09
0.03110.7Northern,-2105.25,-2105.25,-2105.25,-2105.25,-2105.25,-2105.25,1329.98,1328.44,1325.55,1826.12,1824.98,1823.85,5908.56,5904.95,5898.22,7066.96,7064.32,7061.68,10488.03,10482.37,10471.79,12308.13,12303.98,12299.83,15067.45,15059.73,15045.3,17549.31,17543.64,17537.98
0.04110.7Northern,-2105.25,-2105.25,-2105.25,-2105.25,-2105.25,-2105.25,2478.25,2476.71,2473.82,3140.05,3138.91,3137.78,8587.28,8583.67,8576.94,10132.47,10129.83,10127.19,14697.5,14691.84,14681.26,17125.33,17121.18,17117.03,20807.65,20799.93,20785.5,24118.2,24112.53,24106.87
0.02140.7Northern,-3086.25,-3086.25,-3086.25,-3086.25,-3086.25,-3086.25,-799.29,-800.83,-803.72,-468.81,-469.95,-471.08,2248.84,2245.23,2238.5,3020.45,3017.81,3015.17,5297.56,5291.9,5281.32,6509.93,6505.78,6501.63,8346.25,8338.53,8324.1,9999.42,9993.75,9988.09
0.03140.7Northern,-3086.25,-3086.25,-3086.25,-3086.25,-3086.25,-3086.25,348.98,347.44,344.55,845.12,843.98,842.85,4927.56,4923.95,4917.22,6085.96,6083.32,6080.68,9507.03,9501.37,9490.79,11327.13,11322.98,11318.83,14086.45,14078.73,14064.3,16568.31,16562.64,16556.98
0.04140.7Northern,-3086.25,-3086.25,-3086.25,-3086.25,-3086.25,-3086.25,1497.25,1495.71,1492.82,2159.05,2157.91,2156.78,7606.28,7602.67,7595.94,9151.47,9148.83,9146.19,13716.5,13710.84,13700.26,16144.33,16140.18,16136.03,19826.65,19818.93,19804.5,23137.2,23131.53,23125.87
0.02170.7Northern,-4067.25,-4067.25,-4067.25,-4067.25,-4067.25,-4067.25,-1780.29,-1781.83,-1784.72,-1449.81,-1450.95,-1452.08,1267.84,1264.23,1257.5,2039.45,2036.81,2034.17,4316.56,4310.9,4300.32,5528.93,5524.78,5520.63,7365.25,7357.53,7343.1,9018.42,9012.75,9007.09
0.03170.7Northern,-4067.25,-4067.25,-4067.25,-4067.25,-4067.25,-4067.25,-632.02,-633.56,-636.45,-135.88,-137.02,-138.15,3946.56,3942.95,3936.22,5104.96,5102.32,5099.68,8526.03,8520.37,8509.79,10346.13,10341.98,10337.83,13105.45,13097.73,13083.3,15587.31,15581.64,15575.98
0.04170.7Northern,-4067.25,-4067.25,-4067.25,-4067.25,-4067.25,-4067.25,516.25,514.71,511.82,1178.05,1176.91,1175.78,6625.28,6621.67,6614.94,8170.47,8167.83,8165.19,12735.5,12729.84,12719.26,15163.33,15159.18,15155.03,18845.65,18837.93,18823.5,22156.2,22150.53,22144.87
0.02111.0Northern,0,0,0,0,0,0,2286.96,2285.42,2282.53,2617.44,2616.3,2615.17,5335.09,5331.48,5324.75,6106.7,6104.06,6101.42,8383.81,8378.15,8367.57,9596.18,9592.03,9587.88,11432.5,11424.78,11410.35,13085.67,13080,13074.34
0.03111.0Northern,0,0,0,0,0,0,3435.23,3433.69,3430.8,3931.37,3930.23,3929.1,8013.81,8010.2,8003.47,9172.21,9169.57,9166.93,12593.28,12587.62,12577.04,14413.38,14409.23,14405.08,17172.7,17164.98,17150.55,19654.56,19648.89,19643.23
0.04111.0Northern,0,0,0,0,0,0,4583.5,4581.96,4579.07,5245.3,5244.16,5243.03,10692.53,10688.92,10682.19,12237.72,12235.08,12232.44,16802.75,16797.09,16786.51,19230.58,19226.43,19222.28,22912.9,22905.18,22890.75,26223.45,26217.78,26212.12
0.02141.0Northern,0,0,0,0,0,0,2286.96,2285.42,2282.53,2617.44,2616.3,2615.17,5335.09,5331.48,5324.75,6106.7,6104.06,6101.42,8383.81,8378.15,8367.57,9596.18,9592.03,9587.88,11432.5,11424.78,11410.35,13085.67,13080,13074.34
0.03141.0Northern,0,0,0,0,0,0,3435.23,3433.69,3430.8,3931.37,3930.23,3929.1,8013.81,8010.2,8003.47,9172.21,9169.57,9166.93,12593.28,12587.62,12577.04,14413.38,14409.23,14405.08,17172.7,17164.98,17150.55,19654.56,19648.89,19643.23
0.04141.0Northern,0,0,0,0,0,0,4583.5,4581.96,4579.07,5245.3,5244.16,5243.03,10692.53,10688.92,10682.19,12237.72,12235.08,12232.44,16802.75,16797.09,16786.51,19230.58,19226.43,19222.28,22912.9,22905.18,22890.75,26223.45,26217.78,26212.12
0.02171.0Northern,0,0,0,0,0,0,2286.96,2285.42,2282.53,2617.44,2616.3,2615.17,5335.09,5331.48,5324.75,6106.7,6104.06,6101.42,8383.81,8378.15,8367.57,9596.18,9592.03,9587.88,11432.5,11424.78,11410.35,13085.67,13080,13074.34
0.03171.0Northern,0,0,0,0,0,0,3435.23,3433.69,3430.8,3931.37,3930.23,3929.1,8013.81,8010.2,8003.47,9172.21,9169.57,9166.93,12593.28,12587.62,12577.04,14413.38,14409.23,14405.08,17172.7,17164.98,17150.55,19654.56,19648.89,19643.23
0.04171.0Northern,0,0,0,0,0,0,4583.5,4581.96,4579.07,5245.3,5244.16,5243.03,10692.53,10688.92,10682.19,12237.72,12235.08,12232.44,16802.75,16797.09,16786.51,19230.58,19226.43,19222.28,22912.9,22905.18,22890.75,26223.45,26217.78,26212.12
0.02111.2Northern,1403.5,1403.5,1403.5,1403.5,1403.5,1403.5,3690.46,3688.92,3686.03,4020.94,4019.8,4018.67,6738.59,6734.98,6728.25,7510.2,7507.56,7504.92,9787.31,9781.65,9771.07,10999.68,10995.53,10991.38,12836,12828.28,12813.85,14489.17,14483.5,14477.84
0.03111.2Northern,1403.5,1403.5,1403.5,1403.5,1403.5,1403.5,4838.73,4837.19,4834.3,5334.87,5333.73,5332.6,9417.31,9413.7,9406.97,10575.71,10573.07,10570.43,13996.78,13991.12,13980.54,15816.88,15812.73,15808.58,18576.2,18568.48,18554.05,21058.06,21052.39,21046.73
0.04111.2Northern,1403.5,1403.5,1403.5,1403.5,1403.5,1403.5,5987,5985.46,5982.57,6648.8,6647.66,6646.53,12096.03,12092.42,12085.69,13641.22,13638.58,13635.94,18206.25,18200.59,18190.01,20634.08,20629.93,20625.78,24316.4,24308.68,24294.25,27626.95,27621.28,27615.62
0.02141.2Northern,2057.5,2057.5,2057.5,2057.5,2057.5,2057.5,4344.46,4342.92,4340.03,4674.94,4673.8,4672.67,7392.59,7388.98,7382.25,8164.2,8161.56,8158.92,10441.31,10435.65,10425.07,11653.68,11649.53,11645.38,13490,13482.28,13467.85,15143.17,15137.5,15131.84
0.03141.2Northern,2057.5,2057.5,2057.5,2057.5,2057.5,2057.5,5492.73,5491.19,5488.3,5988.87,5987.73,5986.6,10071.31,10067.7,10060.97,11229.71,11227.07,11224.43,14650.78,14645.12,14634.54,16470.88,16466.73,16462.58,19230.2,19222.48,19208.05,21712.06,21706.39,21700.73
0.04141.2Northern,2057.5,2057.5,2057.5,2057.5,2057.5,2057.5,6641,6639.46,6636.57,7302.8,7301.66,7300.53,12750.03,12746.42,12739.69,14295.22,14292.58,14289.94,18860.25,18854.59,18844.01,21288.08,21283.93,21279.78,24970.4,24962.68,24948.25,28280.95,28275.28,28269.62
0.02171.2Northern,2711.5,2711.5,2711.5,2711.5,2711.5,2711.5,4998.46,4996.92,4994.03,5328.94,5327.8,5326.67,8046.59,8042.98,8036.25,8818.2,8815.56,8812.92,11095.31,11089.65,11079.07,12307.68,12303.53,12299.38,14144,14136.28,14121.85,15797.17,15791.5,15785.84
0.03171.2Northern,2711.5,2711.5,2711.5,2711.5,2711.5,2711.5,6146.73,6145.19,6142.3,6642.87,6641.73,6640.6,10725.31,10721.7,10714.97,11883.71,11881.07,11878.43,15304.78,15299.12,15288.54,17124.88,17120.73,17116.58,19884.2,19876.48,19862.05,22366.06,22360.39,22354.73
0.04171.2Northern,2711.5,2711.5,2711.5,2711.5,2711.5,2711.5,7295,7293.46,7290.57,7956.8,7955.66,7954.53,13404.03,13400.42,13393.69,14949.22,14946.58,14943.94,19514.25,19508.59,19498.01,21942.08,21937.93,21933.78,25624.4,25616.68,25602.25,28934.95,28929.28,28923.62
0.02111.5Northern,3508.75,3508.75,3508.75,3508.75,3508.75,3508.75,5795.71,5794.17,5791.28,6126.19,6125.05,6123.92,8843.84,8840.23,8833.5,9615.45,9612.81,9610.17,11892.56,11886.9,11876.32,13104.93,13100.78,13096.63,14941.25,14933.53,14919.1,16594.42,16588.75,16583.09
0.03111.5Northern,3508.75,3508.75,3508.75,3508.75,3508.75,3508.75,6943.98,6942.44,6939.55,7440.12,7438.98,7437.85,11522.56,11518.95,11512.22,12680.96,12678.32,12675.68,16102.03,16096.37,16085.79,17922.13,17917.98,17913.83,20681.45,20673.73,20659.3,23163.31,23157.64,23151.98
0.04111.5Northern,3508.75,3508.75,3508.75,3508.75,3508.75,3508.75,8092.25,8090.71,8087.82,8754.05,8752.91,8751.78,14201.28,14197.67,14190.94,15746.47,15743.83,15741.19,20311.5,20305.84,20295.26,22739.33,22735.18,22731.03,26421.65,26413.93,26399.5,29732.2,29726.53,29720.87
0.02141.5Northern,5143.75,5143.75,5143.75,5143.75,5143.75,5143.75,7430.71,7429.17,7426.28,7761.19,7760.05,7758.92,10478.84,10475.23,10468.5,11250.45,11247.81,11245.17,13527.56,13521.9,13511.32,14739.93,14735.78,14731.63,16576.25,16568.53,16554.1,18229.42,18223.75,18218.09
0.03141.5Northern,5143.75,5143.75,5143.75,5143.75,5143.75,5143.75,8578.98,8577.44,8574.55,9075.12,9073.98,9072.85,13157.56,13153.95,13147.22,14315.96,14313.32,14310.68,17737.03,17731.37,17720.79,19557.13,19552.98,19548.83,22316.45,22308.73,22294.3,24798.31,24792.64,24786.98
0.04141.5Northern,5143.75,5143.75,5143.75,5143.75,5143.75,5143.75,9727.25,9725.71,9722.82,10389.05,10387.91,10386.78,15836.28,15832.67,15825.94,17381.47,17378.83,17376.19,21946.5,21940.84,21930.26,24374.33,24370.18,24366.03,28056.65,28048.93,28034.5,31367.2,31361.53,31355.87
0.02171.5Northern,6778.75,6778.75,6778.75,6778.75,6778.75,6778.75,9065.71,9064.17,9061.28,9396.19,9395.05,9393.92,12113.84,12110.23,12103.5,12885.45,12882.81,12880.17,15162.56,15156.9,15146.32,16374.93,16370.78,16366.63,18211.25,18203.53,18189.1,19864.42,19858.75,19853.09
0.03171.5Northern,6778.75,6778.75,6778.75,6778.75,6778.75,6778.75,10213.98,10212.44,10209.55,10710.12,10708.98,10707.85,14792.56,14788.95,14782.22,15950.96,15948.32,15945.68,19372.03,19366.37,19355.79,21192.13,21187.98,21183.83,23951.45,23943.73,23929.3,26433.31,26427.64,26421.98
0.04171.5Northern,6778.75,6778.75,6778.75,6778.75,6778.75,6778.75,11362.25,11360.71,11357.82,12024.05,12022.91,12021.78,17471.28,17467.67,17460.94,19016.47,19013.83,19011.19,23581.5,23575.84,23565.26,26009.33,26005.18,26001.03,29691.65,29683.93,29669.5,33002.2,32996.53,32990.87
0.02111.8Northern,5614,5614,5614,5614,5614,5614,7900.96,7899.42,7896.53,8231.44,8230.3,8229.17,10949.09,10945.48,10938.75,11720.7,11718.06,11715.42,13997.81,13992.15,13981.57,15210.18,15206.03,15201.88,17046.5,17038.78,17024.35,18699.67,18694,18688.34
0.03111.8Northern,5614,5614,5614,5614,5614,5614,9049.23,9047.69,9044.8,9545.37,9544.23,9543.1,13627.81,13624.2,13617.47,14786.21,14783.57,14780.93,18207.28,18201.62,18191.04,20027.38,20023.23,20019.08,22786.7,22778.98,22764.55,25268.56,25262.89,25257.23
0.04111.8Northern,5614,5614,5614,5614,5614,5614,10197.5,10195.96,10193.07,10859.3,10858.16,10857.03,16306.53,16302.92,16296.19,17851.72,17849.08,17846.44,22416.75,22411.09,22400.51,24844.58,24840.43,24836.28,28526.9,28519.18,28504.75,31837.45,31831.78,31826.12
0.02141.8Northern,8230,8230,8230,8230,8230,8230,10516.96,10515.42,10512.53,10847.44,10846.3,10845.17,13565.09,13561.48,13554.75,14336.7,14334.06,14331.42,16613.81,16608.15,16597.57,17826.18,17822.03,17817.88,19662.5,19654.78,19640.35,21315.67,21310,21304.34
0.03141.8Northern,8230,8230,8230,8230,8230,8230,11665.23,11663.69,11660.8,12161.37,12160.23,12159.1,16243.81,16240.2,16233.47,17402.21,17399.57,17396.93,20823.28,20817.62,20807.04,22643.38,22639.23,22635.08,25402.7,25394.98,25380.55,27884.56,27878.89,27873.23
0.04141.8Northern,8230,8230,8230,8230,8230,8230,12813.5,12811.96,12809.07,13475.3,13474.16,13473.03,18922.53,18918.92,18912.19,20467.72,20465.08,20462.44,25032.75,25027.09,25016.51,27460.58,27456.43,27452.28,31142.9,31135.18,31120.75,34453.45,34447.78,34442.12
0.02171.8Northern,10846,10846,10846,10846,10846,10846,13132.96,13131.42,13128.53,13463.44,13462.3,13461.17,16181.09,16177.48,16170.75,16952.7,16950.06,16947.42,19229.81,19224.15,19213.57,20442.18,20438.03,20433.88,22278.5,22270.78,22256.35,23931.67,23926,23920.34
0.03171.8Northern,10846,10846,10846,10846,10846,10846,14281.23,14279.69,14276.8,14777.37,14776.23,14775.1,18859.81,18856.2,18849.47,20018.21,20015.57,20012.93,23439.28,23433.62,23423.04,25259.38,25255.23,25251.08,28018.7,28010.98,27996.55,30500.56,30494.89,30489.23
0.04171.8Northern,10846,10846,10846,10846,10846,10846,15429.5,15427.96,15425.07,16091.3,16090.16,16089.03,21538.53,21534.92,21528.19,23083.72,23081.08,23078.44,27648.75,27643.09,27632.51,30076.58,30072.43,30068.28,33758.9,33751.18,33736.75,37069.45,37063.78,37058.12
0.02112.0Northern,7017.5,7017.5,7017.5,7017.5,7017.5,7017.5,9304.46,9302.92,9300.03,9634.94,9633.8,9632.67,12352.59,12348.98,12342.25,13124.2,13121.56,13118.92,15401.31,15395.65,15385.07,16613.68,16609.53,16605.38,18450,18442.28,18427.85,20103.17,20097.5,20091.84
0.03112.0Northern,7017.5,7017.5,7017.5,7017.5,7017.5,7017.5,10452.73,10451.19,10448.3,10948.87,10947.73,10946.6,15031.31,15027.7,15020.97,16189.71,16187.07,16184.43,19610.78,19605.12,19594.54,21430.88,21426.73,21422.58,24190.2,24182.48,24168.05,26672.06,26666.39,26660.73
0.04112.0Northern,7017.5,7017.5,7017.5,7017.5,7017.5,7017.5,11601,11599.46,11596.57,12262.8,12261.66,12260.53,17710.03,17706.42,17699.69,19255.22,19252.58,19249.94,23820.25,23814.59,23804.01,26248.08,26243.93,26239.78,29930.4,29922.68,29908.25,33240.95,33235.28,33229.62
0.02142.0Northern,10287.5,10287.5,10287.5,10287.5,10287.5,10287.5,12574.46,12572.92,12570.03,12904.94,12903.8,12902.67,15622.59,15618.98,15612.25,16394.2,16391.56,16388.92,18671.31,18665.65,18655.07,19883.68,19879.53,19875.38,21720,21712.28,21697.85,23373.17,23367.5,23361.84
0.03142.0Northern,10287.5,10287.5,10287.5,10287.5,10287.5,10287.5,13722.73,13721.19,13718.3,14218.87,14217.73,14216.6,18301.31,18297.7,18290.97,19459.71,19457.07,19454.43,22880.78,22875.12,22864.54,24700.88,24696.73,24692.58,27460.2,27452.48,27438.05,29942.06,29936.39,29930.73
0.04142.0Northern,10287.5,10287.5,10287.5,10287.5,10287.5,10287.5,14871,14869.46,14866.57,15532.8,15531.66,15530.53,20980.03,20976.42,20969.69,22525.22,22522.58,22519.94,27090.25,27084.59,27074.01,29518.08,29513.93,29509.78,33200.4,33192.68,33178.25,36510.95,36505.28,36499.62
0.02172.0Northern,13557.5,13557.5,13557.5,13557.5,13557.5,13557.5,15844.46,15842.92,15840.03,16174.94,16173.8,16172.67,18892.59,18888.98,18882.25,19664.2,19661.56,19658.92,21941.31,21935.65,21925.07,23153.68,23149.53,23145.38,24990,24982.28,24967.85,26643.17,26637.5,26631.84
0.03172.0Northern,13557.5,13557.5,13557.5,13557.5,13557.5,13557.5,16992.73,16991.19,16988.3,17488.87,17487.73,17486.6,21571.31,21567.7,21560.97,22729.71,22727.07,22724.43,26150.78,26145.12,26134.54,27970.88,27966.73,27962.58,30730.2,30722.48,30708.05,33212.06,33206.39,33200.73
0.04172.0Northern,13557.5,13557.5,13557.5,13557.5,13557.5,13557.5,18141,18139.46,18136.57,18802.8,18801.66,18800.53,24250.03,24246.42,24239.69,25795.22,25792.58,25789.94,30360.25,30354.59,30344.01,32788.08,32783.93,32779.78,36470.4,36462.68,36448.25,39780.95,39775.28,39769.62
0.02110.1Central,-6315.75,-6315.75,-6315.75,-6315.75,-6315.75,-6315.75,-3945.53,-3947.07,-3949.96,-3573.67,-3574.81,-3575.94,-786.48,-790.09,-796.82,81.69,79.05,76.41,2373.18,2367.52,2356.94,3737.27,3733.12,3728.97,5532.83,5525.11,5510.68,7392.88,7387.21,7381.55
0.03110.1Central,-6315.75,-6315.75,-6315.75,-6315.75,-6315.75,-6315.75,-2755.63,-2757.17,-2760.06,-2197.42,-2198.56,-2199.69,1989.33,1985.72,1978.99,3292.57,3289.93,3287.29,6735.21,6729.55,6718.97,8782.89,8778.74,8774.59,11481.07,11473.35,11458.92,14273.25,14267.58,14261.92
0.04110.1Central,-6315.75,-6315.75,-6315.75,-6315.75,-6315.75,-6315.75,-1565.73,-1567.27,-1570.16,-821.17,-822.31,-823.44,4765.14,4761.53,4754.8,6503.45,6500.81,6498.17,11097.24,11091.58,11081,13828.51,13824.36,13820.21,17429.31,17421.59,17407.16,21153.62,21147.95,21142.29
0.02140.1Central,-9258.75,-9258.75,-9258.75,-9258.75,-9258.75,-9258.75,-6888.53,-6890.07,-6892.96,-6516.67,-6517.81,-6518.94,-3729.48,-3733.09,-3739.82,-2861.31,-2863.95,-2866.59,-569.82,-575.48,-586.06,794.27,790.12,785.97,2589.83,2582.11,2567.68,4449.88,4444.21,4438.55
0.03140.1Central,-9258.75,-9258.75,-9258.75,-9258.75,-9258.75,-9258.75,-5698.63,-5700.17,-5703.06,-5140.42,-5141.56,-5142.69,-953.67,-957.28,-964.01,349.57,346.93,344.29,3792.21,3786.55,3775.97,5839.89,5835.74,5831.59,8538.07,8530.35,8515.92,11330.25,11324.58,11318.92
0.04140.1Central,-9258.75,-9258.75,-9258.75,-9258.75,-9258.75,-9258.75,-4508.73,-4510.27,-4513.16,-3764.17,-3765.31,-3766.44,1822.14,1818.53,1811.8,3560.45,3557.81,3555.17,8154.24,8148.58,8138,10885.51,10881.36,10877.21,14486.31,14478.59,14464.16,18210.62,18204.95,18199.29
0.02170.1Central,-12201.75,-12201.75,-12201.75,-12201.75,-12201.75,-12201.75,-9831.53,-9833.07,-9835.96,-9459.67,-9460.81,-9461.94,-6672.48,-6676.09,-6682.82,-5804.31,-5806.95,-5809.59,-3512.82,-3518.48,-3529.06,-2148.73,-2152.88,-2157.03,-353.17,-360.89,-375.32,1506.88,1501.21,1495.55
0.03170.1Central,-12201.75,-12201.75,-12201.75,-12201.75,-12201.75,-12201.75,-8641.63,-8643.17,-8646.06,-8083.42,-8084.56,-8085.69,-3896.67,-3900.28,-3907.01,-2593.43,-2596.07,-2598.71,849.21,843.55,832.97,2896.89,2892.74,2888.59,5595.07,5587.35,5572.92,8387.25,8381.58,8375.92
0.04170.1Central,-12201.75,-12201.75,-12201.75,-12201.75,-12201.75,-12201.75,-7451.73,-7453.27,-7456.16,-6707.17,-6708.31,-6709.44,-1120.86,-1124.47,-1131.2,617.45,614.81,612.17,5211.24,5205.58,5195,7942.51,7938.36,7934.21,11543.31,11535.59,11521.16,15267.62,15261.95,15256.29
0.02110.3Central,-4912.25,-4912.25,-4912.25,-4912.25,-4912.25,-4912.25,-2542.03,-2543.57,-2546.46,-2170.17,-2171.31,-2172.44,617.02,613.41,606.68,1485.19,1482.55,1479.91,3776.68,3771.02,3760.44,5140.77,5136.62,5132.47,6936.33,6928.61,6914.18,8796.38,8790.71,8785.05
0.03110.3Central,-4912.25,-4912.25,-4912.25,-4912.25,-4912.25,-4912.25,-1352.13,-1353.67,-1356.56,-793.92,-795.06,-796.19,3392.83,3389.22,3382.49,4696.07,4693.43,4690.79,8138.71,8133.05,8122.47,10186.39,10182.24,10178.09,12884.57,12876.85,12862.42,15676.75,15671.08,15665.42
0.04110.3Central,-4912.25,-4912.25,-4912.25,-4912.25,-4912.25,-4912.25,-162.23,-163.77,-166.66,582.33,581.19,580.06,6168.64,6165.03,6158.3,7906.95,7904.31,7901.67,12500.74,12495.08,12484.5,15232.01,15227.86,15223.71,18832.81,18825.09,18810.66,22557.12,22551.45,22545.79
0.02140.3Central,-7201.25,-7201.25,-7201.25,-7201.25,-7201.25,-7201.25,-4831.03,-4832.57,-4835.46,-4459.17,-4460.31,-4461.44,-1671.98,-1675.59,-1682.32,-803.81,-806.45,-809.09,1487.68,1482.02,1471.44,2851.77,2847.62,2843.47,4647.33,4639.61,4625.18,6507.38,6501.71,6496.05
0.03140.3Central,-7201.25,-7201.25,-7201.25,-7201.25,-7201.25,-7201.25,-3641.13,-3642.67,-3645.56,-3082.92,-3084.06,-3085.19,1103.83,1100.22,1093.49,2407.07,2404.43,2401.79,5849.71,5844.05,5833.47,7897.39,7893.24,7889.09,10595.57,10587.85,10573.42,13387.75,13382.08,13376.42
0.04140.3Central,-7201.25,-7201.25,-7201.25,-7201.25,-7201.25,-7201.25,-2451.23,-2452.77,-2455.66,-1706.67,-1707.81,-1708.94,3879.64,3876.03,3869.3,5617.95,5615.31,5612.67,10211.74,10206.08,10195.5,12943.01,12938.86,12934.71,16543.81,16536.09,16521.66,20268.12,20262.45,20256.79
0.02170.3Central,-9490.25,-9490.25,-9490.25,-9490.25,-9490.25,-9490.25,-7120.03,-7121.57,-7124.46,-6748.17,-6749.31,-6750.44,-3960.98,-3964.59,-3971.32,-3092.81,-3095.45,-3098.09,-801.32,-806.98,-817.56,562.77,558.62,554.47,2358.33,2350.61,2336.18,4218.38,4212.71,4207.05
0.03170.3Central,-9490.25,-9490.25,-9490.25,-9490.25,-9490.25,-9490.25,-5930.13,-5931.67,-5934.56,-5371.92,-5373.06,-5374.19,-1185.17,-1188.78,-1195.51,118.07,115.43,112.79,3560.71,3555.05,3544.47,5608.39,5604.24,5600.09,8306.57,8298.85,8284.42,11098.75,11093.08,11087.42
0.04170.3Central,-9490.25,-9490.25,-9490.25,-9490.25,-9490.25,-9490.25,-4740.23,-4741.77,-4744.66,-3995.67,-3996.81,-3997.94,1590.64,1587.03,1580.3,3328.95,3326.31,3323.67,7922.74,7917.08,7906.5,10654.01,10649.86,10645.71,14254.81,14247.09,14232.66,17979.12,17973.45,17967.79
0.02110.5Central,-3508.75,-3508.75,-3508.75,-3508.75,-3508.75,-3508.75,-1138.53,-1140.07,-1142.96,-766.67,-767.81,-768.94,2020.52,2016.91,2010.18,2888.69,2886.05,2883.41,5180.18,5174.52,5163.94,6544.27,6540.12,6535.97,8339.83,8332.11,8317.68,10199.88,10194.21,10188.55
0.03110.5Central,-3508.75,-3508.75,-3508.75,-3508.75,-3508.75,-3508.75,51.37,49.83,46.94,609.58,608.44,607.31,4796.33,4792.72,4785.99,6099.57,6096.93,6094.29,9542.21,9536.55,9525.97,11589.89,11585.74,11581.59,14288.07,14280.35,14265.92,17080.25,17074.58,17068.92
0.04110.5Central,-3508.75,-3508.75,-3508.75,-3508.75,-3508.75,-3508.75,1241.27,1239.73,1236.84,1985.83,1984.69,1983.56,7572.14,7568.53,7561.8,9310.45,9307.81,9305.17,13904.24,13898.58,13888,16635.51,16631.36,16627.21,20236.31,20228.59,20214.16,23960.62,23954.95,23949.29
0.02140.5Central,-5143.75,-5143.75,-5143.75,-5143.75,-5143.75,-5143.75,-2773.53,-2775.07,-2777.96,-2401.67,-2402.81,-2403.94,385.52,381.91,375.18,1253.69,1251.05,1248.41,3545.18,3539.52,3528.94,4909.27,4905.12,4900.97,6704.83,6697.11,6682.68,8564.88,8559.21,8553.55
0.03140.5Central,-5143.75,-5143.75,-5143.75,-5143.75,-5143.75,-5143.75,-1583.63,-1585.17,-1588.06,-1025.42,-1026.56,-1027.69,3161.33,3157.72,3150.99,4464.57,4461.93,4459.29,7907.21,7901.55,7890.97,9954.89,9950.74,9946.59,12653.07,12645.35,12630.92,15445.25,15439.58,15433.92
0.04140.5Central,-5143.75,-5143.75,-5143.75,-5143.75,-5143.75,-5143.75,-393.73,-395.27,-398.16,350.83,349.69,348.56,5937.14,5933.53,5926.8,7675.45,7672.81,7670.17,12269.24,12263.58,12253,15000.51,14996.36,14992.21,18601.31,18593.59,18579.16,22325.62,22319.95,22314.29
0.02170.5Central,-6778.75,-6778.75,-6778.75,-6778.75,-6778.75,-6778.75,-4408.53,-4410.07,-4412.96,-4036.67,-4037.81,-4038.94,-1249.48,-1253.09,-1259.82,-381.31,-383.95,-386.59,1910.18,1904.52,1893.94,3274.27,3270.12,3265.97,5069.83,5062.11,5047.68,6929.88,6924.21,6918.55
0.03170.5Central,-6778.75,-6778.75,-6778.75,-6778.75,-6778.75,-6778.75,-3218.63,-3220.17,-3223.06,-2660.42,-2661.56,-2662.69,1526.33,1522.72,1515.99,2829.57,2826.93,2824.29,6272.21,6266.55,6255.97,8319.89,8315.74,8311.59,11018.07,11010.35,10995.92,13810.25,13804.58,13798.92
0.04170.5Central,-6778.75,-6778.75,-6778.75,-6778.75,-6778.75,-6778.75,-2028.73,-2030.27,-2033.16,-1284.17,-1285.31,-1286.44,4302.14,4298.53,4291.8,6040.45,6037.81,6035.17,10634.24,10628.58,10618,13365.51,13361.36,13357.21,16966.31,16958.59,16944.16,20690.62,20684.95,20679.29
0.02110.7Central,-2105.25,-2105.25,-2105.25,-2105.25,-2105.25,-2105.25,264.97,263.43,260.54,636.83,635.69,634.56,3424.02,3420.41,3413.68,4292.19,4289.55,4286.91,6583.68,6578.02,6567.44,7947.77,7943.62,7939.47,9743.33,9735.61,9721.18,11603.38,11597.71,11592.05
0.03110.7Central,-2105.25,-2105.25,-2105.25,-2105.25,-2105.25,-2105.25,1454.87,1453.33,1450.44,2013.08,2011.94,2010.81,6199.83,6196.22,6189.49,7503.07,7500.43,7497.79,10945.71,10940.05,10929.47,12993.39,12989.24,12985.09,15691.57,15683.85,15669.42,18483.75,18478.08,18472.42
0.04110.7Central,-2105.25,-2105.25,-2105.25,-2105.25,-2105.25,-2105.25,2644.77,2643.23,2640.34,3389.33,3388.19,3387.06,8975.64,8972.03,8965.3,10713.95,10711.31,10708.67,15307.74,15302.08,15291.5,18039.01,18034.86,18030.71,21639.81,21632.09,21617.66,25364.12,25358.45,25352.79
0.02140.7Central,-3086.25,-3086.25,-3086.25,-3086.25,-3086.25,-3086.25,-716.03,-717.57,-720.46,-344.17,-345.31,-346.44,2443.02,2439.41,2432.68,3311.19,3308.55,3305.91,5602.68,5597.02,5586.44,6966.77,6962.62,6958.47,8762.33,8754.61,8740.18,10622.38,10616.71,10611.05
0.03140.7Central,-3086.25,-3086.25,-3086.25,-3086.25,-3086.25,-3086.25,473.87,472.33,469.44,1032.08,1030.94,1029.81,5218.83,5215.22,5208.49,6522.07,6519.43,6516.79,9964.71,9959.05,9948.47,12012.39,12008.24,12004.09,14710.57,14702.85,14688.42,17502.75,17497.08,17491.42
0.04140.7Central,-3086.25,-3086.25,-3086.25,-3086.25,-3086.25,-3086.25,1663.77,1662.23,1659.34,2408.33,2407.19,2406.06,7994.64,7991.03,7984.3,9732.95,9730.31,9727.67,14326.74,14321.08,14310.5,17058.01,17053.86,17049.71,20658.81,20651.09,20636.66,24383.12,24377.45,24371.79
0.02170.7Central,-4067.25,-4067.25,-4067.25,-4067.25,-4067.25,-4067.25,-1697.03,-1698.57,-1701.46,-1325.17,-1326.31,-1327.44,1462.02,1458.41,1451.68,2330.19,2327.55,2324.91,4621.68,4616.02,4605.44,5985.77,5981.62,5977.47,7781.33,7773.61,7759.18,9641.38,9635.71,9630.05
0.03170.7Central,-4067.25,-4067.25,-4067.25,-4067.25,-4067.25,-4067.25,-507.13,-508.67,-511.56,51.08,49.94,48.81,4237.83,4234.22,4227.49,5541.07,5538.43,5535.79,8983.71,8978.05,8967.47,11031.39,11027.24,11023.09,13729.57,13721.85,13707.42,16521.75,16516.08,16510.42
0.04170.7Central,-4067.25,-4067.25,-4067.25,-4067.25,-4067.25,-4067.25,682.77,681.23,678.34,1427.33,1426.19,1425.06,7013.64,7010.03,7003.3,8751.95,8749.31,8746.67,13345.74,13340.08,13329.5,16077.01,16072.86,16068.71,19677.81,19670.09,19655.66,23402.12,23396.45,23390.79
0.02111.0Central,0,0,0,0,0,0,2370.22,2368.68,2365.79,2742.08,2740.94,2739.81,5529.27,5525.66,5518.93,6397.44,6394.8,6392.16,8688.93,8683.27,8672.69,10053.02,10048.87,10044.72,11848.58,11840.86,11826.43,13708.63,13702.96,13697.3
0.03111.0Central,0,0,0,0,0,0,3560.12,3558.58,3555.69,4118.33,4117.19,4116.06,8305.08,8301.47,8294.74,9608.32,9605.68,9603.04,13050.96,13045.3,13034.72,15098.64,15094.49,15090.34,17796.82,17789.1,17774.67,20589,20583.33,20577.67
0.04111.0Central,0,0,0,0,0,0,4750.02,4748.48,4745.59,5494.58,5493.44,5492.31,11080.89,11077.28,11070.55,12819.2,12816.56,12813.92,17412.99,17407.33,17396.75,20144.26,20140.11,20135.96,23745.06,23737.34,23722.91,27469.37,27463.7,27458.04
0.02141.0Central,0,0,0,0,0,0,2370.22,2368.68,2365.79,2742.08,2740.94,2739.81,5529.27,5525.66,5518.93,6397.44,6394.8,6392.16,8688.93,8683.27,8672.69,10053.02,10048.87,10044.72,11848.58,11840.86,11826.43,13708.63,13702.96,13697.3
0.03141.0Central,0,0,0,0,0,0,3560.12,3558.58,3555.69,4118.33,4117.19,4116.06,8305.08,8301.47,8294.74,9608.32,9605.68,9603.04,13050.96,13045.3,13034.72,15098.64,15094.49,15090.34,17796.82,17789.1,17774.67,20589,20583.33,20577.67
0.04141.0Central,0,0,0,0,0,0,4750.02,4748.48,4745.59,5494.58,5493.44,5492.31,11080.89,11077.28,11070.55,12819.2,12816.56,12813.92,17412.99,17407.33,17396.75,20144.26,20140.11,20135.96,23745.06,23737.34,23722.91,27469.37,27463.7,27458.04
0.02171.0Central,0,0,0,0,0,0,2370.22,2368.68,2365.79,2742.08,2740.94,2739.81,5529.27,5525.66,5518.93,6397.44,6394.8,6392.16,8688.93,8683.27,8672.69,10053.02,10048.87,10044.72,11848.58,11840.86,11826.43,13708.63,13702.96,13697.3
0.03171.0Central,0,0,0,0,0,0,3560.12,3558.58,3555.69,4118.33,4117.19,4116.06,8305.08,8301.47,8294.74,9608.32,9605.68,9603.04,13050.96,13045.3,13034.72,15098.64,15094.49,15090.34,17796.82,17789.1,17774.67,20589,20583.33,20577.67
0.04171.0Central,0,0,0,0,0,0,4750.02,4748.48,4745.59,5494.58,5493.44,5492.31,11080.89,11077.28,11070.55,12819.2,12816.56,12813.92,17412.99,17407.33,17396.75,20144.26,20140.11,20135.96,23745.06,23737.34,23722.91,27469.37,27463.7,27458.04
0.02111.2Central,1403.5,1403.5,1403.5,1403.5,1403.5,1403.5,3773.72,3772.18,3769.29,4145.58,4144.44,4143.31,6932.77,6929.16,6922.43,7800.94,7798.3,7795.66,10092.43,10086.77,10076.19,11456.52,11452.37,11448.22,13252.08,13244.36,13229.93,15112.13,15106.46,15100.8
0.03111.2Central,1403.5,1403.5,1403.5,1403.5,1403.5,1403.5,4963.62,4962.08,4959.19,5521.83,5520.69,5519.56,9708.58,9704.97,9698.24,11011.82,11009.18,11006.54,14454.46,14448.8,14438.22,16502.14,16497.99,16493.84,19200.32,19192.6,19178.17,21992.5,21986.83,21981.17
0.04111.2Central,1403.5,1403.5,1403.5,1403.5,1403.5,1403.5,6153.52,6151.98,6149.09,6898.08,6896.94,6895.81,12484.39,12480.78,12474.05,14222.7,14220.06,14217.42,18816.49,18810.83,18800.25,21547.76,21543.61,21539.46,25148.56,25140.84,25126.41,28872.87,28867.2,28861.54
0.02141.2Central,2057.5,2057.5,2057.5,2057.5,2057.5,2057.5,4427.72,4426.18,4423.29,4799.58,4798.44,4797.31,7586.77,7583.16,7576.43,8454.94,8452.3,8449.66,10746.43,10740.77,10730.19,12110.52,12106.37,12102.22,13906.08,13898.36,13883.93,15766.13,15760.46,15754.8
0.03141.2Central,2057.5,2057.5,2057.5,2057.5,2057.5,2057.5,5617.62,5616.08,5613.19,6175.83,6174.69,6173.56,10362.58,10358.97,10352.24,11665.82,11663.18,11660.54,15108.46,15102.8,15092.22,17156.14,17151.99,17147.84,19854.32,19846.6,19832.17,22646.5,22640.83,22635.17
0.04141.2Central,2057.5,2057.5,2057.5,2057.5,2057.5,2057.5,6807.52,6805.98,6803.09,7552.08,7550.94,7549.81,13138.39,13134.78,13128.05,14876.7,14874.06,14871.42,19470.49,19464.83,19454.25,22201.76,22197.61,22193.46,25802.56,25794.84,25780.41,29526.87,29521.2,29515.54
0.02171.2Central,2711.5,2711.5,2711.5,2711.5,2711.5,2711.5,5081.72,5080.18,5077.29,5453.58,5452.44,5451.31,8240.77,8237.16,8230.43,9108.94,9106.3,9103.66,11400.43,11394.77,11384.19,12764.52,12760.37,12756.22,14560.08,14552.36,14537.93,16420.13,16414.46,16408.8
0.03171.2Central,2711.5,2711.5,2711.5,2711.5,2711.5,2711.5,6271.62,6270.08,6267.19,6829.83,6828.69,6827.56,11016.58,11012.97,11006.24,12319.82,12317.18,12314.54,15762.46,15756.8,15746.22,17810.14,17805.99,17801.84,20508.32,20500.6,20486.17,23300.5,23294.83,23289.17
0.04171.2Central,2711.5,2711.5,2711.5,2711.5,2711.5,2711.5,7461.52,7459.98,7457.09,8206.08,8204.94,8203.81,13792.39,13788.78,13782.05,15530.7,15528.06,15525.42,20124.49,20118.83,20108.25,22855.76,22851.61,22847.46,26456.56,26448.84,26434.41,30180.87,30175.2,30169.54
0.02111.5Central,3508.75,3508.75,3508.75,3508.75,3508.75,3508.75,5878.97,5877.43,5874.54,6250.83,6249.69,6248.56,9038.02,9034.41,9027.68,9906.19,9903.55,9900.91,12197.68,12192.02,12181.44,13561.77,13557.62,13553.47,15357.33,15349.61,15335.18,17217.38,17211.71,17206.05
0.03111.5Central,3508.75,3508.75,3508.75,3508.75,3508.75,3508.75,7068.87,7067.33,7064.44,7627.08,7625.94,7624.81,11813.83,11810.22,11803.49,13117.07,13114.43,13111.79,16559.71,16554.05,16543.47,18607.39,18603.24,18599.09,21305.57,21297.85,21283.42,24097.75,24092.08,24086.42
0.04111.5Central,3508.75,3508.75,3508.75,3508.75,3508.75,3508.75,8258.77,8257.23,8254.34,9003.33,9002.19,9001.06,14589.64,14586.03,14579.3,16327.95,16325.31,16322.67,20921.74,20916.08,20905.5,23653.01,23648.86,23644.71,27253.81,27246.09,27231.66,30978.12,30972.45,30966.79
0.02141.5Central,5143.75,5143.75,5143.75,5143.75,5143.75,5143.75,7513.97,7512.43,7509.54,7885.83,7884.69,7883.56,10673.02,10669.41,10662.68,11541.19,11538.55,11535.91,13832.68,13827.02,13816.44,15196.77,15192.62,15188.47,16992.33,16984.61,16970.18,18852.38,18846.71,18841.05
0.03141.5Central,5143.75,5143.75,5143.75,5143.75,5143.75,5143.75,8703.87,8702.33,8699.44,9262.08,9260.94,9259.81,13448.83,13445.22,13438.49,14752.07,14749.43,14746.79,18194.71,18189.05,18178.47,20242.39,20238.24,20234.09,22940.57,22932.85,22918.42,25732.75,25727.08,25721.42
0.04141.5Central,5143.75,5143.75,5143.75,5143.75,5143.75,5143.75,9893.77,9892.23,9889.34,10638.33,10637.19,10636.06,16224.64,16221.03,16214.3,17962.95,17960.31,17957.67,22556.74,22551.08,22540.5,25288.01,25283.86,25279.71,28888.81,28881.09,28866.66,32613.12,32607.45,32601.79
0.02171.5Central,6778.75,6778.75,6778.75,6778.75,6778.75,6778.75,9148.97,9147.43,9144.54,9520.83,9519.69,9518.56,12308.02,12304.41,12297.68,13176.19,13173.55,13170.91,15467.68,15462.02,15451.44,16831.77,16827.62,16823.47,18627.33,18619.61,18605.18,20487.38,20481.71,20476.05
0.03171.5Central,6778.75,6778.75,6778.75,6778.75,6778.75,6778.75,10338.87,10337.33,10334.44,10897.08,10895.94,10894.81,15083.83,15080.22,15073.49,16387.07,16384.43,16381.79,19829.71,19824.05,19813.47,21877.39,21873.24,21869.09,24575.57,24567.85,24553.42,27367.75,27362.08,27356.42
0.04171.5Central,6778.75,6778.75,6778.75,6778.75,6778.75,6778.75,11528.77,11527.23,11524.34,12273.33,12272.19,12271.06,17859.64,17856.03,17849.3,19597.95,19595.31,19592.67,24191.74,24186.08,24175.5,26923.01,26918.86,26914.71,30523.81,30516.09,30501.66,34248.12,34242.45,34236.79
0.02111.8Central,5614,5614,5614,5614,5614,5614,7984.22,7982.68,7979.79,8356.08,8354.94,8353.81,11143.27,11139.66,11132.93,12011.44,12008.8,12006.16,14302.93,14297.27,14286.69,15667.02,15662.87,15658.72,17462.58,17454.86,17440.43,19322.63,19316.96,19311.3
0.03111.8Central,5614,5614,5614,5614,5614,5614,9174.12,9172.58,9169.69,9732.33,9731.19,9730.06,13919.08,13915.47,13908.74,15222.32,15219.68,15217.04,18664.96,18659.3,18648.72,20712.64,20708.49,20704.34,23410.82,23403.1,23388.67,26203,26197.33,26191.67
0.04111.8Central,5614,5614,5614,5614,5614,5614,10364.02,10362.48,10359.59,11108.58,11107.44,11106.31,16694.89,16691.28,16684.55,18433.2,18430.56,18427.92,23026.99,23021.33,23010.75,25758.26,25754.11,25749.96,29359.06,29351.34,29336.91,33083.37,33077.7,33072.04
0.02141.8Central,8230,8230,8230,8230,8230,8230,10600.22,10598.68,10595.79,10972.08,10970.94,10969.81,13759.27,13755.66,13748.93,14627.44,14624.8,14622.16,16918.93,16913.27,16902.69,18283.02,18278.87,18274.72,20078.58,20070.86,20056.43,21938.63,21932.96,21927.3
0.03141.8Central,8230,8230,8230,8230,8230,8230,11790.12,11788.58,11785.69,12348.33,12347.19,12346.06,16535.08,16531.47,16524.74,17838.32,17835.68,17833.04,21280.96,21275.3,21264.72,23328.64,23324.49,23320.34,26026.82,26019.1,26004.67,28819,28813.33,28807.67
0.04141.8Central,8230,8230,8230,8230,8230,8230,12980.02,12978.48,12975.59,13724.58,13723.44,13722.31,19310.89,19307.28,19300.55,21049.2,21046.56,21043.92,25642.99,25637.33,25626.75,28374.26,28370.11,28365.96,31975.06,31967.34,31952.91,35699.37,35693.7,35688.04
0.02171.8Central,10846,10846,10846,10846,10846,10846,13216.22,13214.68,13211.79,13588.08,13586.94,13585.81,16375.27,16371.66,16364.93,17243.44,17240.8,17238.16,19534.93,19529.27,19518.69,20899.02,20894.87,20890.72,22694.58,22686.86,22672.43,24554.63,24548.96,24543.3
0.03171.8Central,10846,10846,10846,10846,10846,10846,14406.12,14404.58,14401.69,14964.33,14963.19,14962.06,19151.08,19147.47,19140.74,20454.32,20451.68,20449.04,23896.96,23891.3,23880.72,25944.64,25940.49,25936.34,28642.82,28635.1,28620.67,31435,31429.33,31423.67
0.04171.8Central,10846,10846,10846,10846,10846,10846,15596.02,15594.48,15591.59,16340.58,16339.44,16338.31,21926.89,21923.28,21916.55,23665.2,23662.56,23659.92,28258.99,28253.33,28242.75,30990.26,30986.11,30981.96,34591.06,34583.34,34568.91,38315.37,38309.7,38304.04
0.02112.0Central,7017.5,7017.5,7017.5,7017.5,7017.5,7017.5,9387.72,9386.18,9383.29,9759.58,9758.44,9757.31,12546.77,12543.16,12536.43,13414.94,13412.3,13409.66,15706.43,15700.77,15690.19,17070.52,17066.37,17062.22,18866.08,18858.36,18843.93,20726.13,20720.46,20714.8
0.03112.0Central,7017.5,7017.5,7017.5,7017.5,7017.5,7017.5,10577.62,10576.08,10573.19,11135.83,11134.69,11133.56,15322.58,15318.97,15312.24,16625.82,16623.18,16620.54,20068.46,20062.8,20052.22,22116.14,22111.99,22107.84,24814.32,24806.6,24792.17,27606.5,27600.83,27595.17
0.04112.0Central,7017.5,7017.5,7017.5,7017.5,7017.5,7017.5,11767.52,11765.98,11763.09,12512.08,12510.94,12509.81,18098.39,18094.78,18088.05,19836.7,19834.06,19831.42,24430.49,24424.83,24414.25,27161.76,27157.61,27153.46,30762.56,30754.84,30740.41,34486.87,34481.2,34475.54
0.02142.0Central,10287.5,10287.5,10287.5,10287.5,10287.5,10287.5,12657.72,12656.18,12653.29,13029.58,13028.44,13027.31,15816.77,15813.16,15806.43,16684.94,16682.3,16679.66,18976.43,18970.77,18960.19,20340.52,20336.37,20332.22,22136.08,22128.36,22113.93,23996.13,23990.46,23984.8
0.03142.0Central,10287.5,10287.5,10287.5,10287.5,10287.5,10287.5,13847.62,13846.08,13843.19,14405.83,14404.69,14403.56,18592.58,18588.97,18582.24,19895.82,19893.18,19890.54,23338.46,23332.8,23322.22,25386.14,25381.99,25377.84,28084.32,28076.6,28062.17,30876.5,30870.83,30865.17
0.04142.0Central,10287.5,10287.5,10287.5,10287.5,10287.5,10287.5,15037.52,15035.98,15033.09,15782.08,15780.94,15779.81,21368.39,21364.78,21358.05,23106.7,23104.06,23101.42,27700.49,27694.83,27684.25,30431.76,30427.61,30423.46,34032.56,34024.84,34010.41,37756.87,37751.2,37745.54
0.02172.0Central,13557.5,13557.5,13557.5,13557.5,13557.5,13557.5,15927.72,15926.18,15923.29,16299.58,16298.44,16297.31,19086.77,19083.16,19076.43,19954.94,19952.3,19949.66,22246.43,22240.77,22230.19,23610.52,23606.37,23602.22,25406.08,25398.36,25383.93,27266.13,27260.46,27254.8
0.03172.0Central,13557.5,13557.5,13557.5,13557.5,13557.5,13557.5,17117.62,17116.08,17113.19,17675.83,17674.69,17673.56,21862.58,21858.97,21852.24,23165.82,23163.18,23160.54,26608.46,26602.8,26592.22,28656.14,28651.99,28647.84,31354.32,31346.6,31332.17,34146.5,34140.83,34135.17
0.04172.0Central,13557.5,13557.5,13557.5,13557.5,13557.5,13557.5,18307.52,18305.98,18303.09,19052.08,19050.94,19049.81,24638.39,24634.78,24628.05,26376.7,26374.06,26371.42,30970.49,30964.83,30954.25,33701.76,33697.61,33693.46,37302.56,37294.84,37280.41,41026.87,41021.2,41015.54
0.02110.1Black Belt,-6315.75,-6315.75,-6315.75,-6315.75,-6315.75,-6315.75,-3891.09,-3892.63,-3895.52,-3512.23,-3513.37,-3514.5,-659.76,-663.37,-670.1,225.01,222.37,219.73,2572.32,2566.66,2556.08,3962.51,3958.36,3954.21,5804.39,5796.67,5782.24,7700,7694.33,7688.67
0.03110.1Black Belt,-6315.75,-6315.75,-6315.75,-6315.75,-6315.75,-6315.75,-2673.97,-2675.51,-2678.4,-2105.26,-2106.4,-2107.53,2179.41,2175.8,2169.07,3507.55,3504.91,3502.27,7033.92,7028.26,7017.68,9120.75,9116.6,9112.45,11888.41,11880.69,11866.26,14733.93,14728.26,14722.6
0.04110.1Black Belt,-6315.75,-6315.75,-6315.75,-6315.75,-6315.75,-6315.75,-1456.85,-1458.39,-1461.28,-698.29,-699.43,-700.56,5018.58,5014.97,5008.24,6790.09,6787.45,6784.81,11495.52,11489.86,11479.28,14278.99,14274.84,14270.69,17972.43,17964.71,17950.28,21767.86,21762.19,21756.53
0.02140.1Black Belt,-9258.75,-9258.75,-9258.75,-9258.75,-9258.75,-9258.75,-6834.09,-6835.63,-6838.52,-6455.23,-6456.37,-6457.5,-3602.76,-3606.37,-3613.1,-2717.99,-2720.63,-2723.27,-370.68,-376.34,-386.92,1019.51,1015.36,1011.21,2861.39,2853.67,2839.24,4757,4751.33,4745.67
0.03140.1Black Belt,-9258.75,-9258.75,-9258.75,-9258.75,-9258.75,-9258.75,-5616.97,-5618.51,-5621.4,-5048.26,-5049.4,-5050.53,-763.59,-767.2,-773.93,564.55,561.91,559.27,4090.92,4085.26,4074.68,6177.75,6173.6,6169.45,8945.41,8937.69,8923.26,11790.93,11785.26,11779.6
0.04140.1Black Belt,-9258.75,-9258.75,-9258.75,-9258.75,-9258.75,-9258.75,-4399.85,-4401.39,-4404.28,-3641.29,-3642.43,-3643.56,2075.58,2071.97,2065.24,3847.09,3844.45,3841.81,8552.52,8546.86,8536.28,11335.99,11331.84,11327.69,15029.43,15021.71,15007.28,18824.86,18819.19,18813.53
0.02170.1Black Belt,-12201.75,-12201.75,-12201.75,-12201.75,-12201.75,-12201.75,-9777.09,-9778.63,-9781.52,-9398.23,-9399.37,-9400.5,-6545.76,-6549.37,-6556.1,-5660.99,-5663.63,-5666.27,-3313.68,-3319.34,-3329.92,-1923.49,-1927.64,-1931.79,-81.61,-89.33,-103.76,1814,1808.33,1802.67
0.03170.1Black Belt,-12201.75,-12201.75,-12201.75,-12201.75,-12201.75,-12201.75,-8559.97,-8561.51,-8564.4,-7991.26,-7992.4,-7993.53,-3706.59,-3710.2,-3716.93,-2378.45,-2381.09,-2383.73,1147.92,1142.26,1131.68,3234.75,3230.6,3226.45,6002.41,5994.69,5980.26,8847.93,8842.26,8836.6
0.04170.1Black Belt,-12201.75,-12201.75,-12201.75,-12201.75,-12201.75,-12201.75,-7342.85,-7344.39,-7347.28,-6584.29,-6585.43,-6586.56,-867.42,-871.03,-877.76,904.09,901.45,898.81,5609.52,5603.86,5593.28,8392.99,8388.84,8384.69,12086.43,12078.71,12064.28,15881.86,15876.19,15870.53
0.02110.3Black Belt,-4912.25,-4912.25,-4912.25,-4912.25,-4912.25,-4912.25,-2487.59,-2489.13,-2492.02,-2108.73,-2109.87,-2111,743.74,740.13,733.4,1628.51,1625.87,1623.23,3975.82,3970.16,3959.58,5366.01,5361.86,5357.71,7207.89,7200.17,7185.74,9103.5,9097.83,9092.17
0.03110.3Black Belt,-4912.25,-4912.25,-4912.25,-4912.25,-4912.25,-4912.25,-1270.47,-1272.01,-1274.9,-701.76,-702.9,-704.03,3582.91,3579.3,3572.57,4911.05,4908.41,4905.77,8437.42,8431.76,8421.18,10524.25,10520.1,10515.95,13291.91,13284.19,13269.76,16137.43,16131.76,16126.1
0.04110.3Black Belt,-4912.25,-4912.25,-4912.25,-4912.25,-4912.25,-4912.25,-53.35,-54.89,-57.78,705.21,704.07,702.94,6422.08,6418.47,6411.74,8193.59,8190.95,8188.31,12899.02,12893.36,12882.78,15682.49,15678.34,15674.19,19375.93,19368.21,19353.78,23171.36,23165.69,23160.03
0.02140.3Black Belt,-7201.25,-7201.25,-7201.25,-7201.25,-7201.25,-7201.25,-4776.59,-4778.13,-4781.02,-4397.73,-4398.87,-4400,-1545.26,-1548.87,-1555.6,-660.49,-663.13,-665.77,1686.82,1681.16,1670.58,3077.01,3072.86,3068.71,4918.89,4911.17,4896.74,6814.5,6808.83,6803.17
0.03140.3Black Belt,-7201.25,-7201.25,-7201.25,-7201.25,-7201.25,-7201.25,-3559.47,-3561.01,-3563.9,-2990.76,-2991.9,-2993.03,1293.91,1290.3,1283.57,2622.05,2619.41,2616.77,6148.42,6142.76,6132.18,8235.25,8231.1,8226.95,11002.91,10995.19,10980.76,13848.43,13842.76,13837.1
0.04140.3Black Belt,-7201.25,-7201.25,-7201.25,-7201.25,-7201.25,-7201.25,-2342.35,-2343.89,-2346.78,-1583.79,-1584.93,-1586.06,4133.08,4129.47,4122.74,5904.59,5901.95,5899.31,10610.02,10604.36,10593.78,13393.49,13389.34,13385.19,17086.93,17079.21,17064.78,20882.36,20876.69,20871.03
0.02170.3Black Belt,-9490.25,-9490.25,-9490.25,-9490.25,-9490.25,-9490.25,-7065.59,-7067.13,-7070.02,-6686.73,-6687.87,-6689,-3834.26,-3837.87,-3844.6,-2949.49,-2952.13,-2954.77,-602.18,-607.84,-618.42,788.01,783.86,779.71,2629.89,2622.17,2607.74,4525.5,4519.83,4514.17
0.03170.3Black Belt,-9490.25,-9490.25,-9490.25,-9490.25,-9490.25,-9490.25,-5848.47,-5850.01,-5852.9,-5279.76,-5280.9,-5282.03,-995.09,-998.7,-1005.43,333.05,330.41,327.77,3859.42,3853.76,3843.18,5946.25,5942.1,5937.95,8713.91,8706.19,8691.76,11559.43,11553.76,11548.1
0.04170.3Black Belt,-9490.25,-9490.25,-9490.25,-9490.25,-9490.25,-9490.25,-4631.35,-4632.89,-4635.78,-3872.79,-3873.93,-3875.06,1844.08,1840.47,1833.74,3615.59,3612.95,3610.31,8321.02,8315.36,8304.78,11104.49,11100.34,11096.19,14797.93,14790.21,14775.78,18593.36,18587.69,18582.03
0.02110.5Black Belt,-3508.75,-3508.75,-3508.75,-3508.75,-3508.75,-3508.75,-1084.09,-1085.63,-1088.52,-705.23,-706.37,-707.5,2147.24,2143.63,2136.9,3032.01,3029.37,3026.73,5379.32,5373.66,5363.08,6769.51,6765.36,6761.21,8611.39,8603.67,8589.24,10507,10501.33,10495.67
0.03110.5Black Belt,-3508.75,-3508.75,-3508.75,-3508.75,-3508.75,-3508.75,133.03,131.49,128.6,701.74,700.6,699.47,4986.41,4982.8,4976.07,6314.55,6311.91,6309.27,9840.92,9835.26,9824.68,11927.75,11923.6,11919.45,14695.41,14687.69,14673.26,17540.93,17535.26,17529.6
0.04110.5Black Belt,-3508.75,-3508.75,-3508.75,-3508.75,-3508.75,-3508.75,1350.15,1348.61,1345.72,2108.71,2107.57,2106.44,7825.58,7821.97,7815.24,9597.09,9594.45,9591.81,14302.52,14296.86,14286.28,17085.99,17081.84,17077.69,20779.43,20771.71,20757.28,24574.86,24569.19,24563.53
0.02140.5Black Belt,-5143.75,-5143.75,-5143.75,-5143.75,-5143.75,-5143.75,-2719.09,-2720.63,-2723.52,-2340.23,-2341.37,-2342.5,512.24,508.63,501.9,1397.01,1394.37,1391.73,3744.32,3738.66,3728.08,5134.51,5130.36,5126.21,6976.39,6968.67,6954.24,8872,8866.33,8860.67
0.03140.5Black Belt,-5143.75,-5143.75,-5143.75,-5143.75,-5143.75,-5143.75,-1501.97,-1503.51,-1506.4,-933.26,-934.4,-935.53,3351.41,3347.8,3341.07,4679.55,4676.91,4674.27,8205.92,8200.26,8189.68,10292.75,10288.6,10284.45,13060.41,13052.69,13038.26,15905.93,15900.26,15894.6
0.04140.5Black Belt,-5143.75,-5143.75,-5143.75,-5143.75,-5143.75,-5143.75,-284.85,-286.39,-289.28,473.71,472.57,471.44,6190.58,6186.97,6180.24,7962.09,7959.45,7956.81,12667.52,12661.86,12651.28,15450.99,15446.84,15442.69,19144.43,19136.71,19122.28,22939.86,22934.19,22928.53
0.02170.5Black Belt,-6778.75,-6778.75,-6778.75,-6778.75,-6778.75,-6778.75,-4354.09,-4355.63,-4358.52,-3975.23,-3976.37,-3977.5,-1122.76,-1126.37,-1133.1,-237.99,-240.63,-243.27,2109.32,2103.66,2093.08,3499.51,3495.36,3491.21,5341.39,5333.67,5319.24,7237,7231.33,7225.67
0.03170.5Black Belt,-6778.75,-6778.75,-6778.75,-6778.75,-6778.75,-6778.75,-3136.97,-3138.51,-3141.4,-2568.26,-2569.4,-2570.53,1716.41,1712.8,1706.07,3044.55,3041.91,3039.27,6570.92,6565.26,6554.68,8657.75,8653.6,8649.45,11425.41,11417.69,11403.26,14270.93,14265.26,14259.6
0.04170.5Black Belt,-6778.75,-6778.75,-6778.75,-6778.75,-6778.75,-6778.75,-1919.85,-1921.39,-1924.28,-1161.29,-1162.43,-1163.56,4555.58,4551.97,4545.24,6327.09,6324.45,6321.81,11032.52,11026.86,11016.28,13815.99,13811.84,13807.69,17509.43,17501.71,17487.28,21304.86,21299.19,21293.53
0.02110.7Black Belt,-2105.25,-2105.25,-2105.25,-2105.25,-2105.25,-2105.25,319.41,317.87,314.98,698.27,697.13,696,3550.74,3547.13,3540.4,4435.51,4432.87,4430.23,6782.82,6777.16,6766.58,8173.01,8168.86,8164.71,10014.89,10007.17,9992.74,11910.5,11904.83,11899.17
0.03110.7Black Belt,-2105.25,-2105.25,-2105.25,-2105.25,-2105.25,-2105.25,1536.53,1534.99,1532.1,2105.24,2104.1,2102.97,6389.91,6386.3,6379.57,7718.05,7715.41,7712.77,11244.42,11238.76,11228.18,13331.25,13327.1,13322.95,16098.91,16091.19,16076.76,18944.43,18938.76,18933.1
0.04110.7Black Belt,-2105.25,-2105.25,-2105.25,-2105.25,-2105.25,-2105.25,2753.65,2752.11,2749.22,3512.21,3511.07,3509.94,9229.08,9225.47,9218.74,11000.59,10997.95,10995.31,15706.02,15700.36,15689.78,18489.49,18485.34,18481.19,22182.93,22175.21,22160.78,25978.36,25972.69,25967.03
0.02140.7Black Belt,-3086.25,-3086.25,-3086.25,-3086.25,-3086.25,-3086.25,-661.59,-663.13,-666.02,-282.73,-283.87,-285,2569.74,2566.13,2559.4,3454.51,3451.87,3449.23,5801.82,5796.16,5785.58,7192.01,7187.86,7183.71,9033.89,9026.17,9011.74,10929.5,10923.83,10918.17
0.03140.7Black Belt,-3086.25,-3086.25,-3086.25,-3086.25,-3086.25,-3086.25,555.53,553.99,551.1,1124.24,1123.1,1121.97,5408.91,5405.3,5398.57,6737.05,6734.41,6731.77,10263.42,10257.76,10247.18,12350.25,12346.1,12341.95,15117.91,15110.19,15095.76,17963.43,17957.76,17952.1
0.04140.7Black Belt,-3086.25,-3086.25,-3086.25,-3086.25,-3086.25,-3086.25,1772.65,1771.11,1768.22,2531.21,2530.07,2528.94,8248.08,8244.47,8237.74,10019.59,10016.95,10014.31,14725.02,14719.36,14708.78,17508.49,17504.34,17500.19,21201.93,21194.21,21179.78,24997.36,24991.69,24986.03
0.02170.7Black Belt,-4067.25,-4067.25,-4067.25,-4067.25,-4067.25,-4067.25,-1642.59,-1644.13,-1647.02,-1263.73,-1264.87,-1266,1588.74,1585.13,1578.4,2473.51,2470.87,2468.23,4820.82,4815.16,4804.58,6211.01,6206.86,6202.71,8052.89,8045.17,8030.74,9948.5,9942.83,9937.17
0.03170.7Black Belt,-4067.25,-4067.25,-4067.25,-4067.25,-4067.25,-4067.25,-425.47,-427.01,-429.9,143.24,142.1,140.97,4427.91,4424.3,4417.57,5756.05,5753.41,5750.77,9282.42,9276.76,9266.18,11369.25,11365.1,11360.95,14136.91,14129.19,14114.76,16982.43,16976.76,16971.1
0.04170.7Black Belt,-4067.25,-4067.25,-4067.25,-4067.25,-4067.25,-4067.25,791.65,790.11,787.22,1550.21,1549.07,1547.94,7267.08,7263.47,7256.74,9038.59,9035.95,9033.31,13744.02,13738.36,13727.78,16527.49,16523.34,16519.19,20220.93,20213.21,20198.78,24016.36,24010.69,24005.03
0.02111.0Black Belt,0,0,0,0,0,0,2424.66,2423.12,2420.23,2803.52,2802.38,2801.25,5655.99,5652.38,5645.65,6540.76,6538.12,6535.48,8888.07,8882.41,8871.83,10278.26,10274.11,10269.96,12120.14,12112.42,12097.99,14015.75,14010.08,14004.42
0.03111.0Black Belt,0,0,0,0,0,0,3641.78,3640.24,3637.35,4210.49,4209.35,4208.22,8495.16,8491.55,8484.82,9823.3,9820.66,9818.02,13349.67,13344.01,13333.43,15436.5,15432.35,15428.2,18204.16,18196.44,18182.01,21049.68,21044.01,21038.35
0.04111.0Black Belt,0,0,0,0,0,0,4858.9,4857.36,4854.47,5617.46,5616.32,5615.19,11334.33,11330.72,11323.99,13105.84,13103.2,13100.56,17811.27,17805.61,17795.03,20594.74,20590.59,20586.44,24288.18,24280.46,24266.03,28083.61,28077.94,28072.28
0.02141.0Black Belt,0,0,0,0,0,0,2424.66,2423.12,2420.23,2803.52,2802.38,2801.25,5655.99,5652.38,5645.65,6540.76,6538.12,6535.48,8888.07,8882.41,8871.83,10278.26,10274.11,10269.96,12120.14,12112.42,12097.99,14015.75,14010.08,14004.42
0.03141.0Black Belt,0,0,0,0,0,0,3641.78,3640.24,3637.35,4210.49,4209.35,4208.22,8495.16,8491.55,8484.82,9823.3,9820.66,9818.02,13349.67,13344.01,13333.43,15436.5,15432.35,15428.2,18204.16,18196.44,18182.01,21049.68,21044.01,21038.35
0.04141.0Black Belt,0,0,0,0,0,0,4858.9,4857.36,4854.47,5617.46,5616.32,5615.19,11334.33,11330.72,11323.99,13105.84,13103.2,13100.56,17811.27,17805.61,17795.03,20594.74,20590.59,20586.44,24288.18,24280.46,24266.03,28083.61,28077.94,28072.28
0.02171.0Black Belt,0,0,0,0,0,0,2424.66,2423.12,2420.23,2803.52,2802.38,2801.25,5655.99,5652.38,5645.65,6540.76,6538.12,6535.48,8888.07,8882.41,8871.83,10278.26,10274.11,10269.96,12120.14,12112.42,12097.99,14015.75,14010.08,14004.42
0.03171.0Black Belt,0,0,0,0,0,0,3641.78,3640.24,3637.35,4210.49,4209.35,4208.22,8495.16,8491.55,8484.82,9823.3,9820.66,9818.02,13349.67,13344.01,13333.43,15436.5,15432.35,15428.2,18204.16,18196.44,18182.01,21049.68,21044.01,21038.35
0.04171.0Black Belt,0,0,0,0,0,0,4858.9,4857.36,4854.47,5617.46,5616.32,5615.19,11334.33,11330.72,11323.99,13105.84,13103.2,13100.56,17811.27,17805.61,17795.03,20594.74,20590.59,20586.44,24288.18,24280.46,24266.03,28083.61,28077.94,28072.28
0.02111.2Black Belt,1403.5,1403.5,1403.5,1403.5,1403.5,1403.5,3828.16,3826.62,3823.73,4207.02,4205.88,4204.75,7059.49,7055.88,7049.15,7944.26,7941.62,7938.98,10291.57,10285.91,10275.33,11681.76,11677.61,11673.46,13523.64,13515.92,13501.49,15419.25,15413.58,15407.92
0.03111.2Black Belt,1403.5,1403.5,1403.5,1403.5,1403.5,1403.5,5045.28,5043.74,5040.85,5613.99,5612.85,5611.72,9898.66,9895.05,9888.32,11226.8,11224.16,11221.52,14753.17,14747.51,14736.93,16840,16835.85,16831.7,19607.66,19599.94,19585.51,22453.18,22447.51,22441.85
0.04111.2Black Belt,1403.5,1403.5,1403.5,1403.5,1403.5,1403.5,6262.4,6260.86,6257.97,7020.96,7019.82,7018.69,12737.83,12734.22,12727.49,14509.34,14506.7,14504.06,19214.77,19209.11,19198.53,21998.24,21994.09,21989.94,25691.68,25683.96,25669.53,29487.11,29481.44,29475.78
0.02141.2Black Belt,2057.5,2057.5,2057.5,2057.5,2057.5,2057.5,4482.16,4480.62,4477.73,4861.02,4859.88,4858.75,7713.49,7709.88,7703.15,8598.26,8595.62,8592.98,10945.57,10939.91,10929.33,12335.76,12331.61,12327.46,14177.64,14169.92,14155.49,16073.25,16067.58,16061.92
0.03141.2Black Belt,2057.5,2057.5,2057.5,2057.5,2057.5,2057.5,5699.28,5697.74,5694.85,6267.99,6266.85,6265.72,10552.66,10549.05,10542.32,11880.8,11878.16,11875.52,15407.17,15401.51,15390.93,17494,17489.85,17485.7,20261.66,20253.94,20239.51,23107.18,23101.51,23095.85
0.04141.2Black Belt,2057.5,2057.5,2057.5,2057.5,2057.5,2057.5,6916.4,6914.86,6911.97,7674.96,7673.82,7672.69,13391.83,13388.22,13381.49,15163.34,15160.7,15158.06,19868.77,19863.11,19852.53,22652.24,22648.09,22643.94,26345.68,26337.96,26323.53,30141.11,30135.44,30129.78
0.02171.2Black Belt,2711.5,2711.5,2711.5,2711.5,2711.5,2711.5,5136.16,5134.62,5131.73,5515.02,5513.88,5512.75,8367.49,8363.88,8357.15,9252.26,9249.62,9246.98,11599.57,11593.91,11583.33,12989.76,12985.61,12981.46,14831.64,14823.92,14809.49,16727.25,16721.58,16715.92
0.03171.2Black Belt,2711.5,2711.5,2711.5,2711.5,2711.5,2711.5,6353.28,6351.74,6348.85,6921.99,6920.85,6919.72,11206.66,11203.05,11196.32,12534.8,12532.16,12529.52,16061.17,16055.51,16044.93,18148,18143.85,18139.7,20915.66,20907.94,20893.51,23761.18,23755.51,23749.85
0.04171.2Black Belt,2711.5,2711.5,2711.5,2711.5,2711.5,2711.5,7570.4,7568.86,7565.97,8328.96,8327.82,8326.69,14045.83,14042.22,14035.49,15817.34,15814.7,15812.06,20522.77,20517.11,20506.53,23306.24,23302.09,23297.94,26999.68,26991.96,26977.53,30795.11,30789.44,30783.78
0.02111.5Black Belt,3508.75,3508.75,3508.75,3508.75,3508.75,3508.75,5933.41,5931.87,5928.98,6312.27,6311.13,6310,9164.74,9161.13,9154.4,10049.51,10046.87,10044.23,12396.82,12391.16,12380.58,13787.01,13782.86,13778.71,15628.89,15621.17,15606.74,17524.5,17518.83,17513.17
0.03111.5Black Belt,3508.75,3508.75,3508.75,3508.75,3508.75,3508.75,7150.53,7148.99,7146.1,7719.24,7718.1,7716.97,12003.91,12000.3,11993.57,13332.05,13329.41,13326.77,16858.42,16852.76,16842.18,18945.25,18941.1,18936.95,21712.91,21705.19,21690.76,24558.43,24552.76,24547.1
0.04111.5Black Belt,3508.75,3508.75,3508.75,3508.75,3508.75,3508.75,8367.65,8366.11,8363.22,9126.21,9125.07,9123.94,14843.08,14839.47,14832.74,16614.59,16611.95,16609.31,21320.02,21314.36,21303.78,24103.49,24099.34,24095.19,27796.93,27789.21,27774.78,31592.36,31586.69,31581.03
0.02141.5Black Belt,5143.75,5143.75,5143.75,5143.75,5143.75,5143.75,7568.41,7566.87,7563.98,7947.27,7946.13,7945,10799.74,10796.13,10789.4,11684.51,11681.87,11679.23,14031.82,14026.16,14015.58,15422.01,15417.86,15413.71,17263.89,17256.17,17241.74,19159.5,19153.83,19148.17
0.03141.5Black Belt,5143.75,5143.75,5143.75,5143.75,5143.75,5143.75,8785.53,8783.99,8781.1,9354.24,9353.1,9351.97,13638.91,13635.3,13628.57,14967.05,14964.41,14961.77,18493.42,18487.76,18477.18,20580.25,20576.1,20571.95,23347.91,23340.19,23325.76,26193.43,26187.76,26182.1
0.04141.5Black Belt,5143.75,5143.75,5143.75,5143.75,5143.75,5143.75,10002.65,10001.11,9998.22,10761.21,10760.07,10758.94,16478.08,16474.47,16467.74,18249.59,18246.95,18244.31,22955.02,22949.36,22938.78,25738.49,25734.34,25730.19,29431.93,29424.21,29409.78,33227.36,33221.69,33216.03
0.02171.5Black Belt,6778.75,6778.75,6778.75,6778.75,6778.75,6778.75,9203.41,9201.87,9198.98,9582.27,9581.13,9580,12434.74,12431.13,12424.4,13319.51,13316.87,13314.23,15666.82,15661.16,15650.58,17057.01,17052.86,17048.71,18898.89,18891.17,18876.74,20794.5,20788.83,20783.17
0.03171.5Black Belt,6778.75,6778.75,6778.75,6778.75,6778.75,6778.75,10420.53,10418.99,10416.1,10989.24,10988.1,10986.97,15273.91,15270.3,15263.57,16602.05,16599.41,16596.77,20128.42,20122.76,20112.18,22215.25,22211.1,22206.95,24982.91,24975.19,24960.76,27828.43,27822.76,27817.1
0.04171.5Black Belt,6778.75,6778.75,6778.75,6778.75,6778.75,6778.75,11637.65,11636.11,11633.22,12396.21,12395.07,12393.94,18113.08,18109.47,18102.74,19884.59,19881.95,19879.31,24590.02,24584.36,24573.78,27373.49,27369.34,27365.19,31066.93,31059.21,31044.78,34862.36,34856.69,34851.03
0.02111.8Black Belt,5614,5614,5614,5614,5614,5614,8038.66,8037.12,8034.23,8417.52,8416.38,8415.25,11269.99,11266.38,11259.65,12154.76,12152.12,12149.48,14502.07,14496.41,14485.83,15892.26,15888.11,15883.96,17734.14,17726.42,17711.99,19629.75,19624.08,19618.42
0.03111.8Black Belt,5614,5614,5614,5614,5614,5614,9255.78,9254.24,9251.35,9824.49,9823.35,9822.22,14109.16,14105.55,14098.82,15437.3,15434.66,15432.02,18963.67,18958.01,18947.43,21050.5,21046.35,21042.2,23818.16,23810.44,23796.01,26663.68,26658.01,26652.35
0.04111.8Black Belt,5614,5614,5614,5614,5614,5614,10472.9,10471.36,10468.47,11231.46,11230.32,11229.19,16948.33,16944.72,16937.99,18719.84,18717.2,18714.56,23425.27,23419.61,23409.03,26208.74,26204.59,26200.44,29902.18,29894.46,29880.03,33697.61,33691.94,33686.28
0.02141.8Black Belt,8230,8230,8230,8230,8230,8230,10654.66,10653.12,10650.23,11033.52,11032.38,11031.25,13885.99,13882.38,13875.65,14770.76,14768.12,14765.48,17118.07,17112.41,17101.83,18508.26,18504.11,18499.96,20350.14,20342.42,20327.99,22245.75,22240.08,22234.42
0.03141.8Black Belt,8230,8230,8230,8230,8230,8230,11871.78,11870.24,11867.35,12440.49,12439.35,12438.22,16725.16,16721.55,16714.82,18053.3,18050.66,18048.02,21579.67,21574.01,21563.43,23666.5,23662.35,23658.2,26434.16,26426.44,26412.01,29279.68,29274.01,29268.35
0.04141.8Black Belt,8230,8230,8230,8230,8230,8230,13088.9,13087.36,13084.47,13847.46,13846.32,13845.19,19564.33,19560.72,19553.99,21335.84,21333.2,21330.56,26041.27,26035.61,26025.03,28824.74,28820.59,28816.44,32518.18,32510.46,32496.03,36313.61,36307.94,36302.28
0.02171.8Black Belt,10846,10846,10846,10846,10846,10846,13270.66,13269.12,13266.23,13649.52,13648.38,13647.25,16501.99,16498.38,16491.65,17386.76,17384.12,17381.48,19734.07,19728.41,19717.83,21124.26,21120.11,21115.96,22966.14,22958.42,22943.99,24861.75,24856.08,24850.42
0.03171.8Black Belt,10846,10846,10846,10846,10846,10846,14487.78,14486.24,14483.35,15056.49,15055.35,15054.22,19341.16,19337.55,19330.82,20669.3,20666.66,20664.02,24195.67,24190.01,24179.43,26282.5,26278.35,26274.2,29050.16,29042.44,29028.01,31895.68,31890.01,31884.35
0.04171.8Black Belt,10846,10846,10846,10846,10846,10846,15704.9,15703.36,15700.47,16463.46,16462.32,16461.19,22180.33,22176.72,22169.99,23951.84,23949.2,23946.56,28657.27,28651.61,28641.03,31440.74,31436.59,31432.44,35134.18,35126.46,35112.03,38929.61,38923.94,38918.28
0.02112.0Black Belt,7017.5,7017.5,7017.5,7017.5,7017.5,7017.5,9442.16,9440.62,9437.73,9821.02,9819.88,9818.75,12673.49,12669.88,12663.15,13558.26,13555.62,13552.98,15905.57,15899.91,15889.33,17295.76,17291.61,17287.46,19137.64,19129.92,19115.49,21033.25,21027.58,21021.92
0.03112.0Black Belt,7017.5,7017.5,7017.5,7017.5,7017.5,7017.5,10659.28,10657.74,10654.85,11227.99,11226.85,11225.72,15512.66,15509.05,15502.32,16840.8,16838.16,16835.52,20367.17,20361.51,20350.93,22454,22449.85,22445.7,25221.66,25213.94,25199.51,28067.18,28061.51,28055.85
0.04112.0Black Belt,7017.5,7017.5,7017.5,7017.5,7017.5,7017.5,11876.4,11874.86,11871.97,12634.96,12633.82,12632.69,18351.83,18348.22,18341.49,20123.34,20120.7,20118.06,24828.77,24823.11,24812.53,27612.24,27608.09,27603.94,31305.68,31297.96,31283.53,35101.11,35095.44,35089.78
0.02142.0Black Belt,10287.5,10287.5,10287.5,10287.5,10287.5,10287.5,12712.16,12710.62,12707.73,13091.02,13089.88,13088.75,15943.49,15939.88,15933.15,16828.26,16825.62,16822.98,19175.57,19169.91,19159.33,20565.76,20561.61,20557.46,22407.64,22399.92,22385.49,24303.25,24297.58,24291.92
0.03142.0Black Belt,10287.5,10287.5,10287.5,10287.5,10287.5,10287.5,13929.28,13927.74,13924.85,14497.99,14496.85,14495.72,18782.66,18779.05,18772.32,20110.8,20108.16,20105.52,23637.17,23631.51,23620.93,25724,25719.85,25715.7,28491.66,28483.94,28469.51,31337.18,31331.51,31325.85
0.04142.0Black Belt,10287.5,10287.5,10287.5,10287.5,10287.5,10287.5,15146.4,15144.86,15141.97,15904.96,15903.82,15902.69,21621.83,21618.22,21611.49,23393.34,23390.7,23388.06,28098.77,28093.11,28082.53,30882.24,30878.09,30873.94,34575.68,34567.96,34553.53,38371.11,38365.44,38359.78
0.02172.0Black Belt,13557.5,13557.5,13557.5,13557.5,13557.5,13557.5,15982.16,15980.62,15977.73,16361.02,16359.88,16358.75,19213.49,19209.88,19203.15,20098.26,20095.62,20092.98,22445.57,22439.91,22429.33,23835.76,23831.61,23827.46,25677.64,25669.92,25655.49,27573.25,27567.58,27561.92
0.03172.0Black Belt,13557.5,13557.5,13557.5,13557.5,13557.5,13557.5,17199.28,17197.74,17194.85,17767.99,17766.85,17765.72,22052.66,22049.05,22042.32,23380.8,23378.16,23375.52,26907.17,26901.51,26890.93,28994,28989.85,28985.7,31761.66,31753.94,31739.51,34607.18,34601.51,34595.85
0.04172.0Black Belt,13557.5,13557.5,13557.5,13557.5,13557.5,13557.5,18416.4,18414.86,18411.97,19174.96,19173.82,19172.69,24891.83,24888.22,24881.49,26663.34,26660.7,26658.06,31368.77,31363.11,31352.53,34152.24,34148.09,34143.94,37845.68,37837.96,37823.53,41641.11,41635.44,41629.78
0.02110.1Southern,-6315.75,-6315.75,-6315.75,-6315.75,-6315.75,-6315.75,-3871.39,-3872.93,-3875.82,-3474.31,-3475.45,-3476.58,-613.64,-617.25,-623.98,313.49,310.85,308.21,2644.78,2639.12,2628.54,4101.55,4097.4,4093.25,5903.19,5895.47,5881.04,7889.6,7883.93,7878.27
0.03110.1Southern,-6315.75,-6315.75,-6315.75,-6315.75,-6315.75,-6315.75,-2644.42,-2645.96,-2648.85,-2048.38,-2049.52,-2050.65,2248.59,2244.98,2238.25,3640.27,3637.63,3634.99,7142.61,7136.95,7126.37,9329.31,9325.16,9321.01,12036.61,12028.89,12014.46,15018.33,15012.66,15007
0.04110.1Southern,-6315.75,-6315.75,-6315.75,-6315.75,-6315.75,-6315.75,-1417.45,-1418.99,-1421.88,-622.45,-623.59,-624.72,5110.82,5107.21,5100.48,6967.05,6964.41,6961.77,11640.44,11634.78,11624.2,14557.07,14552.92,14548.77,18170.03,18162.31,18147.88,22147.06,22141.39,22135.73
0.02140.1Southern,-9258.75,-9258.75,-9258.75,-9258.75,-9258.75,-9258.75,-6814.39,-6815.93,-6818.82,-6417.31,-6418.45,-6419.58,-3556.64,-3560.25,-3566.98,-2629.51,-2632.15,-2634.79,-298.22,-303.88,-314.46,1158.55,1154.4,1150.25,2960.19,2952.47,2938.04,4946.6,4940.93,4935.27
0.03140.1Southern,-9258.75,-9258.75,-9258.75,-9258.75,-9258.75,-9258.75,-5587.42,-5588.96,-5591.85,-4991.38,-4992.52,-4993.65,-694.41,-698.02,-704.75,697.27,694.63,691.99,4199.61,4193.95,4183.37,6386.31,6382.16,6378.01,9093.61,9085.89,9071.46,12075.33,12069.66,12064
0.04140.1Southern,-9258.75,-9258.75,-9258.75,-9258.75,-9258.75,-9258.75,-4360.45,-4361.99,-4364.88,-3565.45,-3566.59,-3567.72,2167.82,2164.21,2157.48,4024.05,4021.41,4018.77,8697.44,8691.78,8681.2,11614.07,11609.92,11605.77,15227.03,15219.31,15204.88,19204.06,19198.39,19192.73
0.02170.1Southern,-12201.75,-12201.75,-12201.75,-12201.75,-12201.75,-12201.75,-9757.39,-9758.93,-9761.82,-9360.31,-9361.45,-9362.58,-6499.64,-6503.25,-6509.98,-5572.51,-5575.15,-5577.79,-3241.22,-3246.88,-3257.46,-1784.45,-1788.6,-1792.75,17.19,9.47,-4.96,2003.6,1997.93,1992.27
0.03170.1Southern,-12201.75,-12201.75,-12201.75,-12201.75,-12201.75,-12201.75,-8530.42,-8531.96,-8534.85,-7934.38,-7935.52,-7936.65,-3637.41,-3641.02,-3647.75,-2245.73,-2248.37,-2251.01,1256.61,1250.95,1240.37,3443.31,3439.16,3435.01,6150.61,6142.89,6128.46,9132.33,9126.66,9121
0.04170.1Southern,-12201.75,-12201.75,-12201.75,-12201.75,-12201.75,-12201.75,-7303.45,-7304.99,-7307.88,-6508.45,-6509.59,-6510.72,-775.18,-778.79,-785.52,1081.05,1078.41,1075.77,5754.44,5748.78,5738.2,8671.07,8666.92,8662.77,12284.03,12276.31,12261.88,16261.06,16255.39,16249.73
0.02110.3Southern,-4912.25,-4912.25,-4912.25,-4912.25,-4912.25,-4912.25,-2467.89,-2469.43,-2472.32,-2070.81,-2071.95,-2073.08,789.86,786.25,779.52,1716.99,1714.35,1711.71,4048.28,4042.62,4032.04,5505.05,5500.9,5496.75,7306.69,7298.97,7284.54,9293.1,9287.43,9281.77
0.03110.3Southern,-4912.25,-4912.25,-4912.25,-4912.25,-4912.25,-4912.25,-1240.92,-1242.46,-1245.35,-644.88,-646.02,-647.15,3652.09,3648.48,3641.75,5043.77,5041.13,5038.49,8546.11,8540.45,8529.87,10732.81,10728.66,10724.51,13440.11,13432.39,13417.96,16421.83,16416.16,16410.5
0.04110.3Southern,-4912.25,-4912.25,-4912.25,-4912.25,-4912.25,-4912.25,-13.95,-15.49,-18.38,781.05,779.91,778.78,6514.32,6510.71,6503.98,8370.55,8367.91,8365.27,13043.94,13038.28,13027.7,15960.57,15956.42,15952.27,19573.53,19565.81,19551.38,23550.56,23544.89,23539.23
0.02140.3Southern,-7201.25,-7201.25,-7201.25,-7201.25,-7201.25,-7201.25,-4756.89,-4758.43,-4761.32,-4359.81,-4360.95,-4362.08,-1499.14,-1502.75,-1509.48,-572.01,-574.65,-577.29,1759.28,1753.62,1743.04,3216.05,3211.9,3207.75,5017.69,5009.97,4995.54,7004.1,6998.43,6992.77
0.03140.3Southern,-7201.25,-7201.25,-7201.25,-7201.25,-7201.25,-7201.25,-3529.92,-3531.46,-3534.35,-2933.88,-2935.02,-2936.15,1363.09,1359.48,1352.75,2754.77,2752.13,2749.49,6257.11,6251.45,6240.87,8443.81,8439.66,8435.51,11151.11,11143.39,11128.96,14132.83,14127.16,14121.5
0.04140.3Southern,-7201.25,-7201.25,-7201.25,-7201.25,-7201.25,-7201.25,-2302.95,-2304.49,-2307.38,-1507.95,-1509.09,-1510.22,4225.32,4221.71,4214.98,6081.55,6078.91,6076.27,10754.94,10749.28,10738.7,13671.57,13667.42,13663.27,17284.53,17276.81,17262.38,21261.56,21255.89,21250.23
0.02170.3Southern,-9490.25,-9490.25,-9490.25,-9490.25,-9490.25,-9490.25,-7045.89,-7047.43,-7050.32,-6648.81,-6649.95,-6651.08,-3788.14,-3791.75,-3798.48,-2861.01,-2863.65,-2866.29,-529.72,-535.38,-545.96,927.05,922.9,918.75,2728.69,2720.97,2706.54,4715.1,4709.43,4703.77
0.03170.3Southern,-9490.25,-9490.25,-9490.25,-9490.25,-9490.25,-9490.25,-5818.92,-5820.46,-5823.35,-5222.88,-5224.02,-5225.15,-925.91,-929.52,-936.25,465.77,463.13,460.49,3968.11,3962.45,3951.87,6154.81,6150.66,6146.51,8862.11,8854.39,8839.96,11843.83,11838.16,11832.5
0.04170.3Southern,-9490.25,-9490.25,-9490.25,-9490.25,-9490.25,-9490.25,-4591.95,-4593.49,-4596.38,-3796.95,-3798.09,-3799.22,1936.32,1932.71,1925.98,3792.55,3789.91,3787.27,8465.94,8460.28,8449.7,11382.57,11378.42,11374.27,14995.53,14987.81,14973.38,18972.56,18966.89,18961.23
0.02110.5Southern,-3508.75,-3508.75,-3508.75,-3508.75,-3508.75,-3508.75,-1064.39,-1065.93,-1068.82,-667.31,-668.45,-669.58,2193.36,2189.75,2183.02,3120.49,3117.85,3115.21,5451.78,5446.12,5435.54,6908.55,6904.4,6900.25,8710.19,8702.47,8688.04,10696.6,10690.93,10685.27
0.03110.5Southern,-3508.75,-3508.75,-3508.75,-3508.75,-3508.75,-3508.75,162.58,161.04,158.15,758.62,757.48,756.35,5055.59,5051.98,5045.25,6447.27,6444.63,6441.99,9949.61,9943.95,9933.37,12136.31,12132.16,12128.01,14843.61,14835.89,14821.46,17825.33,17819.66,17814
0.04110.5Southern,-3508.75,-3508.75,-3508.75,-3508.75,-3508.75,-3508.75,1389.55,1388.01,1385.12,2184.55,2183.41,2182.28,7917.82,7914.21,7907.48,9774.05,9771.41,9768.77,14447.44,14441.78,14431.2,17364.07,17359.92,17355.77,20977.03,20969.31,20954.88,24954.06,24948.39,24942.73
0.02140.5Southern,-5143.75,-5143.75,-5143.75,-5143.75,-5143.75,-5143.75,-2699.39,-2700.93,-2703.82,-2302.31,-2303.45,-2304.58,558.36,554.75,548.02,1485.49,1482.85,1480.21,3816.78,3811.12,3800.54,5273.55,5269.4,5265.25,7075.19,7067.47,7053.04,9061.6,9055.93,9050.27
0.03140.5Southern,-5143.75,-5143.75,-5143.75,-5143.75,-5143.75,-5143.75,-1472.42,-1473.96,-1476.85,-876.38,-877.52,-878.65,3420.59,3416.98,3410.25,4812.27,4809.63,4806.99,8314.61,8308.95,8298.37,10501.31,10497.16,10493.01,13208.61,13200.89,13186.46,16190.33,16184.66,16179
0.04140.5Southern,-5143.75,-5143.75,-5143.75,-5143.75,-5143.75,-5143.75,-245.45,-246.99,-249.88,549.55,548.41,547.28,6282.82,6279.21,6272.48,8139.05,8136.41,8133.77,12812.44,12806.78,12796.2,15729.07,15724.92,15720.77,19342.03,19334.31,19319.88,23319.06,23313.39,23307.73
0.02170.5Southern,-6778.75,-6778.75,-6778.75,-6778.75,-6778.75,-6778.75,-4334.39,-4335.93,-4338.82,-3937.31,-3938.45,-3939.58,-1076.64,-1080.25,-1086.98,-149.51,-152.15,-154.79,2181.78,2176.12,2165.54,3638.55,3634.4,3630.25,5440.19,5432.47,5418.04,7426.6,7420.93,7415.27
0.03170.5Southern,-6778.75,-6778.75,-6778.75,-6778.75,-6778.75,-6778.75,-3107.42,-3108.96,-3111.85,-2511.38,-2512.52,-2513.65,1785.59,1781.98,1775.25,3177.27,3174.63,3171.99,6679.61,6673.95,6663.37,8866.31,8862.16,8858.01,11573.61,11565.89,11551.46,14555.33,14549.66,14544
0.04170.5Southern,-6778.75,-6778.75,-6778.75,-6778.75,-6778.75,-6778.75,-1880.45,-1881.99,-1884.88,-1085.45,-1086.59,-1087.72,4647.82,4644.21,4637.48,6504.05,6501.41,6498.77,11177.44,11171.78,11161.2,14094.07,14089.92,14085.77,17707.03,17699.31,17684.88,21684.06,21678.39,21672.73
0.02110.7Southern,-2105.25,-2105.25,-2105.25,-2105.25,-2105.25,-2105.25,339.11,337.57,334.68,736.19,735.05,733.92,3596.86,3593.25,3586.52,4523.99,4521.35,4518.71,6855.28,6849.62,6839.04,8312.05,8307.9,8303.75,10113.69,10105.97,10091.54,12100.1,12094.43,12088.77
0.03110.7Southern,-2105.25,-2105.25,-2105.25,-2105.25,-2105.25,-2105.25,1566.08,1564.54,1561.65,2162.12,2160.98,2159.85,6459.09,6455.48,6448.75,7850.77,7848.13,7845.49,11353.11,11347.45,11336.87,13539.81,13535.66,13531.51,16247.11,16239.39,16224.96,19228.83,19223.16,19217.5
0.04110.7Southern,-2105.25,-2105.25,-2105.25,-2105.25,-2105.25,-2105.25,2793.05,2791.51,2788.62,3588.05,3586.91,3585.78,9321.32,9317.71,9310.98,11177.55,11174.91,11172.27,15850.94,15845.28,15834.7,18767.57,18763.42,18759.27,22380.53,22372.81,22358.38,26357.56,26351.89,26346.23
0.02140.7Southern,-3086.25,-3086.25,-3086.25,-3086.25,-3086.25,-3086.25,-641.89,-643.43,-646.32,-244.81,-245.95,-247.08,2615.86,2612.25,2605.52,3542.99,3540.35,3537.71,5874.28,5868.62,5858.04,7331.05,7326.9,7322.75,9132.69,9124.97,9110.54,11119.1,11113.43,11107.77
0.03140.7Southern,-3086.25,-3086.25,-3086.25,-3086.25,-3086.25,-3086.25,585.08,583.54,580.65,1181.12,1179.98,1178.85,5478.09,5474.48,5467.75,6869.77,6867.13,6864.49,10372.11,10366.45,10355.87,12558.81,12554.66,12550.51,15266.11,15258.39,15243.96,18247.83,18242.16,18236.5
0.04140.7Southern,-3086.25,-3086.25,-3086.25,-3086.25,-3086.25,-3086.25,1812.05,1810.51,1807.62,2607.05,2605.91,2604.78,8340.32,8336.71,8329.98,10196.55,10193.91,10191.27,14869.94,14864.28,14853.7,17786.57,17782.42,17778.27,21399.53,21391.81,21377.38,25376.56,25370.89,25365.23
0.02170.7Southern,-4067.25,-4067.25,-4067.25,-4067.25,-4067.25,-4067.25,-1622.89,-1624.43,-1627.32,-1225.81,-1226.95,-1228.08,1634.86,1631.25,1624.52,2561.99,2559.35,2556.71,4893.28,4887.62,4877.04,6350.05,6345.9,6341.75,8151.69,8143.97,8129.54,10138.1,10132.43,10126.77
0.03170.7Southern,-4067.25,-4067.25,-4067.25,-4067.25,-4067.25,-4067.25,-395.92,-397.46,-400.35,200.12,198.98,197.85,4497.09,4493.48,4486.75,5888.77,5886.13,5883.49,9391.11,9385.45,9374.87,11577.81,11573.66,11569.51,14285.11,14277.39,14262.96,17266.83,17261.16,17255.5
0.04170.7Southern,-4067.25,-4067.25,-4067.25,-4067.25,-4067.25,-4067.25,831.05,829.51,826.62,1626.05,1624.91,1623.78,7359.32,7355.71,7348.98,9215.55,9212.91,9210.27,13888.94,13883.28,13872.7,16805.57,16801.42,16797.27,20418.53,20410.81,20396.38,24395.56,24389.89,24384.23
0.02111.0Southern,0,0,0,0,0,0,2444.36,2442.82,2439.93,2841.44,2840.3,2839.17,5702.11,5698.5,5691.77,6629.24,6626.6,6623.96,8960.53,8954.87,8944.29,10417.3,10413.15,10409,12218.94,12211.22,12196.79,14205.35,14199.68,14194.02
0.03111.0Southern,0,0,0,0,0,0,3671.33,3669.79,3666.9,4267.37,4266.23,4265.1,8564.34,8560.73,8554,9956.02,9953.38,9950.74,13458.36,13452.7,13442.12,15645.06,15640.91,15636.76,18352.36,18344.64,18330.21,21334.08,21328.41,21322.75
0.04111.0Southern,0,0,0,0,0,0,4898.3,4896.76,4893.87,5693.3,5692.16,5691.03,11426.57,11422.96,11416.23,13282.8,13280.16,13277.52,17956.19,17950.53,17939.95,20872.82,20868.67,20864.52,24485.78,24478.06,24463.63,28462.81,28457.14,28451.48
0.02141.0Southern,0,0,0,0,0,0,2444.36,2442.82,2439.93,2841.44,2840.3,2839.17,5702.11,5698.5,5691.77,6629.24,6626.6,6623.96,8960.53,8954.87,8944.29,10417.3,10413.15,10409,12218.94,12211.22,12196.79,14205.35,14199.68,14194.02
0.03141.0Southern,0,0,0,0,0,0,3671.33,3669.79,3666.9,4267.37,4266.23,4265.1,8564.34,8560.73,8554,9956.02,9953.38,9950.74,13458.36,13452.7,13442.12,15645.06,15640.91,15636.76,18352.36,18344.64,18330.21,21334.08,21328.41,21322.75
0.04141.0Southern,0,0,0,0,0,0,4898.3,4896.76,4893.87,5693.3,5692.16,5691.03,11426.57,11422.96,11416.23,13282.8,13280.16,13277.52,17956.19,17950.53,17939.95,20872.82,20868.67,20864.52,24485.78,24478.06,24463.63,28462.81,28457.14,28451.48
0.02171.0Southern,0,0,0,0,0,0,2444.36,2442.82,2439.93,2841.44,2840.3,2839.17,5702.11,5698.5,5691.77,6629.24,6626.6,6623.96,8960.53,8954.87,8944.29,10417.3,10413.15,10409,12218.94,12211.22,12196.79,14205.35,14199.68,14194.02
0.03171.0Southern,0,0,0,0,0,0,3671.33,3669.79,3666.9,4267.37,4266.23,4265.1,8564.34,8560.73,8554,9956.02,9953.38,9950.74,13458.36,13452.7,13442.12,15645.06,15640.91,15636.76,18352.36,18344.64,18330.21,21334.08,21328.41,21322.75
0.04171.0Southern,0,0,0,0,0,0,4898.3,4896.76,4893.87,5693.3,5692.16,5691.03,11426.57,11422.96,11416.23,13282.8,13280.16,13277.52,17956.19,17950.53,17939.95,20872.82,20868.67,20864.52,24485.78,24478.06,24463.63,28462.81,28457.14,28451.48
0.02111.2Southern,1403.5,1403.5,1403.5,1403.5,1403.5,1403.5,3847.86,3846.32,3843.43,4244.94,4243.8,4242.67,7105.61,7102,7095.27,8032.74,8030.1,8027.46,10364.03,10358.37,10347.79,11820.8,11816.65,11812.5,13622.44,13614.72,13600.29,15608.85,15603.18,15597.52
0.03111.2Southern,1403.5,1403.5,1403.5,1403.5,1403.5,1403.5,5074.83,5073.29,5070.4,5670.87,5669.73,5668.6,9967.84,9964.23,9957.5,11359.52,11356.88,11354.24,14861.86,14856.2,14845.62,17048.56,17044.41,17040.26,19755.86,19748.14,19733.71,22737.58,22731.91,22726.25
0.04111.2Southern,1403.5,1403.5,1403.5,1403.5,1403.5,1403.5,6301.8,6300.26,6297.37,7096.8,7095.66,7094.53,12830.07,12826.46,12819.73,14686.3,14683.66,14681.02,19359.69,19354.03,19343.45,22276.32,22272.17,22268.02,25889.28,25881.56,25867.13,29866.31,29860.64,29854.98
0.02141.2Southern,2057.5,2057.5,2057.5,2057.5,2057.5,2057.5,4501.86,4500.32,4497.43,4898.94,4897.8,4896.67,7759.61,7756,7749.27,8686.74,8684.1,8681.46,11018.03,11012.37,11001.79,12474.8,12470.65,12466.5,14276.44,14268.72,14254.29,16262.85,16257.18,16251.52
0.03141.2Southern,2057.5,2057.5,2057.5,2057.5,2057.5,2057.5,5728.83,5727.29,5724.4,6324.87,6323.73,6322.6,10621.84,10618.23,10611.5,12013.52,12010.88,12008.24,15515.86,15510.2,15499.62,17702.56,17698.41,17694.26,20409.86,20402.14,20387.71,23391.58,23385.91,23380.25
0.04141.2Southern,2057.5,2057.5,2057.5,2057.5,2057.5,2057.5,6955.8,6954.26,6951.37,7750.8,7749.66,7748.53,13484.07,13480.46,13473.73,15340.3,15337.66,15335.02,20013.69,20008.03,19997.45,22930.32,22926.17,22922.02,26543.28,26535.56,26521.13,30520.31,30514.64,30508.98
0.02171.2Southern,2711.5,2711.5,2711.5,2711.5,2711.5,2711.5,5155.86,5154.32,5151.43,5552.94,5551.8,5550.67,8413.61,8410,8403.27,9340.74,9338.1,9335.46,11672.03,11666.37,11655.79,13128.8,13124.65,13120.5,14930.44,14922.72,14908.29,16916.85,16911.18,16905.52
0.03171.2Southern,2711.5,2711.5,2711.5,2711.5,2711.5,2711.5,6382.83,6381.29,6378.4,6978.87,6977.73,6976.6,11275.84,11272.23,11265.5,12667.52,12664.88,12662.24,16169.86,16164.2,16153.62,18356.56,18352.41,18348.26,21063.86,21056.14,21041.71,24045.58,24039.91,24034.25
0.04171.2Southern,2711.5,2711.5,2711.5,2711.5,2711.5,2711.5,7609.8,7608.26,7605.37,8404.8,8403.66,8402.53,14138.07,14134.46,14127.73,15994.3,15991.66,15989.02,20667.69,20662.03,20651.45,23584.32,23580.17,23576.02,27197.28,27189.56,27175.13,31174.31,31168.64,31162.98
0.02111.5Southern,3508.75,3508.75,3508.75,3508.75,3508.75,3508.75,5953.11,5951.57,5948.68,6350.19,6349.05,6347.92,9210.86,9207.25,9200.52,10137.99,10135.35,10132.71,12469.28,12463.62,12453.04,13926.05,13921.9,13917.75,15727.69,15719.97,15705.54,17714.1,17708.43,17702.77
0.03111.5Southern,3508.75,3508.75,3508.75,3508.75,3508.75,3508.75,7180.08,7178.54,7175.65,7776.12,7774.98,7773.85,12073.09,12069.48,12062.75,13464.77,13462.13,13459.49,16967.11,16961.45,16950.87,19153.81,19149.66,19145.51,21861.11,21853.39,21838.96,24842.83,24837.16,24831.5
0.04111.5Southern,3508.75,3508.75,3508.75,3508.75,3508.75,3508.75,8407.05,8405.51,8402.62,9202.05,9200.91,9199.78,14935.32,14931.71,14924.98,16791.55,16788.91,16786.27,21464.94,21459.28,21448.7,24381.57,24377.42,24373.27,27994.53,27986.81,27972.38,31971.56,31965.89,31960.23
0.02141.5Southern,5143.75,5143.75,5143.75,5143.75,5143.75,5143.75,7588.11,7586.57,7583.68,7985.19,7984.05,7982.92,10845.86,10842.25,10835.52,11772.99,11770.35,11767.71,14104.28,14098.62,14088.04,15561.05,15556.9,15552.75,17362.69,17354.97,17340.54,19349.1,19343.43,19337.77
0.03141.5Southern,5143.75,5143.75,5143.75,5143.75,5143.75,5143.75,8815.08,8813.54,8810.65,9411.12,9409.98,9408.85,13708.09,13704.48,13697.75,15099.77,15097.13,15094.49,18602.11,18596.45,18585.87,20788.81,20784.66,20780.51,23496.11,23488.39,23473.96,26477.83,26472.16,26466.5
0.04141.5Southern,5143.75,5143.75,5143.75,5143.75,5143.75,5143.75,10042.05,10040.51,10037.62,10837.05,10835.91,10834.78,16570.32,16566.71,16559.98,18426.55,18423.91,18421.27,23099.94,23094.28,23083.7,26016.57,26012.42,26008.27,29629.53,29621.81,29607.38,33606.56,33600.89,33595.23
0.02171.5Southern,6778.75,6778.75,6778.75,6778.75,6778.75,6778.75,9223.11,9221.57,9218.68,9620.19,9619.05,9617.92,12480.86,12477.25,12470.52,13407.99,13405.35,13402.71,15739.28,15733.62,15723.04,17196.05,17191.9,17187.75,18997.69,18989.97,18975.54,20984.1,20978.43,20972.77
0.03171.5Southern,6778.75,6778.75,6778.75,6778.75,6778.75,6778.75,10450.08,10448.54,10445.65,11046.12,11044.98,11043.85,15343.09,15339.48,15332.75,16734.77,16732.13,16729.49,20237.11,20231.45,20220.87,22423.81,22419.66,22415.51,25131.11,25123.39,25108.96,28112.83,28107.16,28101.5
0.04171.5Southern,6778.75,6778.75,6778.75,6778.75,6778.75,6778.75,11677.05,11675.51,11672.62,12472.05,12470.91,12469.78,18205.32,18201.71,18194.98,20061.55,20058.91,20056.27,24734.94,24729.28,24718.7,27651.57,27647.42,27643.27,31264.53,31256.81,31242.38,35241.56,35235.89,35230.23
0.02111.8Southern,5614,5614,5614,5614,5614,5614,8058.36,8056.82,8053.93,8455.44,8454.3,8453.17,11316.11,11312.5,11305.77,12243.24,12240.6,12237.96,14574.53,14568.87,14558.29,16031.3,16027.15,16023,17832.94,17825.22,17810.79,19819.35,19813.68,19808.02
0.03111.8Southern,5614,5614,5614,5614,5614,5614,9285.33,9283.79,9280.9,9881.37,9880.23,9879.1,14178.34,14174.73,14168,15570.02,15567.38,15564.74,19072.36,19066.7,19056.12,21259.06,21254.91,21250.76,23966.36,23958.64,23944.21,26948.08,26942.41,26936.75
0.04111.8Southern,5614,5614,5614,5614,5614,5614,10512.3,10510.76,10507.87,11307.3,11306.16,11305.03,17040.57,17036.96,17030.23,18896.8,18894.16,18891.52,23570.19,23564.53,23553.95,26486.82,26482.67,26478.52,30099.78,30092.06,30077.63,34076.81,34071.14,34065.48
0.02141.8Southern,8230,8230,8230,8230,8230,8230,10674.36,10672.82,10669.93,11071.44,11070.3,11069.17,13932.11,13928.5,13921.77,14859.24,14856.6,14853.96,17190.53,17184.87,17174.29,18647.3,18643.15,18639,20448.94,20441.22,20426.79,22435.35,22429.68,22424.02
0.03141.8Southern,8230,8230,8230,8230,8230,8230,11901.33,11899.79,11896.9,12497.37,12496.23,12495.1,16794.34,16790.73,16784,18186.02,18183.38,18180.74,21688.36,21682.7,21672.12,23875.06,23870.91,23866.76,26582.36,26574.64,26560.21,29564.08,29558.41,29552.75
0.04141.8Southern,8230,8230,8230,8230,8230,8230,13128.3,13126.76,13123.87,13923.3,13922.16,13921.03,19656.57,19652.96,19646.23,21512.8,21510.16,21507.52,26186.19,26180.53,26169.95,29102.82,29098.67,29094.52,32715.78,32708.06,32693.63,36692.81,36687.14,36681.48
0.02171.8Southern,10846,10846,10846,10846,10846,10846,13290.36,13288.82,13285.93,13687.44,13686.3,13685.17,16548.11,16544.5,16537.77,17475.24,17472.6,17469.96,19806.53,19800.87,19790.29,21263.3,21259.15,21255,23064.94,23057.22,23042.79,25051.35,25045.68,25040.02
0.03171.8Southern,10846,10846,10846,10846,10846,10846,14517.33,14515.79,14512.9,15113.37,15112.23,15111.1,19410.34,19406.73,19400,20802.02,20799.38,20796.74,24304.36,24298.7,24288.12,26491.06,26486.91,26482.76,29198.36,29190.64,29176.21,32180.08,32174.41,32168.75
0.04171.8Southern,10846,10846,10846,10846,10846,10846,15744.3,15742.76,15739.87,16539.3,16538.16,16537.03,22272.57,22268.96,22262.23,24128.8,24126.16,24123.52,28802.19,28796.53,28785.95,31718.82,31714.67,31710.52,35331.78,35324.06,35309.63,39308.81,39303.14,39297.48
0.02112.0Southern,7017.5,7017.5,7017.5,7017.5,7017.5,7017.5,9461.86,9460.32,9457.43,9858.94,9857.8,9856.67,12719.61,12716,12709.27,13646.74,13644.1,13641.46,15978.03,15972.37,15961.79,17434.8,17430.65,17426.5,19236.44,19228.72,19214.29,21222.85,21217.18,21211.52
0.03112.0Southern,7017.5,7017.5,7017.5,7017.5,7017.5,7017.5,10688.83,10687.29,10684.4,11284.87,11283.73,11282.6,15581.84,15578.23,15571.5,16973.52,16970.88,16968.24,20475.86,20470.2,20459.62,22662.56,22658.41,22654.26,25369.86,25362.14,25347.71,28351.58,28345.91,28340.25
0.04112.0Southern,7017.5,7017.5,7017.5,7017.5,7017.5,7017.5,11915.8,11914.26,11911.37,12710.8,12709.66,12708.53,18444.07,18440.46,18433.73,20300.3,20297.66,20295.02,24973.69,24968.03,24957.45,27890.32,27886.17,27882.02,31503.28,31495.56,31481.13,35480.31,35474.64,35468.98
0.02142.0Southern,10287.5,10287.5,10287.5,10287.5,10287.5,10287.5,12731.86,12730.32,12727.43,13128.94,13127.8,13126.67,15989.61,15986,15979.27,16916.74,16914.1,16911.46,19248.03,19242.37,19231.79,20704.8,20700.65,20696.5,22506.44,22498.72,22484.29,24492.85,24487.18,24481.52
0.03142.0Southern,10287.5,10287.5,10287.5,10287.5,10287.5,10287.5,13958.83,13957.29,13954.4,14554.87,14553.73,14552.6,18851.84,18848.23,18841.5,20243.52,20240.88,20238.24,23745.86,23740.2,23729.62,25932.56,25928.41,25924.26,28639.86,28632.14,28617.71,31621.58,31615.91,31610.25
0.04142.0Southern,10287.5,10287.5,10287.5,10287.5,10287.5,10287.5,15185.8,15184.26,15181.37,15980.8,15979.66,15978.53,21714.07,21710.46,21703.73,23570.3,23567.66,23565.02,28243.69,28238.03,28227.45,31160.32,31156.17,31152.02,34773.28,34765.56,34751.13,38750.31,38744.64,38738.98
0.02172.0Southern,13557.5,13557.5,13557.5,13557.5,13557.5,13557.5,16001.86,16000.32,15997.43,16398.94,16397.8,16396.67,19259.61,19256,19249.27,20186.74,20184.1,20181.46,22518.03,22512.37,22501.79,23974.8,23970.65,23966.5,25776.44,25768.72,25754.29,27762.85,27757.18,27751.52
0.03172.0Southern,13557.5,13557.5,13557.5,13557.5,13557.5,13557.5,17228.83,17227.29,17224.4,17824.87,17823.73,17822.6,22121.84,22118.23,22111.5,23513.52,23510.88,23508.24,27015.86,27010.2,26999.62,29202.56,29198.41,29194.26,31909.86,31902.14,31887.71,34891.58,34885.91,34880.25
0.04172.0Southern,13557.5,13557.5,13557.5,13557.5,13557.5,13557.5,18455.8,18454.26,18451.37,19250.8,19249.66,19248.53,24984.07,24980.46,24973.73,26840.3,26837.66,26835.02,31513.69,31508.03,31497.45,34430.32,34426.17,34422.02,38043.28,38035.56,38021.13,42020.31,42014.64,42008.98
