"","0.00Fixed4.6","0.00Fixed6.4","0.00Fixed8.2","0.00Tracking4.6","0.00Tracking6.4","0.00Tracking8.2","0.25Fixed4.6","0.25Fixed6.4","0.25Fixed8.2","0.25Tracking4.6","0.25Tracking6.4","0.25Tracking8.2","0.50Fixed4.6","0.50Fixed6.4","0.50Fixed8.2","0.50Tracking4.6","0.50Tracking6.4","0.50Tracking8.2","0.75Fixed4.6","0.75Fixed6.4","0.75Fixed8.2","0.75Tracking4.6","0.75Tracking6.4","0.75Tracking8.2","1.00Fixed4.6","1.00Fixed6.4","1.00Fixed8.2","1.00Tracking4.6","1.00Tracking6.4","1.00Tracking8.2"
"0.02170.1Northern",-8986.62,-8986.62,-8986.62,-8986.62,-8986.62,-8986.62,-6699.66,-6701.2,-6704.09,-6369.18,-6370.31,-6371.45,-3651.53,-3655.13,-3661.87,-2879.92,-2882.56,-2885.2,-602.81,-608.47,-619.05,609.57,605.41,601.26,2445.88,2438.16,2423.73,4099.05,4093.39,4087.72
"0.03170.1Northern",-8986.62,-8986.62,-8986.62,-8986.62,-8986.62,-8986.62,-5551.39,-5552.93,-5555.82,-5055.25,-5056.38,-5057.52,-972.81,-976.41,-983.15,185.59,182.95,180.31,3606.66,3601,3590.42,5426.77,5422.61,5418.46,8186.08,8178.36,8163.93,10667.94,10662.28,10656.61
"0.04170.1Northern",-8986.62,-8986.62,-8986.62,-8986.62,-8986.62,-8986.62,-4403.12,-4404.66,-4407.55,-3741.32,-3742.45,-3743.59,1705.91,1702.31,1695.57,3251.1,3248.46,3245.82,7816.13,7810.47,7799.89,10243.97,10239.81,10235.66,13926.28,13918.56,13904.13,17236.83,17231.17,17225.5
"0.02200.1Northern",-8578.62,-8578.62,-8578.62,-8578.62,-8578.62,-8578.62,-6291.66,-6293.2,-6296.09,-5961.18,-5962.31,-5963.45,-3243.53,-3247.13,-3253.87,-2471.92,-2474.56,-2477.2,-194.81,-200.47,-211.05,1017.57,1013.41,1009.26,2853.88,2846.16,2831.73,4507.05,4501.39,4495.72
"0.03200.1Northern",-8578.62,-8578.62,-8578.62,-8578.62,-8578.62,-8578.62,-5143.39,-5144.93,-5147.82,-4647.25,-4648.38,-4649.52,-564.81,-568.41,-575.15,593.59,590.95,588.31,4014.66,4009,3998.42,5834.77,5830.61,5826.46,8594.08,8586.36,8571.93,11075.94,11070.28,11064.61
"0.04200.1Northern",-8578.62,-8578.62,-8578.62,-8578.62,-8578.62,-8578.62,-3995.12,-3996.66,-3999.55,-3333.32,-3334.45,-3335.59,2113.91,2110.31,2103.57,3659.1,3656.46,3653.82,8224.13,8218.47,8207.89,10651.97,10647.81,10643.66,14334.28,14326.56,14312.13,17644.83,17639.17,17633.5
"0.02230.1Northern",-8170.62,-8170.62,-8170.62,-8170.62,-8170.62,-8170.62,-5883.66,-5885.2,-5888.09,-5553.18,-5554.31,-5555.45,-2835.53,-2839.13,-2845.87,-2063.92,-2066.56,-2069.2,213.19,207.53,196.95,1425.57,1421.41,1417.26,3261.88,3254.16,3239.73,4915.05,4909.39,4903.72
"0.03230.1Northern",-8170.62,-8170.62,-8170.62,-8170.62,-8170.62,-8170.62,-4735.39,-4736.93,-4739.82,-4239.25,-4240.38,-4241.52,-156.81,-160.41,-167.15,1001.59,998.95,996.31,4422.66,4417,4406.42,6242.77,6238.61,6234.46,9002.08,8994.36,8979.93,11483.94,11478.28,11472.61
"0.04230.1Northern",-8170.62,-8170.62,-8170.62,-8170.62,-8170.62,-8170.62,-3587.12,-3588.66,-3591.55,-2925.32,-2926.45,-2927.59,2521.91,2518.31,2511.57,4067.1,4064.46,4061.82,8632.13,8626.47,8615.89,11059.97,11055.81,11051.66,14742.28,14734.56,14720.13,18052.83,18047.17,18041.5
"0.02170.3Northern",-5758.62,-5758.62,-5758.62,-5758.62,-5758.62,-5758.62,-3471.66,-3473.2,-3476.09,-3141.18,-3142.31,-3143.45,-423.53,-427.13,-433.87,348.08,345.44,342.8,2625.19,2619.53,2608.95,3837.57,3833.41,3829.26,5673.88,5666.16,5651.73,7327.05,7321.39,7315.72
"0.03170.3Northern",-5758.62,-5758.62,-5758.62,-5758.62,-5758.62,-5758.62,-2323.39,-2324.93,-2327.82,-1827.25,-1828.38,-1829.52,2255.19,2251.59,2244.85,3413.59,3410.95,3408.31,6834.66,6829,6818.42,8654.77,8650.61,8646.46,11414.08,11406.36,11391.93,13895.94,13890.28,13884.61
"0.04170.3Northern",-5758.62,-5758.62,-5758.62,-5758.62,-5758.62,-5758.62,-1175.12,-1176.66,-1179.55,-513.32,-514.45,-515.59,4933.91,4930.31,4923.57,6479.1,6476.46,6473.82,11044.13,11038.47,11027.89,13471.97,13467.81,13463.66,17154.28,17146.56,17132.13,20464.83,20459.17,20453.5
"0.02200.3Northern",-4534.62,-4534.62,-4534.62,-4534.62,-4534.62,-4534.62,-2247.66,-2249.2,-2252.09,-1917.18,-1918.31,-1919.45,800.47,796.87,790.13,1572.08,1569.44,1566.8,3849.19,3843.53,3832.95,5061.57,5057.41,5053.26,6897.88,6890.16,6875.73,8551.05,8545.39,8539.72
"0.03200.3Northern",-4534.62,-4534.62,-4534.62,-4534.62,-4534.62,-4534.62,-1099.39,-1100.93,-1103.82,-603.25,-604.38,-605.52,3479.19,3475.59,3468.85,4637.59,4634.95,4632.31,8058.66,8053,8042.42,9878.77,9874.61,9870.46,12638.08,12630.36,12615.93,15119.94,15114.28,15108.61
"0.04200.3Northern",-4534.62,-4534.62,-4534.62,-4534.62,-4534.62,-4534.62,48.88,47.34,44.45,710.68,709.55,708.41,6157.91,6154.31,6147.57,7703.1,7700.46,7697.82,12268.13,12262.47,12251.89,14695.97,14691.81,14687.66,18378.28,18370.56,18356.13,21688.83,21683.17,21677.5
"0.02230.3Northern",-3310.62,-3310.62,-3310.62,-3310.62,-3310.62,-3310.62,-1023.66,-1025.2,-1028.09,-693.18,-694.31,-695.45,2024.47,2020.87,2014.13,2796.08,2793.44,2790.8,5073.19,5067.53,5056.95,6285.57,6281.41,6277.26,8121.88,8114.16,8099.73,9775.05,9769.39,9763.72
"0.03230.3Northern",-3310.62,-3310.62,-3310.62,-3310.62,-3310.62,-3310.62,124.61,123.07,120.18,620.75,619.62,618.48,4703.19,4699.59,4692.85,5861.59,5858.95,5856.31,9282.66,9277,9266.42,11102.77,11098.61,11094.46,13862.08,13854.36,13839.93,16343.94,16338.28,16332.61
"0.04230.3Northern",-3310.62,-3310.62,-3310.62,-3310.62,-3310.62,-3310.62,1272.88,1271.34,1268.45,1934.68,1933.55,1932.41,7381.91,7378.31,7371.57,8927.1,8924.46,8921.82,13492.13,13486.47,13475.89,15919.97,15915.81,15911.66,19602.28,19594.56,19580.13,22912.83,22907.17,22901.5
"0.02170.5Northern",-2530.62,-2530.62,-2530.62,-2530.62,-2530.62,-2530.62,-243.66,-245.2,-248.09,86.82,85.69,84.55,2804.47,2800.87,2794.13,3576.08,3573.44,3570.8,5853.19,5847.53,5836.95,7065.57,7061.41,7057.26,8901.88,8894.16,8879.73,10555.05,10549.39,10543.72
"0.03170.5Northern",-2530.62,-2530.62,-2530.62,-2530.62,-2530.62,-2530.62,904.61,903.07,900.18,1400.75,1399.62,1398.48,5483.19,5479.59,5472.85,6641.59,6638.95,6636.31,10062.66,10057,10046.42,11882.77,11878.61,11874.46,14642.08,14634.36,14619.93,17123.94,17118.28,17112.61
"0.04170.5Northern",-2530.62,-2530.62,-2530.62,-2530.62,-2530.62,-2530.62,2052.88,2051.34,2048.45,2714.68,2713.55,2712.41,8161.91,8158.31,8151.57,9707.1,9704.46,9701.82,14272.13,14266.47,14255.89,16699.97,16695.81,16691.66,20382.28,20374.56,20360.13,23692.83,23687.17,23681.5
"0.02200.5Northern",-490.62,-490.62,-490.62,-490.62,-490.62,-490.62,1796.34,1794.8,1791.91,2126.82,2125.69,2124.55,4844.47,4840.87,4834.13,5616.08,5613.44,5610.8,7893.19,7887.53,7876.95,9105.57,9101.41,9097.26,10941.88,10934.16,10919.73,12595.05,12589.39,12583.72
"0.03200.5Northern",-490.62,-490.62,-490.62,-490.62,-490.62,-490.62,2944.61,2943.07,2940.18,3440.75,3439.62,3438.48,7523.19,7519.59,7512.85,8681.59,8678.95,8676.31,12102.66,12097,12086.42,13922.77,13918.61,13914.46,16682.08,16674.36,16659.93,19163.94,19158.28,19152.61
"0.04200.5Northern",-490.62,-490.62,-490.62,-490.62,-490.62,-490.62,4092.88,4091.34,4088.45,4754.68,4753.55,4752.41,10201.91,10198.31,10191.57,11747.1,11744.46,11741.82,16312.13,16306.47,16295.89,18739.97,18735.81,18731.66,22422.28,22414.56,22400.13,25732.83,25727.17,25721.5
"0.02230.5Northern",1549.38,1549.38,1549.38,1549.38,1549.38,1549.38,3836.34,3834.8,3831.91,4166.82,4165.69,4164.55,6884.47,6880.87,6874.13,7656.08,7653.44,7650.8,9933.19,9927.53,9916.95,11145.57,11141.41,11137.26,12981.88,12974.16,12959.73,14635.05,14629.39,14623.72
"0.03230.5Northern",1549.38,1549.38,1549.38,1549.38,1549.38,1549.38,4984.61,4983.07,4980.18,5480.75,5479.62,5478.48,9563.19,9559.59,9552.85,10721.59,10718.95,10716.31,14142.66,14137,14126.42,15962.77,15958.61,15954.46,18722.08,18714.36,18699.93,21203.94,21198.28,21192.61
"0.04230.5Northern",1549.38,1549.38,1549.38,1549.38,1549.38,1549.38,6132.88,6131.34,6128.45,6794.68,6793.55,6792.41,12241.91,12238.31,12231.57,13787.1,13784.46,13781.82,18352.13,18346.47,18335.89,20779.97,20775.81,20771.66,24462.28,24454.56,24440.13,27772.83,27767.17,27761.5
"0.02170.7Northern",697.38,697.38,697.38,697.38,697.38,697.38,2984.34,2982.8,2979.91,3314.82,3313.69,3312.55,6032.47,6028.87,6022.13,6804.08,6801.44,6798.8,9081.19,9075.53,9064.95,10293.57,10289.41,10285.26,12129.88,12122.16,12107.73,13783.05,13777.39,13771.72
"0.03170.7Northern",697.38,697.38,697.38,697.38,697.38,697.38,4132.61,4131.07,4128.18,4628.75,4627.62,4626.48,8711.19,8707.59,8700.85,9869.59,9866.95,9864.31,13290.66,13285,13274.42,15110.77,15106.61,15102.46,17870.08,17862.36,17847.93,20351.94,20346.28,20340.61
"0.04170.7Northern",697.38,697.38,697.38,697.38,697.38,697.38,5280.88,5279.34,5276.45,5942.68,5941.55,5940.41,11389.91,11386.31,11379.57,12935.1,12932.46,12929.82,17500.13,17494.47,17483.89,19927.97,19923.81,19919.66,23610.28,23602.56,23588.13,26920.83,26915.17,26909.5
"0.02200.7Northern",3553.38,3553.38,3553.38,3553.38,3553.38,3553.38,5840.34,5838.8,5835.91,6170.82,6169.69,6168.55,8888.47,8884.87,8878.13,9660.08,9657.44,9654.8,11937.19,11931.53,11920.95,13149.57,13145.41,13141.26,14985.88,14978.16,14963.73,16639.05,16633.39,16627.72
"0.03200.7Northern",3553.38,3553.38,3553.38,3553.38,3553.38,3553.38,6988.61,6987.07,6984.18,7484.75,7483.62,7482.48,11567.19,11563.59,11556.85,12725.59,12722.95,12720.31,16146.66,16141,16130.42,17966.77,17962.61,17958.46,20726.08,20718.36,20703.93,23207.94,23202.28,23196.61
"0.04200.7Northern",3553.38,3553.38,3553.38,3553.38,3553.38,3553.38,8136.88,8135.34,8132.45,8798.68,8797.55,8796.41,14245.91,14242.31,14235.57,15791.1,15788.46,15785.82,20356.13,20350.47,20339.89,22783.97,22779.81,22775.66,26466.28,26458.56,26444.13,29776.83,29771.17,29765.5
"0.02230.7Northern",6409.38,6409.38,6409.38,6409.38,6409.38,6409.38,8696.34,8694.8,8691.91,9026.82,9025.69,9024.55,11744.47,11740.87,11734.13,12516.08,12513.44,12510.8,14793.19,14787.53,14776.95,16005.57,16001.41,15997.26,17841.88,17834.16,17819.73,19495.05,19489.39,19483.72
"0.03230.7Northern",6409.38,6409.38,6409.38,6409.38,6409.38,6409.38,9844.61,9843.07,9840.18,10340.75,10339.62,10338.48,14423.19,14419.59,14412.85,15581.59,15578.95,15576.31,19002.66,18997,18986.42,20822.77,20818.61,20814.46,23582.08,23574.36,23559.93,26063.94,26058.28,26052.61
"0.04230.7Northern",6409.38,6409.38,6409.38,6409.38,6409.38,6409.38,10992.88,10991.34,10988.45,11654.68,11653.55,11652.41,17101.91,17098.31,17091.57,18647.1,18644.46,18641.82,23212.13,23206.47,23195.89,25639.97,25635.81,25631.66,29322.28,29314.56,29300.13,32632.83,32627.17,32621.5
"0.02171.0Northern",5539.38,5539.38,5539.38,5539.38,5539.38,5539.38,7826.34,7824.8,7821.91,8156.82,8155.69,8154.55,10874.47,10870.87,10864.13,11646.08,11643.44,11640.8,13923.19,13917.53,13906.95,15135.57,15131.41,15127.26,16971.88,16964.16,16949.73,18625.05,18619.39,18613.72
"0.03171.0Northern",5539.38,5539.38,5539.38,5539.38,5539.38,5539.38,8974.61,8973.07,8970.18,9470.75,9469.62,9468.48,13553.19,13549.59,13542.85,14711.59,14708.95,14706.31,18132.66,18127,18116.42,19952.77,19948.61,19944.46,22712.08,22704.36,22689.93,25193.94,25188.28,25182.61
"0.04171.0Northern",5539.38,5539.38,5539.38,5539.38,5539.38,5539.38,10122.88,10121.34,10118.45,10784.68,10783.55,10782.41,16231.91,16228.31,16221.57,17777.1,17774.46,17771.82,22342.13,22336.47,22325.89,24769.97,24765.81,24761.66,28452.28,28444.56,28430.13,31762.83,31757.17,31751.5
"0.02201.0Northern",9619.38,9619.38,9619.38,9619.38,9619.38,9619.38,11906.34,11904.8,11901.91,12236.82,12235.69,12234.55,14954.47,14950.87,14944.13,15726.08,15723.44,15720.8,18003.19,17997.53,17986.95,19215.57,19211.41,19207.26,21051.88,21044.16,21029.73,22705.05,22699.39,22693.72
"0.03201.0Northern",9619.38,9619.38,9619.38,9619.38,9619.38,9619.38,13054.61,13053.07,13050.18,13550.75,13549.62,13548.48,17633.19,17629.59,17622.85,18791.59,18788.95,18786.31,22212.66,22207,22196.42,24032.77,24028.61,24024.46,26792.08,26784.36,26769.93,29273.94,29268.28,29262.61
"0.04201.0Northern",9619.38,9619.38,9619.38,9619.38,9619.38,9619.38,14202.88,14201.34,14198.45,14864.68,14863.55,14862.41,20311.91,20308.31,20301.57,21857.1,21854.46,21851.82,26422.13,26416.47,26405.89,28849.97,28845.81,28841.66,32532.28,32524.56,32510.13,35842.83,35837.17,35831.5
"0.02231.0Northern",13699.38,13699.38,13699.38,13699.38,13699.38,13699.38,15986.34,15984.8,15981.91,16316.82,16315.69,16314.55,19034.47,19030.87,19024.13,19806.08,19803.44,19800.8,22083.19,22077.53,22066.95,23295.57,23291.41,23287.26,25131.88,25124.16,25109.73,26785.05,26779.39,26773.72
"0.03231.0Northern",13699.38,13699.38,13699.38,13699.38,13699.38,13699.38,17134.61,17133.07,17130.18,17630.75,17629.62,17628.48,21713.19,21709.59,21702.85,22871.59,22868.95,22866.31,26292.66,26287,26276.42,28112.77,28108.61,28104.46,30872.08,30864.36,30849.93,33353.94,33348.28,33342.61
"0.04231.0Northern",13699.38,13699.38,13699.38,13699.38,13699.38,13699.38,18282.88,18281.34,18278.45,18944.68,18943.55,18942.41,24391.91,24388.31,24381.57,25937.1,25934.46,25931.82,30502.13,30496.47,30485.89,32929.97,32925.81,32921.66,36612.28,36604.56,36590.13,39922.83,39917.17,39911.5
"0.02171.2Northern",8767.38,8767.38,8767.38,8767.38,8767.38,8767.38,11054.34,11052.8,11049.91,11384.82,11383.69,11382.55,14102.47,14098.87,14092.13,14874.08,14871.44,14868.8,17151.19,17145.53,17134.95,18363.57,18359.41,18355.26,20199.88,20192.16,20177.73,21853.05,21847.39,21841.72
"0.03171.2Northern",8767.38,8767.38,8767.38,8767.38,8767.38,8767.38,12202.61,12201.07,12198.18,12698.75,12697.62,12696.48,16781.19,16777.59,16770.85,17939.59,17936.95,17934.31,21360.66,21355,21344.42,23180.77,23176.61,23172.46,25940.08,25932.36,25917.93,28421.94,28416.28,28410.61
"0.04171.2Northern",8767.38,8767.38,8767.38,8767.38,8767.38,8767.38,13350.88,13349.34,13346.45,14012.68,14011.55,14010.41,19459.91,19456.31,19449.57,21005.1,21002.46,20999.82,25570.13,25564.47,25553.89,27997.97,27993.81,27989.66,31680.28,31672.56,31658.13,34990.83,34985.17,34979.5
"0.02201.2Northern",13663.38,13663.38,13663.38,13663.38,13663.38,13663.38,15950.34,15948.8,15945.91,16280.82,16279.69,16278.55,18998.47,18994.87,18988.13,19770.08,19767.44,19764.8,22047.19,22041.53,22030.95,23259.57,23255.41,23251.26,25095.88,25088.16,25073.73,26749.05,26743.39,26737.72
"0.03201.2Northern",13663.38,13663.38,13663.38,13663.38,13663.38,13663.38,17098.61,17097.07,17094.18,17594.75,17593.62,17592.48,21677.19,21673.59,21666.85,22835.59,22832.95,22830.31,26256.66,26251,26240.42,28076.77,28072.61,28068.46,30836.08,30828.36,30813.93,33317.94,33312.28,33306.61
"0.04201.2Northern",13663.38,13663.38,13663.38,13663.38,13663.38,13663.38,18246.88,18245.34,18242.45,18908.68,18907.55,18906.41,24355.91,24352.31,24345.57,25901.1,25898.46,25895.82,30466.13,30460.47,30449.89,32893.97,32889.81,32885.66,36576.28,36568.56,36554.13,39886.83,39881.17,39875.5
"0.02231.2Northern",18559.38,18559.38,18559.38,18559.38,18559.38,18559.38,20846.34,20844.8,20841.91,21176.82,21175.69,21174.55,23894.47,23890.87,23884.13,24666.08,24663.44,24660.8,26943.19,26937.53,26926.95,28155.57,28151.41,28147.26,29991.88,29984.16,29969.73,31645.05,31639.39,31633.72
"0.03231.2Northern",18559.38,18559.38,18559.38,18559.38,18559.38,18559.38,21994.61,21993.07,21990.18,22490.75,22489.62,22488.48,26573.19,26569.59,26562.85,27731.59,27728.95,27726.31,31152.66,31147,31136.42,32972.77,32968.61,32964.46,35732.08,35724.36,35709.93,38213.94,38208.28,38202.61
"0.04231.2Northern",18559.38,18559.38,18559.38,18559.38,18559.38,18559.38,23142.88,23141.34,23138.45,23804.68,23803.55,23802.41,29251.91,29248.31,29241.57,30797.1,30794.46,30791.82,35362.13,35356.47,35345.89,37789.97,37785.81,37781.66,41472.28,41464.56,41450.13,44782.83,44777.17,44771.5
"0.02171.5Northern",13609.38,13609.38,13609.38,13609.38,13609.38,13609.38,15896.34,15894.8,15891.91,16226.82,16225.69,16224.55,18944.47,18940.87,18934.13,19716.08,19713.44,19710.8,21993.19,21987.53,21976.95,23205.57,23201.41,23197.26,25041.88,25034.16,25019.73,26695.05,26689.39,26683.72
"0.03171.5Northern",13609.38,13609.38,13609.38,13609.38,13609.38,13609.38,17044.61,17043.07,17040.18,17540.75,17539.62,17538.48,21623.19,21619.59,21612.85,22781.59,22778.95,22776.31,26202.66,26197,26186.42,28022.77,28018.61,28014.46,30782.08,30774.36,30759.93,33263.94,33258.28,33252.61
"0.04171.5Northern",13609.38,13609.38,13609.38,13609.38,13609.38,13609.38,18192.88,18191.34,18188.45,18854.68,18853.55,18852.41,24301.91,24298.31,24291.57,25847.1,25844.46,25841.82,30412.13,30406.47,30395.89,32839.97,32835.81,32831.66,36522.28,36514.56,36500.13,39832.83,39827.17,39821.5
"0.02201.5Northern",19729.38,19729.38,19729.38,19729.38,19729.38,19729.38,22016.34,22014.8,22011.91,22346.82,22345.69,22344.55,25064.47,25060.87,25054.13,25836.08,25833.44,25830.8,28113.19,28107.53,28096.95,29325.57,29321.41,29317.26,31161.88,31154.16,31139.73,32815.05,32809.39,32803.72
"0.03201.5Northern",19729.38,19729.38,19729.38,19729.38,19729.38,19729.38,23164.61,23163.07,23160.18,23660.75,23659.62,23658.48,27743.19,27739.59,27732.85,28901.59,28898.95,28896.31,32322.66,32317,32306.42,34142.77,34138.61,34134.46,36902.08,36894.36,36879.93,39383.94,39378.28,39372.61
"0.04201.5Northern",19729.38,19729.38,19729.38,19729.38,19729.38,19729.38,24312.88,24311.34,24308.45,24974.68,24973.55,24972.41,30421.91,30418.31,30411.57,31967.1,31964.46,31961.82,36532.13,36526.47,36515.89,38959.97,38955.81,38951.66,42642.28,42634.56,42620.13,45952.83,45947.17,45941.5
"0.02231.5Northern",25849.38,25849.38,25849.38,25849.38,25849.38,25849.38,28136.34,28134.8,28131.91,28466.82,28465.69,28464.55,31184.47,31180.87,31174.13,31956.08,31953.44,31950.8,34233.19,34227.53,34216.95,35445.57,35441.41,35437.26,37281.88,37274.16,37259.73,38935.05,38929.39,38923.72
"0.03231.5Northern",25849.38,25849.38,25849.38,25849.38,25849.38,25849.38,29284.61,29283.07,29280.18,29780.75,29779.62,29778.48,33863.19,33859.59,33852.85,35021.59,35018.95,35016.31,38442.66,38437,38426.42,40262.77,40258.61,40254.46,43022.08,43014.36,42999.93,45503.94,45498.28,45492.61
"0.04231.5Northern",25849.38,25849.38,25849.38,25849.38,25849.38,25849.38,30432.88,30431.34,30428.45,31094.68,31093.55,31092.41,36541.91,36538.31,36531.57,38087.1,38084.46,38081.82,42652.13,42646.47,42635.89,45079.97,45075.81,45071.66,48762.28,48754.56,48740.13,52072.83,52067.17,52061.5
"0.02171.8Northern",18451.38,18451.38,18451.38,18451.38,18451.38,18451.38,20738.34,20736.8,20733.91,21068.82,21067.69,21066.55,23786.47,23782.87,23776.13,24558.08,24555.44,24552.8,26835.19,26829.53,26818.95,28047.57,28043.41,28039.26,29883.88,29876.16,29861.73,31537.05,31531.39,31525.72
"0.03171.8Northern",18451.38,18451.38,18451.38,18451.38,18451.38,18451.38,21886.61,21885.07,21882.18,22382.75,22381.62,22380.48,26465.19,26461.59,26454.85,27623.59,27620.95,27618.31,31044.66,31039,31028.42,32864.77,32860.61,32856.46,35624.08,35616.36,35601.93,38105.94,38100.28,38094.61
"0.04171.8Northern",18451.38,18451.38,18451.38,18451.38,18451.38,18451.38,23034.88,23033.34,23030.45,23696.68,23695.55,23694.41,29143.91,29140.31,29133.57,30689.1,30686.46,30683.82,35254.13,35248.47,35237.89,37681.97,37677.81,37673.66,41364.28,41356.56,41342.13,44674.83,44669.17,44663.5
"0.02201.8Northern",25795.38,25795.38,25795.38,25795.38,25795.38,25795.38,28082.34,28080.8,28077.91,28412.82,28411.69,28410.55,31130.47,31126.87,31120.13,31902.08,31899.44,31896.8,34179.19,34173.53,34162.95,35391.57,35387.41,35383.26,37227.88,37220.16,37205.73,38881.05,38875.39,38869.72
"0.03201.8Northern",25795.38,25795.38,25795.38,25795.38,25795.38,25795.38,29230.61,29229.07,29226.18,29726.75,29725.62,29724.48,33809.19,33805.59,33798.85,34967.59,34964.95,34962.31,38388.66,38383,38372.42,40208.77,40204.61,40200.46,42968.08,42960.36,42945.93,45449.94,45444.28,45438.61
"0.04201.8Northern",25795.38,25795.38,25795.38,25795.38,25795.38,25795.38,30378.88,30377.34,30374.45,31040.68,31039.55,31038.41,36487.91,36484.31,36477.57,38033.1,38030.46,38027.82,42598.13,42592.47,42581.89,45025.97,45021.81,45017.66,48708.28,48700.56,48686.13,52018.83,52013.17,52007.5
"0.02231.8Northern",33139.38,33139.38,33139.38,33139.38,33139.38,33139.38,35426.34,35424.8,35421.91,35756.82,35755.69,35754.55,38474.47,38470.87,38464.13,39246.08,39243.44,39240.8,41523.19,41517.53,41506.95,42735.57,42731.41,42727.26,44571.88,44564.16,44549.73,46225.05,46219.39,46213.72
"0.03231.8Northern",33139.38,33139.38,33139.38,33139.38,33139.38,33139.38,36574.61,36573.07,36570.18,37070.75,37069.62,37068.48,41153.19,41149.59,41142.85,42311.59,42308.95,42306.31,45732.66,45727,45716.42,47552.77,47548.61,47544.46,50312.08,50304.36,50289.93,52793.94,52788.28,52782.61
"0.04231.8Northern",33139.38,33139.38,33139.38,33139.38,33139.38,33139.38,37722.88,37721.34,37718.45,38384.68,38383.55,38382.41,43831.91,43828.31,43821.57,45377.1,45374.46,45371.82,49942.13,49936.47,49925.89,52369.97,52365.81,52361.66,56052.28,56044.56,56030.13,59362.83,59357.17,59351.5
"0.02172.0Northern",21679.38,21679.38,21679.38,21679.38,21679.38,21679.38,23966.34,23964.8,23961.91,24296.82,24295.69,24294.55,27014.47,27010.87,27004.13,27786.08,27783.44,27780.8,30063.19,30057.53,30046.95,31275.57,31271.41,31267.26,33111.88,33104.16,33089.73,34765.05,34759.39,34753.72
"0.03172.0Northern",21679.38,21679.38,21679.38,21679.38,21679.38,21679.38,25114.61,25113.07,25110.18,25610.75,25609.62,25608.48,29693.19,29689.59,29682.85,30851.59,30848.95,30846.31,34272.66,34267,34256.42,36092.77,36088.61,36084.46,38852.08,38844.36,38829.93,41333.94,41328.28,41322.61
"0.04172.0Northern",21679.38,21679.38,21679.38,21679.38,21679.38,21679.38,26262.88,26261.34,26258.45,26924.68,26923.55,26922.41,32371.91,32368.31,32361.57,33917.1,33914.46,33911.82,38482.13,38476.47,38465.89,40909.97,40905.81,40901.66,44592.28,44584.56,44570.13,47902.83,47897.17,47891.5
"0.02202.0Northern",29839.38,29839.38,29839.38,29839.38,29839.38,29839.38,32126.34,32124.8,32121.91,32456.82,32455.69,32454.55,35174.47,35170.87,35164.13,35946.08,35943.44,35940.8,38223.19,38217.53,38206.95,39435.57,39431.41,39427.26,41271.88,41264.16,41249.73,42925.05,42919.39,42913.72
"0.03202.0Northern",29839.38,29839.38,29839.38,29839.38,29839.38,29839.38,33274.61,33273.07,33270.18,33770.75,33769.62,33768.48,37853.19,37849.59,37842.85,39011.59,39008.95,39006.31,42432.66,42427,42416.42,44252.77,44248.61,44244.46,47012.08,47004.36,46989.93,49493.94,49488.28,49482.61
"0.04202.0Northern",29839.38,29839.38,29839.38,29839.38,29839.38,29839.38,34422.88,34421.34,34418.45,35084.68,35083.55,35082.41,40531.91,40528.31,40521.57,42077.1,42074.46,42071.82,46642.13,46636.47,46625.89,49069.97,49065.81,49061.66,52752.28,52744.56,52730.13,56062.83,56057.17,56051.5
"0.02232.0Northern",37999.38,37999.38,37999.38,37999.38,37999.38,37999.38,40286.34,40284.8,40281.91,40616.82,40615.69,40614.55,43334.47,43330.87,43324.13,44106.08,44103.44,44100.8,46383.19,46377.53,46366.95,47595.57,47591.41,47587.26,49431.88,49424.16,49409.73,51085.05,51079.39,51073.72
"0.03232.0Northern",37999.38,37999.38,37999.38,37999.38,37999.38,37999.38,41434.61,41433.07,41430.18,41930.75,41929.62,41928.48,46013.19,46009.59,46002.85,47171.59,47168.95,47166.31,50592.66,50587,50576.42,52412.77,52408.61,52404.46,55172.08,55164.36,55149.93,57653.94,57648.28,57642.61
"0.04232.0Northern",37999.38,37999.38,37999.38,37999.38,37999.38,37999.38,42582.88,42581.34,42578.45,43244.68,43243.55,43242.41,48691.91,48688.31,48681.57,50237.1,50234.46,50231.82,54802.13,54796.47,54785.89,57229.97,57225.81,57221.66,60912.28,60904.56,60890.13,64222.83,64217.17,64211.5
"0.02170.1Central",-8986.62,-8986.62,-8986.62,-8986.62,-8986.62,-8986.62,-6616.4,-6617.94,-6620.83,-6244.54,-6245.67,-6246.81,-3457.35,-3460.95,-3467.69,-2589.18,-2591.82,-2594.46,-297.69,-303.35,-313.93,1066.41,1062.25,1058.1,2861.96,2854.24,2839.81,4722.01,4716.35,4710.68
"0.03170.1Central",-8986.62,-8986.62,-8986.62,-8986.62,-8986.62,-8986.62,-5426.5,-5428.04,-5430.93,-4868.29,-4869.42,-4870.56,-681.54,-685.14,-691.88,621.7,619.06,616.42,4064.34,4058.68,4048.1,6112.03,6107.87,6103.72,8810.2,8802.48,8788.05,11602.38,11596.72,11591.05
"0.04170.1Central",-8986.62,-8986.62,-8986.62,-8986.62,-8986.62,-8986.62,-4236.6,-4238.14,-4241.03,-3492.04,-3493.17,-3494.31,2094.27,2090.67,2083.93,3832.58,3829.94,3827.3,8426.37,8420.71,8410.13,11157.65,11153.49,11149.34,14758.44,14750.72,14736.29,18482.75,18477.09,18471.42
"0.02200.1Central",-8578.62,-8578.62,-8578.62,-8578.62,-8578.62,-8578.62,-6208.4,-6209.94,-6212.83,-5836.54,-5837.67,-5838.81,-3049.35,-3052.95,-3059.69,-2181.18,-2183.82,-2186.46,110.31,104.65,94.07,1474.41,1470.25,1466.1,3269.96,3262.24,3247.81,5130.01,5124.35,5118.68
"0.03200.1Central",-8578.62,-8578.62,-8578.62,-8578.62,-8578.62,-8578.62,-5018.5,-5020.04,-5022.93,-4460.29,-4461.42,-4462.56,-273.54,-277.14,-283.88,1029.7,1027.06,1024.42,4472.34,4466.68,4456.1,6520.03,6515.87,6511.72,9218.2,9210.48,9196.05,12010.38,12004.72,11999.05
"0.04200.1Central",-8578.62,-8578.62,-8578.62,-8578.62,-8578.62,-8578.62,-3828.6,-3830.14,-3833.03,-3084.04,-3085.17,-3086.31,2502.27,2498.67,2491.93,4240.58,4237.94,4235.3,8834.37,8828.71,8818.13,11565.65,11561.49,11557.34,15166.44,15158.72,15144.29,18890.75,18885.09,18879.42
"0.02230.1Central",-8170.62,-8170.62,-8170.62,-8170.62,-8170.62,-8170.62,-5800.4,-5801.94,-5804.83,-5428.54,-5429.67,-5430.81,-2641.35,-2644.95,-2651.69,-1773.18,-1775.82,-1778.46,518.31,512.65,502.07,1882.41,1878.25,1874.1,3677.96,3670.24,3655.81,5538.01,5532.35,5526.68
"0.03230.1Central",-8170.62,-8170.62,-8170.62,-8170.62,-8170.62,-8170.62,-4610.5,-4612.04,-4614.93,-4052.29,-4053.42,-4054.56,134.46,130.86,124.12,1437.7,1435.06,1432.42,4880.34,4874.68,4864.1,6928.03,6923.87,6919.72,9626.2,9618.48,9604.05,12418.38,12412.72,12407.05
"0.04230.1Central",-8170.62,-8170.62,-8170.62,-8170.62,-8170.62,-8170.62,-3420.6,-3422.14,-3425.03,-2676.04,-2677.17,-2678.31,2910.27,2906.67,2899.93,4648.58,4645.94,4643.3,9242.37,9236.71,9226.13,11973.65,11969.49,11965.34,15574.44,15566.72,15552.29,19298.75,19293.09,19287.42
"0.02170.3Central",-5758.62,-5758.62,-5758.62,-5758.62,-5758.62,-5758.62,-3388.4,-3389.94,-3392.83,-3016.54,-3017.67,-3018.81,-229.35,-232.95,-239.69,638.82,636.18,633.54,2930.31,2924.65,2914.07,4294.41,4290.25,4286.1,6089.96,6082.24,6067.81,7950.01,7944.35,7938.68
"0.03170.3Central",-5758.62,-5758.62,-5758.62,-5758.62,-5758.62,-5758.62,-2198.5,-2200.04,-2202.93,-1640.29,-1641.42,-1642.56,2546.46,2542.86,2536.12,3849.7,3847.06,3844.42,7292.34,7286.68,7276.1,9340.03,9335.87,9331.72,12038.2,12030.48,12016.05,14830.38,14824.72,14819.05
"0.04170.3Central",-5758.62,-5758.62,-5758.62,-5758.62,-5758.62,-5758.62,-1008.6,-1010.14,-1013.03,-264.04,-265.17,-266.31,5322.27,5318.67,5311.93,7060.58,7057.94,7055.3,11654.37,11648.71,11638.13,14385.65,14381.49,14377.34,17986.44,17978.72,17964.29,21710.75,21705.09,21699.42
"0.02200.3Central",-4534.62,-4534.62,-4534.62,-4534.62,-4534.62,-4534.62,-2164.4,-2165.94,-2168.83,-1792.54,-1793.67,-1794.81,994.65,991.05,984.31,1862.82,1860.18,1857.54,4154.31,4148.65,4138.07,5518.41,5514.25,5510.1,7313.96,7306.24,7291.81,9174.01,9168.35,9162.68
"0.03200.3Central",-4534.62,-4534.62,-4534.62,-4534.62,-4534.62,-4534.62,-974.5,-976.04,-978.93,-416.29,-417.42,-418.56,3770.46,3766.86,3760.12,5073.7,5071.06,5068.42,8516.34,8510.68,8500.1,10564.03,10559.87,10555.72,13262.2,13254.48,13240.05,16054.38,16048.72,16043.05
"0.04200.3Central",-4534.62,-4534.62,-4534.62,-4534.62,-4534.62,-4534.62,215.4,213.86,210.97,959.96,958.83,957.69,6546.27,6542.67,6535.93,8284.58,8281.94,8279.3,12878.37,12872.71,12862.13,15609.65,15605.49,15601.34,19210.44,19202.72,19188.29,22934.75,22929.09,22923.42
"0.02230.3Central",-3310.62,-3310.62,-3310.62,-3310.62,-3310.62,-3310.62,-940.4,-941.94,-944.83,-568.54,-569.67,-570.81,2218.65,2215.05,2208.31,3086.82,3084.18,3081.54,5378.31,5372.65,5362.07,6742.41,6738.25,6734.1,8537.96,8530.24,8515.81,10398.01,10392.35,10386.68
"0.03230.3Central",-3310.62,-3310.62,-3310.62,-3310.62,-3310.62,-3310.62,249.5,247.96,245.07,807.71,806.58,805.44,4994.46,4990.86,4984.12,6297.7,6295.06,6292.42,9740.34,9734.68,9724.1,11788.03,11783.87,11779.72,14486.2,14478.48,14464.05,17278.38,17272.72,17267.05
"0.04230.3Central",-3310.62,-3310.62,-3310.62,-3310.62,-3310.62,-3310.62,1439.4,1437.86,1434.97,2183.96,2182.83,2181.69,7770.27,7766.67,7759.93,9508.58,9505.94,9503.3,14102.37,14096.71,14086.13,16833.65,16829.49,16825.34,20434.44,20426.72,20412.29,24158.75,24153.09,24147.42
"0.02170.5Central",-2530.62,-2530.62,-2530.62,-2530.62,-2530.62,-2530.62,-160.4,-161.94,-164.83,211.46,210.33,209.19,2998.65,2995.05,2988.31,3866.82,3864.18,3861.54,6158.31,6152.65,6142.07,7522.41,7518.25,7514.1,9317.96,9310.24,9295.81,11178.01,11172.35,11166.68
"0.03170.5Central",-2530.62,-2530.62,-2530.62,-2530.62,-2530.62,-2530.62,1029.5,1027.96,1025.07,1587.71,1586.58,1585.44,5774.46,5770.86,5764.12,7077.7,7075.06,7072.42,10520.34,10514.68,10504.1,12568.03,12563.87,12559.72,15266.2,15258.48,15244.05,18058.38,18052.72,18047.05
"0.04170.5Central",-2530.62,-2530.62,-2530.62,-2530.62,-2530.62,-2530.62,2219.4,2217.86,2214.97,2963.96,2962.83,2961.69,8550.27,8546.67,8539.93,10288.58,10285.94,10283.3,14882.37,14876.71,14866.13,17613.65,17609.49,17605.34,21214.44,21206.72,21192.29,24938.75,24933.09,24927.42
"0.02200.5Central",-490.62,-490.62,-490.62,-490.62,-490.62,-490.62,1879.6,1878.06,1875.17,2251.46,2250.33,2249.19,5038.65,5035.05,5028.31,5906.82,5904.18,5901.54,8198.31,8192.65,8182.07,9562.41,9558.25,9554.1,11357.96,11350.24,11335.81,13218.01,13212.35,13206.68
"0.03200.5Central",-490.62,-490.62,-490.62,-490.62,-490.62,-490.62,3069.5,3067.96,3065.07,3627.71,3626.58,3625.44,7814.46,7810.86,7804.12,9117.7,9115.06,9112.42,12560.34,12554.68,12544.1,14608.03,14603.87,14599.72,17306.2,17298.48,17284.05,20098.38,20092.72,20087.05
"0.04200.5Central",-490.62,-490.62,-490.62,-490.62,-490.62,-490.62,4259.4,4257.86,4254.97,5003.96,5002.83,5001.69,10590.27,10586.67,10579.93,12328.58,12325.94,12323.3,16922.37,16916.71,16906.13,19653.65,19649.49,19645.34,23254.44,23246.72,23232.29,26978.75,26973.09,26967.42
"0.02230.5Central",1549.38,1549.38,1549.38,1549.38,1549.38,1549.38,3919.6,3918.06,3915.17,4291.46,4290.33,4289.19,7078.65,7075.05,7068.31,7946.82,7944.18,7941.54,10238.31,10232.65,10222.07,11602.41,11598.25,11594.1,13397.96,13390.24,13375.81,15258.01,15252.35,15246.68
"0.03230.5Central",1549.38,1549.38,1549.38,1549.38,1549.38,1549.38,5109.5,5107.96,5105.07,5667.71,5666.58,5665.44,9854.46,9850.86,9844.12,11157.7,11155.06,11152.42,14600.34,14594.68,14584.1,16648.03,16643.87,16639.72,19346.2,19338.48,19324.05,22138.38,22132.72,22127.05
"0.04230.5Central",1549.38,1549.38,1549.38,1549.38,1549.38,1549.38,6299.4,6297.86,6294.97,7043.96,7042.83,7041.69,12630.27,12626.67,12619.93,14368.58,14365.94,14363.3,18962.37,18956.71,18946.13,21693.65,21689.49,21685.34,25294.44,25286.72,25272.29,29018.75,29013.09,29007.42
"0.02170.7Central",697.38,697.38,697.38,697.38,697.38,697.38,3067.6,3066.06,3063.17,3439.46,3438.33,3437.19,6226.65,6223.05,6216.31,7094.82,7092.18,7089.54,9386.31,9380.65,9370.07,10750.41,10746.25,10742.1,12545.96,12538.24,12523.81,14406.01,14400.35,14394.68
"0.03170.7Central",697.38,697.38,697.38,697.38,697.38,697.38,4257.5,4255.96,4253.07,4815.71,4814.58,4813.44,9002.46,8998.86,8992.12,10305.7,10303.06,10300.42,13748.34,13742.68,13732.1,15796.03,15791.87,15787.72,18494.2,18486.48,18472.05,21286.38,21280.72,21275.05
"0.04170.7Central",697.38,697.38,697.38,697.38,697.38,697.38,5447.4,5445.86,5442.97,6191.96,6190.83,6189.69,11778.27,11774.67,11767.93,13516.58,13513.94,13511.3,18110.37,18104.71,18094.13,20841.65,20837.49,20833.34,24442.44,24434.72,24420.29,28166.75,28161.09,28155.42
"0.02200.7Central",3553.38,3553.38,3553.38,3553.38,3553.38,3553.38,5923.6,5922.06,5919.17,6295.46,6294.33,6293.19,9082.65,9079.05,9072.31,9950.82,9948.18,9945.54,12242.31,12236.65,12226.07,13606.41,13602.25,13598.1,15401.96,15394.24,15379.81,17262.01,17256.35,17250.68
"0.03200.7Central",3553.38,3553.38,3553.38,3553.38,3553.38,3553.38,7113.5,7111.96,7109.07,7671.71,7670.58,7669.44,11858.46,11854.86,11848.12,13161.7,13159.06,13156.42,16604.34,16598.68,16588.1,18652.03,18647.87,18643.72,21350.2,21342.48,21328.05,24142.38,24136.72,24131.05
"0.04200.7Central",3553.38,3553.38,3553.38,3553.38,3553.38,3553.38,8303.4,8301.86,8298.97,9047.96,9046.83,9045.69,14634.27,14630.67,14623.93,16372.58,16369.94,16367.3,20966.37,20960.71,20950.13,23697.65,23693.49,23689.34,27298.44,27290.72,27276.29,31022.75,31017.09,31011.42
"0.02230.7Central",6409.38,6409.38,6409.38,6409.38,6409.38,6409.38,8779.6,8778.06,8775.17,9151.46,9150.33,9149.19,11938.65,11935.05,11928.31,12806.82,12804.18,12801.54,15098.31,15092.65,15082.07,16462.41,16458.25,16454.1,18257.96,18250.24,18235.81,20118.01,20112.35,20106.68
"0.03230.7Central",6409.38,6409.38,6409.38,6409.38,6409.38,6409.38,9969.5,9967.96,9965.07,10527.71,10526.58,10525.44,14714.46,14710.86,14704.12,16017.7,16015.06,16012.42,19460.34,19454.68,19444.1,21508.03,21503.87,21499.72,24206.2,24198.48,24184.05,26998.38,26992.72,26987.05
"0.04230.7Central",6409.38,6409.38,6409.38,6409.38,6409.38,6409.38,11159.4,11157.86,11154.97,11903.96,11902.83,11901.69,17490.27,17486.67,17479.93,19228.58,19225.94,19223.3,23822.37,23816.71,23806.13,26553.65,26549.49,26545.34,30154.44,30146.72,30132.29,33878.75,33873.09,33867.42
"0.02171.0Central",5539.38,5539.38,5539.38,5539.38,5539.38,5539.38,7909.6,7908.06,7905.17,8281.46,8280.33,8279.19,11068.65,11065.05,11058.31,11936.82,11934.18,11931.54,14228.31,14222.65,14212.07,15592.41,15588.25,15584.1,17387.96,17380.24,17365.81,19248.01,19242.35,19236.68
"0.03171.0Central",5539.38,5539.38,5539.38,5539.38,5539.38,5539.38,9099.5,9097.96,9095.07,9657.71,9656.58,9655.44,13844.46,13840.86,13834.12,15147.7,15145.06,15142.42,18590.34,18584.68,18574.1,20638.03,20633.87,20629.72,23336.2,23328.48,23314.05,26128.38,26122.72,26117.05
"0.04171.0Central",5539.38,5539.38,5539.38,5539.38,5539.38,5539.38,10289.4,10287.86,10284.97,11033.96,11032.83,11031.69,16620.27,16616.67,16609.93,18358.58,18355.94,18353.3,22952.37,22946.71,22936.13,25683.65,25679.49,25675.34,29284.44,29276.72,29262.29,33008.75,33003.09,32997.42
"0.02201.0Central",9619.38,9619.38,9619.38,9619.38,9619.38,9619.38,11989.6,11988.06,11985.17,12361.46,12360.33,12359.19,15148.65,15145.05,15138.31,16016.82,16014.18,16011.54,18308.31,18302.65,18292.07,19672.41,19668.25,19664.1,21467.96,21460.24,21445.81,23328.01,23322.35,23316.68
"0.03201.0Central",9619.38,9619.38,9619.38,9619.38,9619.38,9619.38,13179.5,13177.96,13175.07,13737.71,13736.58,13735.44,17924.46,17920.86,17914.12,19227.7,19225.06,19222.42,22670.34,22664.68,22654.1,24718.03,24713.87,24709.72,27416.2,27408.48,27394.05,30208.38,30202.72,30197.05
"0.04201.0Central",9619.38,9619.38,9619.38,9619.38,9619.38,9619.38,14369.4,14367.86,14364.97,15113.96,15112.83,15111.69,20700.27,20696.67,20689.93,22438.58,22435.94,22433.3,27032.37,27026.71,27016.13,29763.65,29759.49,29755.34,33364.44,33356.72,33342.29,37088.75,37083.09,37077.42
"0.02231.0Central",13699.38,13699.38,13699.38,13699.38,13699.38,13699.38,16069.6,16068.06,16065.17,16441.46,16440.33,16439.19,19228.65,19225.05,19218.31,20096.82,20094.18,20091.54,22388.31,22382.65,22372.07,23752.41,23748.25,23744.1,25547.96,25540.24,25525.81,27408.01,27402.35,27396.68
"0.03231.0Central",13699.38,13699.38,13699.38,13699.38,13699.38,13699.38,17259.5,17257.96,17255.07,17817.71,17816.58,17815.44,22004.46,22000.86,21994.12,23307.7,23305.06,23302.42,26750.34,26744.68,26734.1,28798.03,28793.87,28789.72,31496.2,31488.48,31474.05,34288.38,34282.72,34277.05
"0.04231.0Central",13699.38,13699.38,13699.38,13699.38,13699.38,13699.38,18449.4,18447.86,18444.97,19193.96,19192.83,19191.69,24780.27,24776.67,24769.93,26518.58,26515.94,26513.3,31112.37,31106.71,31096.13,33843.65,33839.49,33835.34,37444.44,37436.72,37422.29,41168.75,41163.09,41157.42
"0.02171.2Central",8767.38,8767.38,8767.38,8767.38,8767.38,8767.38,11137.6,11136.06,11133.17,11509.46,11508.33,11507.19,14296.65,14293.05,14286.31,15164.82,15162.18,15159.54,17456.31,17450.65,17440.07,18820.41,18816.25,18812.1,20615.96,20608.24,20593.81,22476.01,22470.35,22464.68
"0.03171.2Central",8767.38,8767.38,8767.38,8767.38,8767.38,8767.38,12327.5,12325.96,12323.07,12885.71,12884.58,12883.44,17072.46,17068.86,17062.12,18375.7,18373.06,18370.42,21818.34,21812.68,21802.1,23866.03,23861.87,23857.72,26564.2,26556.48,26542.05,29356.38,29350.72,29345.05
"0.04171.2Central",8767.38,8767.38,8767.38,8767.38,8767.38,8767.38,13517.4,13515.86,13512.97,14261.96,14260.83,14259.69,19848.27,19844.67,19837.93,21586.58,21583.94,21581.3,26180.37,26174.71,26164.13,28911.65,28907.49,28903.34,32512.44,32504.72,32490.29,36236.75,36231.09,36225.42
"0.02201.2Central",13663.38,13663.38,13663.38,13663.38,13663.38,13663.38,16033.6,16032.06,16029.17,16405.46,16404.33,16403.19,19192.65,19189.05,19182.31,20060.82,20058.18,20055.54,22352.31,22346.65,22336.07,23716.41,23712.25,23708.1,25511.96,25504.24,25489.81,27372.01,27366.35,27360.68
"0.03201.2Central",13663.38,13663.38,13663.38,13663.38,13663.38,13663.38,17223.5,17221.96,17219.07,17781.71,17780.58,17779.44,21968.46,21964.86,21958.12,23271.7,23269.06,23266.42,26714.34,26708.68,26698.1,28762.03,28757.87,28753.72,31460.2,31452.48,31438.05,34252.38,34246.72,34241.05
"0.04201.2Central",13663.38,13663.38,13663.38,13663.38,13663.38,13663.38,18413.4,18411.86,18408.97,19157.96,19156.83,19155.69,24744.27,24740.67,24733.93,26482.58,26479.94,26477.3,31076.37,31070.71,31060.13,33807.65,33803.49,33799.34,37408.44,37400.72,37386.29,41132.75,41127.09,41121.42
"0.02231.2Central",18559.38,18559.38,18559.38,18559.38,18559.38,18559.38,20929.6,20928.06,20925.17,21301.46,21300.33,21299.19,24088.65,24085.05,24078.31,24956.82,24954.18,24951.54,27248.31,27242.65,27232.07,28612.41,28608.25,28604.1,30407.96,30400.24,30385.81,32268.01,32262.35,32256.68
"0.03231.2Central",18559.38,18559.38,18559.38,18559.38,18559.38,18559.38,22119.5,22117.96,22115.07,22677.71,22676.58,22675.44,26864.46,26860.86,26854.12,28167.7,28165.06,28162.42,31610.34,31604.68,31594.1,33658.03,33653.87,33649.72,36356.2,36348.48,36334.05,39148.38,39142.72,39137.05
"0.04231.2Central",18559.38,18559.38,18559.38,18559.38,18559.38,18559.38,23309.4,23307.86,23304.97,24053.96,24052.83,24051.69,29640.27,29636.67,29629.93,31378.58,31375.94,31373.3,35972.37,35966.71,35956.13,38703.65,38699.49,38695.34,42304.44,42296.72,42282.29,46028.75,46023.09,46017.42
"0.02171.5Central",13609.38,13609.38,13609.38,13609.38,13609.38,13609.38,15979.6,15978.06,15975.17,16351.46,16350.33,16349.19,19138.65,19135.05,19128.31,20006.82,20004.18,20001.54,22298.31,22292.65,22282.07,23662.41,23658.25,23654.1,25457.96,25450.24,25435.81,27318.01,27312.35,27306.68
"0.03171.5Central",13609.38,13609.38,13609.38,13609.38,13609.38,13609.38,17169.5,17167.96,17165.07,17727.71,17726.58,17725.44,21914.46,21910.86,21904.12,23217.7,23215.06,23212.42,26660.34,26654.68,26644.1,28708.03,28703.87,28699.72,31406.2,31398.48,31384.05,34198.38,34192.72,34187.05
"0.04171.5Central",13609.38,13609.38,13609.38,13609.38,13609.38,13609.38,18359.4,18357.86,18354.97,19103.96,19102.83,19101.69,24690.27,24686.67,24679.93,26428.58,26425.94,26423.3,31022.37,31016.71,31006.13,33753.65,33749.49,33745.34,37354.44,37346.72,37332.29,41078.75,41073.09,41067.42
"0.02201.5Central",19729.38,19729.38,19729.38,19729.38,19729.38,19729.38,22099.6,22098.06,22095.17,22471.46,22470.33,22469.19,25258.65,25255.05,25248.31,26126.82,26124.18,26121.54,28418.31,28412.65,28402.07,29782.41,29778.25,29774.1,31577.96,31570.24,31555.81,33438.01,33432.35,33426.68
"0.03201.5Central",19729.38,19729.38,19729.38,19729.38,19729.38,19729.38,23289.5,23287.96,23285.07,23847.71,23846.58,23845.44,28034.46,28030.86,28024.12,29337.7,29335.06,29332.42,32780.34,32774.68,32764.1,34828.03,34823.87,34819.72,37526.2,37518.48,37504.05,40318.38,40312.72,40307.05
"0.04201.5Central",19729.38,19729.38,19729.38,19729.38,19729.38,19729.38,24479.4,24477.86,24474.97,25223.96,25222.83,25221.69,30810.27,30806.67,30799.93,32548.58,32545.94,32543.3,37142.37,37136.71,37126.13,39873.65,39869.49,39865.34,43474.44,43466.72,43452.29,47198.75,47193.09,47187.42
"0.02231.5Central",25849.38,25849.38,25849.38,25849.38,25849.38,25849.38,28219.6,28218.06,28215.17,28591.46,28590.33,28589.19,31378.65,31375.05,31368.31,32246.82,32244.18,32241.54,34538.31,34532.65,34522.07,35902.41,35898.25,35894.1,37697.96,37690.24,37675.81,39558.01,39552.35,39546.68
"0.03231.5Central",25849.38,25849.38,25849.38,25849.38,25849.38,25849.38,29409.5,29407.96,29405.07,29967.71,29966.58,29965.44,34154.46,34150.86,34144.12,35457.7,35455.06,35452.42,38900.34,38894.68,38884.1,40948.03,40943.87,40939.72,43646.2,43638.48,43624.05,46438.38,46432.72,46427.05
"0.04231.5Central",25849.38,25849.38,25849.38,25849.38,25849.38,25849.38,30599.4,30597.86,30594.97,31343.96,31342.83,31341.69,36930.27,36926.67,36919.93,38668.58,38665.94,38663.3,43262.37,43256.71,43246.13,45993.65,45989.49,45985.34,49594.44,49586.72,49572.29,53318.75,53313.09,53307.42
"0.02171.8Central",18451.38,18451.38,18451.38,18451.38,18451.38,18451.38,20821.6,20820.06,20817.17,21193.46,21192.33,21191.19,23980.65,23977.05,23970.31,24848.82,24846.18,24843.54,27140.31,27134.65,27124.07,28504.41,28500.25,28496.1,30299.96,30292.24,30277.81,32160.01,32154.35,32148.68
"0.03171.8Central",18451.38,18451.38,18451.38,18451.38,18451.38,18451.38,22011.5,22009.96,22007.07,22569.71,22568.58,22567.44,26756.46,26752.86,26746.12,28059.7,28057.06,28054.42,31502.34,31496.68,31486.1,33550.03,33545.87,33541.72,36248.2,36240.48,36226.05,39040.38,39034.72,39029.05
"0.04171.8Central",18451.38,18451.38,18451.38,18451.38,18451.38,18451.38,23201.4,23199.86,23196.97,23945.96,23944.83,23943.69,29532.27,29528.67,29521.93,31270.58,31267.94,31265.3,35864.37,35858.71,35848.13,38595.65,38591.49,38587.34,42196.44,42188.72,42174.29,45920.75,45915.09,45909.42
"0.02201.8Central",25795.38,25795.38,25795.38,25795.38,25795.38,25795.38,28165.6,28164.06,28161.17,28537.46,28536.33,28535.19,31324.65,31321.05,31314.31,32192.82,32190.18,32187.54,34484.31,34478.65,34468.07,35848.41,35844.25,35840.1,37643.96,37636.24,37621.81,39504.01,39498.35,39492.68
"0.03201.8Central",25795.38,25795.38,25795.38,25795.38,25795.38,25795.38,29355.5,29353.96,29351.07,29913.71,29912.58,29911.44,34100.46,34096.86,34090.12,35403.7,35401.06,35398.42,38846.34,38840.68,38830.1,40894.03,40889.87,40885.72,43592.2,43584.48,43570.05,46384.38,46378.72,46373.05
"0.04201.8Central",25795.38,25795.38,25795.38,25795.38,25795.38,25795.38,30545.4,30543.86,30540.97,31289.96,31288.83,31287.69,36876.27,36872.67,36865.93,38614.58,38611.94,38609.3,43208.37,43202.71,43192.13,45939.65,45935.49,45931.34,49540.44,49532.72,49518.29,53264.75,53259.09,53253.42
"0.02231.8Central",33139.38,33139.38,33139.38,33139.38,33139.38,33139.38,35509.6,35508.06,35505.17,35881.46,35880.33,35879.19,38668.65,38665.05,38658.31,39536.82,39534.18,39531.54,41828.31,41822.65,41812.07,43192.41,43188.25,43184.1,44987.96,44980.24,44965.81,46848.01,46842.35,46836.68
"0.03231.8Central",33139.38,33139.38,33139.38,33139.38,33139.38,33139.38,36699.5,36697.96,36695.07,37257.71,37256.58,37255.44,41444.46,41440.86,41434.12,42747.7,42745.06,42742.42,46190.34,46184.68,46174.1,48238.03,48233.87,48229.72,50936.2,50928.48,50914.05,53728.38,53722.72,53717.05
"0.04231.8Central",33139.38,33139.38,33139.38,33139.38,33139.38,33139.38,37889.4,37887.86,37884.97,38633.96,38632.83,38631.69,44220.27,44216.67,44209.93,45958.58,45955.94,45953.3,50552.37,50546.71,50536.13,53283.65,53279.49,53275.34,56884.44,56876.72,56862.29,60608.75,60603.09,60597.42
"0.02172.0Central",21679.38,21679.38,21679.38,21679.38,21679.38,21679.38,24049.6,24048.06,24045.17,24421.46,24420.33,24419.19,27208.65,27205.05,27198.31,28076.82,28074.18,28071.54,30368.31,30362.65,30352.07,31732.41,31728.25,31724.1,33527.96,33520.24,33505.81,35388.01,35382.35,35376.68
"0.03172.0Central",21679.38,21679.38,21679.38,21679.38,21679.38,21679.38,25239.5,25237.96,25235.07,25797.71,25796.58,25795.44,29984.46,29980.86,29974.12,31287.7,31285.06,31282.42,34730.34,34724.68,34714.1,36778.03,36773.87,36769.72,39476.2,39468.48,39454.05,42268.38,42262.72,42257.05
"0.04172.0Central",21679.38,21679.38,21679.38,21679.38,21679.38,21679.38,26429.4,26427.86,26424.97,27173.96,27172.83,27171.69,32760.27,32756.67,32749.93,34498.58,34495.94,34493.3,39092.37,39086.71,39076.13,41823.65,41819.49,41815.34,45424.44,45416.72,45402.29,49148.75,49143.09,49137.42
"0.02202.0Central",29839.38,29839.38,29839.38,29839.38,29839.38,29839.38,32209.6,32208.06,32205.17,32581.46,32580.33,32579.19,35368.65,35365.05,35358.31,36236.82,36234.18,36231.54,38528.31,38522.65,38512.07,39892.41,39888.25,39884.1,41687.96,41680.24,41665.81,43548.01,43542.35,43536.68
"0.03202.0Central",29839.38,29839.38,29839.38,29839.38,29839.38,29839.38,33399.5,33397.96,33395.07,33957.71,33956.58,33955.44,38144.46,38140.86,38134.12,39447.7,39445.06,39442.42,42890.34,42884.68,42874.1,44938.03,44933.87,44929.72,47636.2,47628.48,47614.05,50428.38,50422.72,50417.05
"0.04202.0Central",29839.38,29839.38,29839.38,29839.38,29839.38,29839.38,34589.4,34587.86,34584.97,35333.96,35332.83,35331.69,40920.27,40916.67,40909.93,42658.58,42655.94,42653.3,47252.37,47246.71,47236.13,49983.65,49979.49,49975.34,53584.44,53576.72,53562.29,57308.75,57303.09,57297.42
"0.02232.0Central",37999.38,37999.38,37999.38,37999.38,37999.38,37999.38,40369.6,40368.06,40365.17,40741.46,40740.33,40739.19,43528.65,43525.05,43518.31,44396.82,44394.18,44391.54,46688.31,46682.65,46672.07,48052.41,48048.25,48044.1,49847.96,49840.24,49825.81,51708.01,51702.35,51696.68
"0.03232.0Central",37999.38,37999.38,37999.38,37999.38,37999.38,37999.38,41559.5,41557.96,41555.07,42117.71,42116.58,42115.44,46304.46,46300.86,46294.12,47607.7,47605.06,47602.42,51050.34,51044.68,51034.1,53098.03,53093.87,53089.72,55796.2,55788.48,55774.05,58588.38,58582.72,58577.05
"0.04232.0Central",37999.38,37999.38,37999.38,37999.38,37999.38,37999.38,42749.4,42747.86,42744.97,43493.96,43492.83,43491.69,49080.27,49076.67,49069.93,50818.58,50815.94,50813.3,55412.37,55406.71,55396.13,58143.65,58139.49,58135.34,61744.44,61736.72,61722.29,65468.75,65463.09,65457.42
"0.02170.1Black Belt",-8986.62,-8986.62,-8986.62,-8986.62,-8986.62,-8986.62,-6561.96,-6563.5,-6566.39,-6183.1,-6184.23,-6185.37,-3330.63,-3334.23,-3340.97,-2445.86,-2448.5,-2451.14,-98.55,-104.21,-114.79,1291.65,1287.49,1283.34,3133.52,3125.8,3111.37,5029.13,5023.47,5017.8
"0.03170.1Black Belt",-8986.62,-8986.62,-8986.62,-8986.62,-8986.62,-8986.62,-5344.84,-5346.38,-5349.27,-4776.13,-4777.26,-4778.4,-491.46,-495.06,-501.8,836.68,834.04,831.4,4363.05,4357.39,4346.81,6449.89,6445.73,6441.58,9217.54,9209.82,9195.39,12063.06,12057.4,12051.73
"0.04170.1Black Belt",-8986.62,-8986.62,-8986.62,-8986.62,-8986.62,-8986.62,-4127.72,-4129.26,-4132.15,-3369.16,-3370.29,-3371.43,2347.71,2344.11,2337.37,4119.22,4116.58,4113.94,8824.65,8818.99,8808.41,11608.13,11603.97,11599.82,15301.56,15293.84,15279.41,19096.99,19091.33,19085.66
"0.02200.1Black Belt",-8578.62,-8578.62,-8578.62,-8578.62,-8578.62,-8578.62,-6153.96,-6155.5,-6158.39,-5775.1,-5776.23,-5777.37,-2922.63,-2926.23,-2932.97,-2037.86,-2040.5,-2043.14,309.45,303.79,293.21,1699.65,1695.49,1691.34,3541.52,3533.8,3519.37,5437.13,5431.47,5425.8
"0.03200.1Black Belt",-8578.62,-8578.62,-8578.62,-8578.62,-8578.62,-8578.62,-4936.84,-4938.38,-4941.27,-4368.13,-4369.26,-4370.4,-83.46,-87.06,-93.8,1244.68,1242.04,1239.4,4771.05,4765.39,4754.81,6857.89,6853.73,6849.58,9625.54,9617.82,9603.39,12471.06,12465.4,12459.73
"0.04200.1Black Belt",-8578.62,-8578.62,-8578.62,-8578.62,-8578.62,-8578.62,-3719.72,-3721.26,-3724.15,-2961.16,-2962.29,-2963.43,2755.71,2752.11,2745.37,4527.22,4524.58,4521.94,9232.65,9226.99,9216.41,12016.13,12011.97,12007.82,15709.56,15701.84,15687.41,19504.99,19499.33,19493.66
"0.02230.1Black Belt",-8170.62,-8170.62,-8170.62,-8170.62,-8170.62,-8170.62,-5745.96,-5747.5,-5750.39,-5367.1,-5368.23,-5369.37,-2514.63,-2518.23,-2524.97,-1629.86,-1632.5,-1635.14,717.45,711.79,701.21,2107.65,2103.49,2099.34,3949.52,3941.8,3927.37,5845.13,5839.47,5833.8
"0.03230.1Black Belt",-8170.62,-8170.62,-8170.62,-8170.62,-8170.62,-8170.62,-4528.84,-4530.38,-4533.27,-3960.13,-3961.26,-3962.4,324.54,320.94,314.2,1652.68,1650.04,1647.4,5179.05,5173.39,5162.81,7265.89,7261.73,7257.58,10033.54,10025.82,10011.39,12879.06,12873.4,12867.73
"0.04230.1Black Belt",-8170.62,-8170.62,-8170.62,-8170.62,-8170.62,-8170.62,-3311.72,-3313.26,-3316.15,-2553.16,-2554.29,-2555.43,3163.71,3160.11,3153.37,4935.22,4932.58,4929.94,9640.65,9634.99,9624.41,12424.13,12419.97,12415.82,16117.56,16109.84,16095.41,19912.99,19907.33,19901.66
"0.02170.3Black Belt",-5758.62,-5758.62,-5758.62,-5758.62,-5758.62,-5758.62,-3333.96,-3335.5,-3338.39,-2955.1,-2956.23,-2957.37,-102.63,-106.23,-112.97,782.14,779.5,776.86,3129.45,3123.79,3113.21,4519.65,4515.49,4511.34,6361.52,6353.8,6339.37,8257.13,8251.47,8245.8
"0.03170.3Black Belt",-5758.62,-5758.62,-5758.62,-5758.62,-5758.62,-5758.62,-2116.84,-2118.38,-2121.27,-1548.13,-1549.26,-1550.4,2736.54,2732.94,2726.2,4064.68,4062.04,4059.4,7591.05,7585.39,7574.81,9677.89,9673.73,9669.58,12445.54,12437.82,12423.39,15291.06,15285.4,15279.73
"0.04170.3Black Belt",-5758.62,-5758.62,-5758.62,-5758.62,-5758.62,-5758.62,-899.72,-901.26,-904.15,-141.16,-142.29,-143.43,5575.71,5572.11,5565.37,7347.22,7344.58,7341.94,12052.65,12046.99,12036.41,14836.13,14831.97,14827.82,18529.56,18521.84,18507.41,22324.99,22319.33,22313.66
"0.02200.3Black Belt",-4534.62,-4534.62,-4534.62,-4534.62,-4534.62,-4534.62,-2109.96,-2111.5,-2114.39,-1731.1,-1732.23,-1733.37,1121.37,1117.77,1111.03,2006.14,2003.5,2000.86,4353.45,4347.79,4337.21,5743.65,5739.49,5735.34,7585.52,7577.8,7563.37,9481.13,9475.47,9469.8
"0.03200.3Black Belt",-4534.62,-4534.62,-4534.62,-4534.62,-4534.62,-4534.62,-892.84,-894.38,-897.27,-324.13,-325.26,-326.4,3960.54,3956.94,3950.2,5288.68,5286.04,5283.4,8815.05,8809.39,8798.81,10901.89,10897.73,10893.58,13669.54,13661.82,13647.39,16515.06,16509.4,16503.73
"0.04200.3Black Belt",-4534.62,-4534.62,-4534.62,-4534.62,-4534.62,-4534.62,324.28,322.74,319.85,1082.84,1081.71,1080.57,6799.71,6796.11,6789.37,8571.22,8568.58,8565.94,13276.65,13270.99,13260.41,16060.13,16055.97,16051.82,19753.56,19745.84,19731.41,23548.99,23543.33,23537.66
"0.02230.3Black Belt",-3310.62,-3310.62,-3310.62,-3310.62,-3310.62,-3310.62,-885.96,-887.5,-890.39,-507.1,-508.23,-509.37,2345.37,2341.77,2335.03,3230.14,3227.5,3224.86,5577.45,5571.79,5561.21,6967.65,6963.49,6959.34,8809.52,8801.8,8787.37,10705.13,10699.47,10693.8
"0.03230.3Black Belt",-3310.62,-3310.62,-3310.62,-3310.62,-3310.62,-3310.62,331.16,329.62,326.73,899.87,898.74,897.6,5184.54,5180.94,5174.2,6512.68,6510.04,6507.4,10039.05,10033.39,10022.81,12125.89,12121.73,12117.58,14893.54,14885.82,14871.39,17739.06,17733.4,17727.73
"0.04230.3Black Belt",-3310.62,-3310.62,-3310.62,-3310.62,-3310.62,-3310.62,1548.28,1546.74,1543.85,2306.84,2305.71,2304.57,8023.71,8020.11,8013.37,9795.22,9792.58,9789.94,14500.65,14494.99,14484.41,17284.13,17279.97,17275.82,20977.56,20969.84,20955.41,24772.99,24767.33,24761.66
"0.02170.5Black Belt",-2530.62,-2530.62,-2530.62,-2530.62,-2530.62,-2530.62,-105.96,-107.5,-110.39,272.9,271.77,270.63,3125.37,3121.77,3115.03,4010.14,4007.5,4004.86,6357.45,6351.79,6341.21,7747.65,7743.49,7739.34,9589.52,9581.8,9567.37,11485.13,11479.47,11473.8
"0.03170.5Black Belt",-2530.62,-2530.62,-2530.62,-2530.62,-2530.62,-2530.62,1111.16,1109.62,1106.73,1679.87,1678.74,1677.6,5964.54,5960.94,5954.2,7292.68,7290.04,7287.4,10819.05,10813.39,10802.81,12905.89,12901.73,12897.58,15673.54,15665.82,15651.39,18519.06,18513.4,18507.73
"0.04170.5Black Belt",-2530.62,-2530.62,-2530.62,-2530.62,-2530.62,-2530.62,2328.28,2326.74,2323.85,3086.84,3085.71,3084.57,8803.71,8800.11,8793.37,10575.22,10572.58,10569.94,15280.65,15274.99,15264.41,18064.13,18059.97,18055.82,21757.56,21749.84,21735.41,25552.99,25547.33,25541.66
"0.02200.5Black Belt",-490.62,-490.62,-490.62,-490.62,-490.62,-490.62,1934.04,1932.5,1929.61,2312.9,2311.77,2310.63,5165.37,5161.77,5155.03,6050.14,6047.5,6044.86,8397.45,8391.79,8381.21,9787.65,9783.49,9779.34,11629.52,11621.8,11607.37,13525.13,13519.47,13513.8
"0.03200.5Black Belt",-490.62,-490.62,-490.62,-490.62,-490.62,-490.62,3151.16,3149.62,3146.73,3719.87,3718.74,3717.6,8004.54,8000.94,7994.2,9332.68,9330.04,9327.4,12859.05,12853.39,12842.81,14945.89,14941.73,14937.58,17713.54,17705.82,17691.39,20559.06,20553.4,20547.73
"0.04200.5Black Belt",-490.62,-490.62,-490.62,-490.62,-490.62,-490.62,4368.28,4366.74,4363.85,5126.84,5125.71,5124.57,10843.71,10840.11,10833.37,12615.22,12612.58,12609.94,17320.65,17314.99,17304.41,20104.13,20099.97,20095.82,23797.56,23789.84,23775.41,27592.99,27587.33,27581.66
"0.02230.5Black Belt",1549.38,1549.38,1549.38,1549.38,1549.38,1549.38,3974.04,3972.5,3969.61,4352.9,4351.77,4350.63,7205.37,7201.77,7195.03,8090.14,8087.5,8084.86,10437.45,10431.79,10421.21,11827.65,11823.49,11819.34,13669.52,13661.8,13647.37,15565.13,15559.47,15553.8
"0.03230.5Black Belt",1549.38,1549.38,1549.38,1549.38,1549.38,1549.38,5191.16,5189.62,5186.73,5759.87,5758.74,5757.6,10044.54,10040.94,10034.2,11372.68,11370.04,11367.4,14899.05,14893.39,14882.81,16985.89,16981.73,16977.58,19753.54,19745.82,19731.39,22599.06,22593.4,22587.73
"0.04230.5Black Belt",1549.38,1549.38,1549.38,1549.38,1549.38,1549.38,6408.28,6406.74,6403.85,7166.84,7165.71,7164.57,12883.71,12880.11,12873.37,14655.22,14652.58,14649.94,19360.65,19354.99,19344.41,22144.13,22139.97,22135.82,25837.56,25829.84,25815.41,29632.99,29627.33,29621.66
"0.02170.7Black Belt",697.38,697.38,697.38,697.38,697.38,697.38,3122.04,3120.5,3117.61,3500.9,3499.77,3498.63,6353.37,6349.77,6343.03,7238.14,7235.5,7232.86,9585.45,9579.79,9569.21,10975.65,10971.49,10967.34,12817.52,12809.8,12795.37,14713.13,14707.47,14701.8
"0.03170.7Black Belt",697.38,697.38,697.38,697.38,697.38,697.38,4339.16,4337.62,4334.73,4907.87,4906.74,4905.6,9192.54,9188.94,9182.2,10520.68,10518.04,10515.4,14047.05,14041.39,14030.81,16133.89,16129.73,16125.58,18901.54,18893.82,18879.39,21747.06,21741.4,21735.73
"0.04170.7Black Belt",697.38,697.38,697.38,697.38,697.38,697.38,5556.28,5554.74,5551.85,6314.84,6313.71,6312.57,12031.71,12028.11,12021.37,13803.22,13800.58,13797.94,18508.65,18502.99,18492.41,21292.13,21287.97,21283.82,24985.56,24977.84,24963.41,28780.99,28775.33,28769.66
"0.02200.7Black Belt",3553.38,3553.38,3553.38,3553.38,3553.38,3553.38,5978.04,5976.5,5973.61,6356.9,6355.77,6354.63,9209.37,9205.77,9199.03,10094.14,10091.5,10088.86,12441.45,12435.79,12425.21,13831.65,13827.49,13823.34,15673.52,15665.8,15651.37,17569.13,17563.47,17557.8
"0.03200.7Black Belt",3553.38,3553.38,3553.38,3553.38,3553.38,3553.38,7195.16,7193.62,7190.73,7763.87,7762.74,7761.6,12048.54,12044.94,12038.2,13376.68,13374.04,13371.4,16903.05,16897.39,16886.81,18989.89,18985.73,18981.58,21757.54,21749.82,21735.39,24603.06,24597.4,24591.73
"0.04200.7Black Belt",3553.38,3553.38,3553.38,3553.38,3553.38,3553.38,8412.28,8410.74,8407.85,9170.84,9169.71,9168.57,14887.71,14884.11,14877.37,16659.22,16656.58,16653.94,21364.65,21358.99,21348.41,24148.13,24143.97,24139.82,27841.56,27833.84,27819.41,31636.99,31631.33,31625.66
"0.02230.7Black Belt",6409.38,6409.38,6409.38,6409.38,6409.38,6409.38,8834.04,8832.5,8829.61,9212.9,9211.77,9210.63,12065.37,12061.77,12055.03,12950.14,12947.5,12944.86,15297.45,15291.79,15281.21,16687.65,16683.49,16679.34,18529.52,18521.8,18507.37,20425.13,20419.47,20413.8
"0.03230.7Black Belt",6409.38,6409.38,6409.38,6409.38,6409.38,6409.38,10051.16,10049.62,10046.73,10619.87,10618.74,10617.6,14904.54,14900.94,14894.2,16232.68,16230.04,16227.4,19759.05,19753.39,19742.81,21845.89,21841.73,21837.58,24613.54,24605.82,24591.39,27459.06,27453.4,27447.73
"0.04230.7Black Belt",6409.38,6409.38,6409.38,6409.38,6409.38,6409.38,11268.28,11266.74,11263.85,12026.84,12025.71,12024.57,17743.71,17740.11,17733.37,19515.22,19512.58,19509.94,24220.65,24214.99,24204.41,27004.13,26999.97,26995.82,30697.56,30689.84,30675.41,34492.99,34487.33,34481.66
"0.02171.0Black Belt",5539.38,5539.38,5539.38,5539.38,5539.38,5539.38,7964.04,7962.5,7959.61,8342.9,8341.77,8340.63,11195.37,11191.77,11185.03,12080.14,12077.5,12074.86,14427.45,14421.79,14411.21,15817.65,15813.49,15809.34,17659.52,17651.8,17637.37,19555.13,19549.47,19543.8
"0.03171.0Black Belt",5539.38,5539.38,5539.38,5539.38,5539.38,5539.38,9181.16,9179.62,9176.73,9749.87,9748.74,9747.6,14034.54,14030.94,14024.2,15362.68,15360.04,15357.4,18889.05,18883.39,18872.81,20975.89,20971.73,20967.58,23743.54,23735.82,23721.39,26589.06,26583.4,26577.73
"0.04171.0Black Belt",5539.38,5539.38,5539.38,5539.38,5539.38,5539.38,10398.28,10396.74,10393.85,11156.84,11155.71,11154.57,16873.71,16870.11,16863.37,18645.22,18642.58,18639.94,23350.65,23344.99,23334.41,26134.13,26129.97,26125.82,29827.56,29819.84,29805.41,33622.99,33617.33,33611.66
"0.02201.0Black Belt",9619.38,9619.38,9619.38,9619.38,9619.38,9619.38,12044.04,12042.5,12039.61,12422.9,12421.77,12420.63,15275.37,15271.77,15265.03,16160.14,16157.5,16154.86,18507.45,18501.79,18491.21,19897.65,19893.49,19889.34,21739.52,21731.8,21717.37,23635.13,23629.47,23623.8
"0.03201.0Black Belt",9619.38,9619.38,9619.38,9619.38,9619.38,9619.38,13261.16,13259.62,13256.73,13829.87,13828.74,13827.6,18114.54,18110.94,18104.2,19442.68,19440.04,19437.4,22969.05,22963.39,22952.81,25055.89,25051.73,25047.58,27823.54,27815.82,27801.39,30669.06,30663.4,30657.73
"0.04201.0Black Belt",9619.38,9619.38,9619.38,9619.38,9619.38,9619.38,14478.28,14476.74,14473.85,15236.84,15235.71,15234.57,20953.71,20950.11,20943.37,22725.22,22722.58,22719.94,27430.65,27424.99,27414.41,30214.13,30209.97,30205.82,33907.56,33899.84,33885.41,37702.99,37697.33,37691.66
"0.02231.0Black Belt",13699.38,13699.38,13699.38,13699.38,13699.38,13699.38,16124.04,16122.5,16119.61,16502.9,16501.77,16500.63,19355.37,19351.77,19345.03,20240.14,20237.5,20234.86,22587.45,22581.79,22571.21,23977.65,23973.49,23969.34,25819.52,25811.8,25797.37,27715.13,27709.47,27703.8
"0.03231.0Black Belt",13699.38,13699.38,13699.38,13699.38,13699.38,13699.38,17341.16,17339.62,17336.73,17909.87,17908.74,17907.6,22194.54,22190.94,22184.2,23522.68,23520.04,23517.4,27049.05,27043.39,27032.81,29135.89,29131.73,29127.58,31903.54,31895.82,31881.39,34749.06,34743.4,34737.73
"0.04231.0Black Belt",13699.38,13699.38,13699.38,13699.38,13699.38,13699.38,18558.28,18556.74,18553.85,19316.84,19315.71,19314.57,25033.71,25030.11,25023.37,26805.22,26802.58,26799.94,31510.65,31504.99,31494.41,34294.13,34289.97,34285.82,37987.56,37979.84,37965.41,41782.99,41777.33,41771.66
"0.02171.2Black Belt",8767.38,8767.38,8767.38,8767.38,8767.38,8767.38,11192.04,11190.5,11187.61,11570.9,11569.77,11568.63,14423.37,14419.77,14413.03,15308.14,15305.5,15302.86,17655.45,17649.79,17639.21,19045.65,19041.49,19037.34,20887.52,20879.8,20865.37,22783.13,22777.47,22771.8
"0.03171.2Black Belt",8767.38,8767.38,8767.38,8767.38,8767.38,8767.38,12409.16,12407.62,12404.73,12977.87,12976.74,12975.6,17262.54,17258.94,17252.2,18590.68,18588.04,18585.4,22117.05,22111.39,22100.81,24203.89,24199.73,24195.58,26971.54,26963.82,26949.39,29817.06,29811.4,29805.73
"0.04171.2Black Belt",8767.38,8767.38,8767.38,8767.38,8767.38,8767.38,13626.28,13624.74,13621.85,14384.84,14383.71,14382.57,20101.71,20098.11,20091.37,21873.22,21870.58,21867.94,26578.65,26572.99,26562.41,29362.13,29357.97,29353.82,33055.56,33047.84,33033.41,36850.99,36845.33,36839.66
"0.02201.2Black Belt",13663.38,13663.38,13663.38,13663.38,13663.38,13663.38,16088.04,16086.5,16083.61,16466.9,16465.77,16464.63,19319.37,19315.77,19309.03,20204.14,20201.5,20198.86,22551.45,22545.79,22535.21,23941.65,23937.49,23933.34,25783.52,25775.8,25761.37,27679.13,27673.47,27667.8
"0.03201.2Black Belt",13663.38,13663.38,13663.38,13663.38,13663.38,13663.38,17305.16,17303.62,17300.73,17873.87,17872.74,17871.6,22158.54,22154.94,22148.2,23486.68,23484.04,23481.4,27013.05,27007.39,26996.81,29099.89,29095.73,29091.58,31867.54,31859.82,31845.39,34713.06,34707.4,34701.73
"0.04201.2Black Belt",13663.38,13663.38,13663.38,13663.38,13663.38,13663.38,18522.28,18520.74,18517.85,19280.84,19279.71,19278.57,24997.71,24994.11,24987.37,26769.22,26766.58,26763.94,31474.65,31468.99,31458.41,34258.13,34253.97,34249.82,37951.56,37943.84,37929.41,41746.99,41741.33,41735.66
"0.02231.2Black Belt",18559.38,18559.38,18559.38,18559.38,18559.38,18559.38,20984.04,20982.5,20979.61,21362.9,21361.77,21360.63,24215.37,24211.77,24205.03,25100.14,25097.5,25094.86,27447.45,27441.79,27431.21,28837.65,28833.49,28829.34,30679.52,30671.8,30657.37,32575.13,32569.47,32563.8
"0.03231.2Black Belt",18559.38,18559.38,18559.38,18559.38,18559.38,18559.38,22201.16,22199.62,22196.73,22769.87,22768.74,22767.6,27054.54,27050.94,27044.2,28382.68,28380.04,28377.4,31909.05,31903.39,31892.81,33995.89,33991.73,33987.58,36763.54,36755.82,36741.39,39609.06,39603.4,39597.73
"0.04231.2Black Belt",18559.38,18559.38,18559.38,18559.38,18559.38,18559.38,23418.28,23416.74,23413.85,24176.84,24175.71,24174.57,29893.71,29890.11,29883.37,31665.22,31662.58,31659.94,36370.65,36364.99,36354.41,39154.13,39149.97,39145.82,42847.56,42839.84,42825.41,46642.99,46637.33,46631.66
"0.02171.5Black Belt",13609.38,13609.38,13609.38,13609.38,13609.38,13609.38,16034.04,16032.5,16029.61,16412.9,16411.77,16410.63,19265.37,19261.77,19255.03,20150.14,20147.5,20144.86,22497.45,22491.79,22481.21,23887.65,23883.49,23879.34,25729.52,25721.8,25707.37,27625.13,27619.47,27613.8
"0.03171.5Black Belt",13609.38,13609.38,13609.38,13609.38,13609.38,13609.38,17251.16,17249.62,17246.73,17819.87,17818.74,17817.6,22104.54,22100.94,22094.2,23432.68,23430.04,23427.4,26959.05,26953.39,26942.81,29045.89,29041.73,29037.58,31813.54,31805.82,31791.39,34659.06,34653.4,34647.73
"0.04171.5Black Belt",13609.38,13609.38,13609.38,13609.38,13609.38,13609.38,18468.28,18466.74,18463.85,19226.84,19225.71,19224.57,24943.71,24940.11,24933.37,26715.22,26712.58,26709.94,31420.65,31414.99,31404.41,34204.13,34199.97,34195.82,37897.56,37889.84,37875.41,41692.99,41687.33,41681.66
"0.02201.5Black Belt",19729.38,19729.38,19729.38,19729.38,19729.38,19729.38,22154.04,22152.5,22149.61,22532.9,22531.77,22530.63,25385.37,25381.77,25375.03,26270.14,26267.5,26264.86,28617.45,28611.79,28601.21,30007.65,30003.49,29999.34,31849.52,31841.8,31827.37,33745.13,33739.47,33733.8
"0.03201.5Black Belt",19729.38,19729.38,19729.38,19729.38,19729.38,19729.38,23371.16,23369.62,23366.73,23939.87,23938.74,23937.6,28224.54,28220.94,28214.2,29552.68,29550.04,29547.4,33079.05,33073.39,33062.81,35165.89,35161.73,35157.58,37933.54,37925.82,37911.39,40779.06,40773.4,40767.73
"0.04201.5Black Belt",19729.38,19729.38,19729.38,19729.38,19729.38,19729.38,24588.28,24586.74,24583.85,25346.84,25345.71,25344.57,31063.71,31060.11,31053.37,32835.22,32832.58,32829.94,37540.65,37534.99,37524.41,40324.13,40319.97,40315.82,44017.56,44009.84,43995.41,47812.99,47807.33,47801.66
"0.02231.5Black Belt",25849.38,25849.38,25849.38,25849.38,25849.38,25849.38,28274.04,28272.5,28269.61,28652.9,28651.77,28650.63,31505.37,31501.77,31495.03,32390.14,32387.5,32384.86,34737.45,34731.79,34721.21,36127.65,36123.49,36119.34,37969.52,37961.8,37947.37,39865.13,39859.47,39853.8
"0.03231.5Black Belt",25849.38,25849.38,25849.38,25849.38,25849.38,25849.38,29491.16,29489.62,29486.73,30059.87,30058.74,30057.6,34344.54,34340.94,34334.2,35672.68,35670.04,35667.4,39199.05,39193.39,39182.81,41285.89,41281.73,41277.58,44053.54,44045.82,44031.39,46899.06,46893.4,46887.73
"0.04231.5Black Belt",25849.38,25849.38,25849.38,25849.38,25849.38,25849.38,30708.28,30706.74,30703.85,31466.84,31465.71,31464.57,37183.71,37180.11,37173.37,38955.22,38952.58,38949.94,43660.65,43654.99,43644.41,46444.13,46439.97,46435.82,50137.56,50129.84,50115.41,53932.99,53927.33,53921.66
"0.02171.8Black Belt",18451.38,18451.38,18451.38,18451.38,18451.38,18451.38,20876.04,20874.5,20871.61,21254.9,21253.77,21252.63,24107.37,24103.77,24097.03,24992.14,24989.5,24986.86,27339.45,27333.79,27323.21,28729.65,28725.49,28721.34,30571.52,30563.8,30549.37,32467.13,32461.47,32455.8
"0.03171.8Black Belt",18451.38,18451.38,18451.38,18451.38,18451.38,18451.38,22093.16,22091.62,22088.73,22661.87,22660.74,22659.6,26946.54,26942.94,26936.2,28274.68,28272.04,28269.4,31801.05,31795.39,31784.81,33887.89,33883.73,33879.58,36655.54,36647.82,36633.39,39501.06,39495.4,39489.73
"0.04171.8Black Belt",18451.38,18451.38,18451.38,18451.38,18451.38,18451.38,23310.28,23308.74,23305.85,24068.84,24067.71,24066.57,29785.71,29782.11,29775.37,31557.22,31554.58,31551.94,36262.65,36256.99,36246.41,39046.13,39041.97,39037.82,42739.56,42731.84,42717.41,46534.99,46529.33,46523.66
"0.02201.8Black Belt",25795.38,25795.38,25795.38,25795.38,25795.38,25795.38,28220.04,28218.5,28215.61,28598.9,28597.77,28596.63,31451.37,31447.77,31441.03,32336.14,32333.5,32330.86,34683.45,34677.79,34667.21,36073.65,36069.49,36065.34,37915.52,37907.8,37893.37,39811.13,39805.47,39799.8
"0.03201.8Black Belt",25795.38,25795.38,25795.38,25795.38,25795.38,25795.38,29437.16,29435.62,29432.73,30005.87,30004.74,30003.6,34290.54,34286.94,34280.2,35618.68,35616.04,35613.4,39145.05,39139.39,39128.81,41231.89,41227.73,41223.58,43999.54,43991.82,43977.39,46845.06,46839.4,46833.73
"0.04201.8Black Belt",25795.38,25795.38,25795.38,25795.38,25795.38,25795.38,30654.28,30652.74,30649.85,31412.84,31411.71,31410.57,37129.71,37126.11,37119.37,38901.22,38898.58,38895.94,43606.65,43600.99,43590.41,46390.13,46385.97,46381.82,50083.56,50075.84,50061.41,53878.99,53873.33,53867.66
"0.02231.8Black Belt",33139.38,33139.38,33139.38,33139.38,33139.38,33139.38,35564.04,35562.5,35559.61,35942.9,35941.77,35940.63,38795.37,38791.77,38785.03,39680.14,39677.5,39674.86,42027.45,42021.79,42011.21,43417.65,43413.49,43409.34,45259.52,45251.8,45237.37,47155.13,47149.47,47143.8
"0.03231.8Black Belt",33139.38,33139.38,33139.38,33139.38,33139.38,33139.38,36781.16,36779.62,36776.73,37349.87,37348.74,37347.6,41634.54,41630.94,41624.2,42962.68,42960.04,42957.4,46489.05,46483.39,46472.81,48575.89,48571.73,48567.58,51343.54,51335.82,51321.39,54189.06,54183.4,54177.73
"0.04231.8Black Belt",33139.38,33139.38,33139.38,33139.38,33139.38,33139.38,37998.28,37996.74,37993.85,38756.84,38755.71,38754.57,44473.71,44470.11,44463.37,46245.22,46242.58,46239.94,50950.65,50944.99,50934.41,53734.13,53729.97,53725.82,57427.56,57419.84,57405.41,61222.99,61217.33,61211.66
"0.02172.0Black Belt",21679.38,21679.38,21679.38,21679.38,21679.38,21679.38,24104.04,24102.5,24099.61,24482.9,24481.77,24480.63,27335.37,27331.77,27325.03,28220.14,28217.5,28214.86,30567.45,30561.79,30551.21,31957.65,31953.49,31949.34,33799.52,33791.8,33777.37,35695.13,35689.47,35683.8
"0.03172.0Black Belt",21679.38,21679.38,21679.38,21679.38,21679.38,21679.38,25321.16,25319.62,25316.73,25889.87,25888.74,25887.6,30174.54,30170.94,30164.2,31502.68,31500.04,31497.4,35029.05,35023.39,35012.81,37115.89,37111.73,37107.58,39883.54,39875.82,39861.39,42729.06,42723.4,42717.73
"0.04172.0Black Belt",21679.38,21679.38,21679.38,21679.38,21679.38,21679.38,26538.28,26536.74,26533.85,27296.84,27295.71,27294.57,33013.71,33010.11,33003.37,34785.22,34782.58,34779.94,39490.65,39484.99,39474.41,42274.13,42269.97,42265.82,45967.56,45959.84,45945.41,49762.99,49757.33,49751.66
"0.02202.0Black Belt",29839.38,29839.38,29839.38,29839.38,29839.38,29839.38,32264.04,32262.5,32259.61,32642.9,32641.77,32640.63,35495.37,35491.77,35485.03,36380.14,36377.5,36374.86,38727.45,38721.79,38711.21,40117.65,40113.49,40109.34,41959.52,41951.8,41937.37,43855.13,43849.47,43843.8
"0.03202.0Black Belt",29839.38,29839.38,29839.38,29839.38,29839.38,29839.38,33481.16,33479.62,33476.73,34049.87,34048.74,34047.6,38334.54,38330.94,38324.2,39662.68,39660.04,39657.4,43189.05,43183.39,43172.81,45275.89,45271.73,45267.58,48043.54,48035.82,48021.39,50889.06,50883.4,50877.73
"0.04202.0Black Belt",29839.38,29839.38,29839.38,29839.38,29839.38,29839.38,34698.28,34696.74,34693.85,35456.84,35455.71,35454.57,41173.71,41170.11,41163.37,42945.22,42942.58,42939.94,47650.65,47644.99,47634.41,50434.13,50429.97,50425.82,54127.56,54119.84,54105.41,57922.99,57917.33,57911.66
"0.02232.0Black Belt",37999.38,37999.38,37999.38,37999.38,37999.38,37999.38,40424.04,40422.5,40419.61,40802.9,40801.77,40800.63,43655.37,43651.77,43645.03,44540.14,44537.5,44534.86,46887.45,46881.79,46871.21,48277.65,48273.49,48269.34,50119.52,50111.8,50097.37,52015.13,52009.47,52003.8
"0.03232.0Black Belt",37999.38,37999.38,37999.38,37999.38,37999.38,37999.38,41641.16,41639.62,41636.73,42209.87,42208.74,42207.6,46494.54,46490.94,46484.2,47822.68,47820.04,47817.4,51349.05,51343.39,51332.81,53435.89,53431.73,53427.58,56203.54,56195.82,56181.39,59049.06,59043.4,59037.73
"0.04232.0Black Belt",37999.38,37999.38,37999.38,37999.38,37999.38,37999.38,42858.28,42856.74,42853.85,43616.84,43615.71,43614.57,49333.71,49330.11,49323.37,51105.22,51102.58,51099.94,55810.65,55804.99,55794.41,58594.13,58589.97,58585.82,62287.56,62279.84,62265.41,66082.99,66077.33,66071.66
"0.02170.1Southern",-8986.62,-8986.62,-8986.62,-8986.62,-8986.62,-8986.62,-6542.26,-6543.8,-6546.69,-6145.18,-6146.31,-6147.45,-3284.51,-3288.11,-3294.85,-2357.38,-2360.02,-2362.66,-26.09,-31.75,-42.33,1430.69,1426.53,1422.38,3232.32,3224.6,3210.17,5218.73,5213.07,5207.4
"0.03170.1Southern",-8986.62,-8986.62,-8986.62,-8986.62,-8986.62,-8986.62,-5315.29,-5316.83,-5319.72,-4719.25,-4720.38,-4721.52,-422.28,-425.88,-432.62,969.4,966.76,964.12,4471.74,4466.08,4455.5,6658.45,6654.29,6650.14,9365.74,9358.02,9343.59,12347.46,12341.8,12336.13
"0.04170.1Southern",-8986.62,-8986.62,-8986.62,-8986.62,-8986.62,-8986.62,-4088.32,-4089.86,-4092.75,-3293.32,-3294.45,-3295.59,2439.95,2436.35,2429.61,4296.18,4293.54,4290.9,8969.57,8963.91,8953.33,11886.21,11882.05,11877.9,15499.16,15491.44,15477.01,19476.19,19470.53,19464.86
"0.02200.1Southern",-8578.62,-8578.62,-8578.62,-8578.62,-8578.62,-8578.62,-6134.26,-6135.8,-6138.69,-5737.18,-5738.31,-5739.45,-2876.51,-2880.11,-2886.85,-1949.38,-1952.02,-1954.66,381.91,376.25,365.67,1838.69,1834.53,1830.38,3640.32,3632.6,3618.17,5626.73,5621.07,5615.4
"0.03200.1Southern",-8578.62,-8578.62,-8578.62,-8578.62,-8578.62,-8578.62,-4907.29,-4908.83,-4911.72,-4311.25,-4312.38,-4313.52,-14.28,-17.88,-24.62,1377.4,1374.76,1372.12,4879.74,4874.08,4863.5,7066.45,7062.29,7058.14,9773.74,9766.02,9751.59,12755.46,12749.8,12744.13
"0.04200.1Southern",-8578.62,-8578.62,-8578.62,-8578.62,-8578.62,-8578.62,-3680.32,-3681.86,-3684.75,-2885.32,-2886.45,-2887.59,2847.95,2844.35,2837.61,4704.18,4701.54,4698.9,9377.57,9371.91,9361.33,12294.21,12290.05,12285.9,15907.16,15899.44,15885.01,19884.19,19878.53,19872.86
"0.02230.1Southern",-8170.62,-8170.62,-8170.62,-8170.62,-8170.62,-8170.62,-5726.26,-5727.8,-5730.69,-5329.18,-5330.31,-5331.45,-2468.51,-2472.11,-2478.85,-1541.38,-1544.02,-1546.66,789.91,784.25,773.67,2246.69,2242.53,2238.38,4048.32,4040.6,4026.17,6034.73,6029.07,6023.4
"0.03230.1Southern",-8170.62,-8170.62,-8170.62,-8170.62,-8170.62,-8170.62,-4499.29,-4500.83,-4503.72,-3903.25,-3904.38,-3905.52,393.72,390.12,383.38,1785.4,1782.76,1780.12,5287.74,5282.08,5271.5,7474.45,7470.29,7466.14,10181.74,10174.02,10159.59,13163.46,13157.8,13152.13
"0.04230.1Southern",-8170.62,-8170.62,-8170.62,-8170.62,-8170.62,-8170.62,-3272.32,-3273.86,-3276.75,-2477.32,-2478.45,-2479.59,3255.95,3252.35,3245.61,5112.18,5109.54,5106.9,9785.57,9779.91,9769.33,12702.21,12698.05,12693.9,16315.16,16307.44,16293.01,20292.19,20286.53,20280.86
"0.02170.3Southern",-5758.62,-5758.62,-5758.62,-5758.62,-5758.62,-5758.62,-3314.26,-3315.8,-3318.69,-2917.18,-2918.31,-2919.45,-56.51,-60.11,-66.85,870.62,867.98,865.34,3201.91,3196.25,3185.67,4658.69,4654.53,4650.38,6460.32,6452.6,6438.17,8446.73,8441.07,8435.4
"0.03170.3Southern",-5758.62,-5758.62,-5758.62,-5758.62,-5758.62,-5758.62,-2087.29,-2088.83,-2091.72,-1491.25,-1492.38,-1493.52,2805.72,2802.12,2795.38,4197.4,4194.76,4192.12,7699.74,7694.08,7683.5,9886.45,9882.29,9878.14,12593.74,12586.02,12571.59,15575.46,15569.8,15564.13
"0.04170.3Southern",-5758.62,-5758.62,-5758.62,-5758.62,-5758.62,-5758.62,-860.32,-861.86,-864.75,-65.32,-66.45,-67.59,5667.95,5664.35,5657.61,7524.18,7521.54,7518.9,12197.57,12191.91,12181.33,15114.21,15110.05,15105.9,18727.16,18719.44,18705.01,22704.19,22698.53,22692.86
"0.02200.3Southern",-4534.62,-4534.62,-4534.62,-4534.62,-4534.62,-4534.62,-2090.26,-2091.8,-2094.69,-1693.18,-1694.31,-1695.45,1167.49,1163.89,1157.15,2094.62,2091.98,2089.34,4425.91,4420.25,4409.67,5882.69,5878.53,5874.38,7684.32,7676.6,7662.17,9670.73,9665.07,9659.4
"0.03200.3Southern",-4534.62,-4534.62,-4534.62,-4534.62,-4534.62,-4534.62,-863.29,-864.83,-867.72,-267.25,-268.38,-269.52,4029.72,4026.12,4019.38,5421.4,5418.76,5416.12,8923.74,8918.08,8907.5,11110.45,11106.29,11102.14,13817.74,13810.02,13795.59,16799.46,16793.8,16788.13
"0.04200.3Southern",-4534.62,-4534.62,-4534.62,-4534.62,-4534.62,-4534.62,363.68,362.14,359.25,1158.68,1157.55,1156.41,6891.95,6888.35,6881.61,8748.18,8745.54,8742.9,13421.57,13415.91,13405.33,16338.21,16334.05,16329.9,19951.16,19943.44,19929.01,23928.19,23922.53,23916.86
"0.02230.3Southern",-3310.62,-3310.62,-3310.62,-3310.62,-3310.62,-3310.62,-866.26,-867.8,-870.69,-469.18,-470.31,-471.45,2391.49,2387.89,2381.15,3318.62,3315.98,3313.34,5649.91,5644.25,5633.67,7106.69,7102.53,7098.38,8908.32,8900.6,8886.17,10894.73,10889.07,10883.4
"0.03230.3Southern",-3310.62,-3310.62,-3310.62,-3310.62,-3310.62,-3310.62,360.71,359.17,356.28,956.75,955.62,954.48,5253.72,5250.12,5243.38,6645.4,6642.76,6640.12,10147.74,10142.08,10131.5,12334.45,12330.29,12326.14,15041.74,15034.02,15019.59,18023.46,18017.8,18012.13
"0.04230.3Southern",-3310.62,-3310.62,-3310.62,-3310.62,-3310.62,-3310.62,1587.68,1586.14,1583.25,2382.68,2381.55,2380.41,8115.95,8112.35,8105.61,9972.18,9969.54,9966.9,14645.57,14639.91,14629.33,17562.21,17558.05,17553.9,21175.16,21167.44,21153.01,25152.19,25146.53,25140.86
"0.02170.5Southern",-2530.62,-2530.62,-2530.62,-2530.62,-2530.62,-2530.62,-86.26,-87.8,-90.69,310.82,309.69,308.55,3171.49,3167.89,3161.15,4098.62,4095.98,4093.34,6429.91,6424.25,6413.67,7886.69,7882.53,7878.38,9688.32,9680.6,9666.17,11674.73,11669.07,11663.4
"0.03170.5Southern",-2530.62,-2530.62,-2530.62,-2530.62,-2530.62,-2530.62,1140.71,1139.17,1136.28,1736.75,1735.62,1734.48,6033.72,6030.12,6023.38,7425.4,7422.76,7420.12,10927.74,10922.08,10911.5,13114.45,13110.29,13106.14,15821.74,15814.02,15799.59,18803.46,18797.8,18792.13
"0.04170.5Southern",-2530.62,-2530.62,-2530.62,-2530.62,-2530.62,-2530.62,2367.68,2366.14,2363.25,3162.68,3161.55,3160.41,8895.95,8892.35,8885.61,10752.18,10749.54,10746.9,15425.57,15419.91,15409.33,18342.21,18338.05,18333.9,21955.16,21947.44,21933.01,25932.19,25926.53,25920.86
"0.02200.5Southern",-490.62,-490.62,-490.62,-490.62,-490.62,-490.62,1953.74,1952.2,1949.31,2350.82,2349.69,2348.55,5211.49,5207.89,5201.15,6138.62,6135.98,6133.34,8469.91,8464.25,8453.67,9926.69,9922.53,9918.38,11728.32,11720.6,11706.17,13714.73,13709.07,13703.4
"0.03200.5Southern",-490.62,-490.62,-490.62,-490.62,-490.62,-490.62,3180.71,3179.17,3176.28,3776.75,3775.62,3774.48,8073.72,8070.12,8063.38,9465.4,9462.76,9460.12,12967.74,12962.08,12951.5,15154.45,15150.29,15146.14,17861.74,17854.02,17839.59,20843.46,20837.8,20832.13
"0.04200.5Southern",-490.62,-490.62,-490.62,-490.62,-490.62,-490.62,4407.68,4406.14,4403.25,5202.68,5201.55,5200.41,10935.95,10932.35,10925.61,12792.18,12789.54,12786.9,17465.57,17459.91,17449.33,20382.21,20378.05,20373.9,23995.16,23987.44,23973.01,27972.19,27966.53,27960.86
"0.02230.5Southern",1549.38,1549.38,1549.38,1549.38,1549.38,1549.38,3993.74,3992.2,3989.31,4390.82,4389.69,4388.55,7251.49,7247.89,7241.15,8178.62,8175.98,8173.34,10509.91,10504.25,10493.67,11966.69,11962.53,11958.38,13768.32,13760.6,13746.17,15754.73,15749.07,15743.4
"0.03230.5Southern",1549.38,1549.38,1549.38,1549.38,1549.38,1549.38,5220.71,5219.17,5216.28,5816.75,5815.62,5814.48,10113.72,10110.12,10103.38,11505.4,11502.76,11500.12,15007.74,15002.08,14991.5,17194.45,17190.29,17186.14,19901.74,19894.02,19879.59,22883.46,22877.8,22872.13
"0.04230.5Southern",1549.38,1549.38,1549.38,1549.38,1549.38,1549.38,6447.68,6446.14,6443.25,7242.68,7241.55,7240.41,12975.95,12972.35,12965.61,14832.18,14829.54,14826.9,19505.57,19499.91,19489.33,22422.21,22418.05,22413.9,26035.16,26027.44,26013.01,30012.19,30006.53,30000.86
"0.02170.7Southern",697.38,697.38,697.38,697.38,697.38,697.38,3141.74,3140.2,3137.31,3538.82,3537.69,3536.55,6399.49,6395.89,6389.15,7326.62,7323.98,7321.34,9657.91,9652.25,9641.67,11114.69,11110.53,11106.38,12916.32,12908.6,12894.17,14902.73,14897.07,14891.4
"0.03170.7Southern",697.38,697.38,697.38,697.38,697.38,697.38,4368.71,4367.17,4364.28,4964.75,4963.62,4962.48,9261.72,9258.12,9251.38,10653.4,10650.76,10648.12,14155.74,14150.08,14139.5,16342.45,16338.29,16334.14,19049.74,19042.02,19027.59,22031.46,22025.8,22020.13
"0.04170.7Southern",697.38,697.38,697.38,697.38,697.38,697.38,5595.68,5594.14,5591.25,6390.68,6389.55,6388.41,12123.95,12120.35,12113.61,13980.18,13977.54,13974.9,18653.57,18647.91,18637.33,21570.21,21566.05,21561.9,25183.16,25175.44,25161.01,29160.19,29154.53,29148.86
"0.02200.7Southern",3553.38,3553.38,3553.38,3553.38,3553.38,3553.38,5997.74,5996.2,5993.31,6394.82,6393.69,6392.55,9255.49,9251.89,9245.15,10182.62,10179.98,10177.34,12513.91,12508.25,12497.67,13970.69,13966.53,13962.38,15772.32,15764.6,15750.17,17758.73,17753.07,17747.4
"0.03200.7Southern",3553.38,3553.38,3553.38,3553.38,3553.38,3553.38,7224.71,7223.17,7220.28,7820.75,7819.62,7818.48,12117.72,12114.12,12107.38,13509.4,13506.76,13504.12,17011.74,17006.08,16995.5,19198.45,19194.29,19190.14,21905.74,21898.02,21883.59,24887.46,24881.8,24876.13
"0.04200.7Southern",3553.38,3553.38,3553.38,3553.38,3553.38,3553.38,8451.68,8450.14,8447.25,9246.68,9245.55,9244.41,14979.95,14976.35,14969.61,16836.18,16833.54,16830.9,21509.57,21503.91,21493.33,24426.21,24422.05,24417.9,28039.16,28031.44,28017.01,32016.19,32010.53,32004.86
"0.02230.7Southern",6409.38,6409.38,6409.38,6409.38,6409.38,6409.38,8853.74,8852.2,8849.31,9250.82,9249.69,9248.55,12111.49,12107.89,12101.15,13038.62,13035.98,13033.34,15369.91,15364.25,15353.67,16826.69,16822.53,16818.38,18628.32,18620.6,18606.17,20614.73,20609.07,20603.4
"0.03230.7Southern",6409.38,6409.38,6409.38,6409.38,6409.38,6409.38,10080.71,10079.17,10076.28,10676.75,10675.62,10674.48,14973.72,14970.12,14963.38,16365.4,16362.76,16360.12,19867.74,19862.08,19851.5,22054.45,22050.29,22046.14,24761.74,24754.02,24739.59,27743.46,27737.8,27732.13
"0.04230.7Southern",6409.38,6409.38,6409.38,6409.38,6409.38,6409.38,11307.68,11306.14,11303.25,12102.68,12101.55,12100.41,17835.95,17832.35,17825.61,19692.18,19689.54,19686.9,24365.57,24359.91,24349.33,27282.21,27278.05,27273.9,30895.16,30887.44,30873.01,34872.19,34866.53,34860.86
"0.02171.0Southern",5539.38,5539.38,5539.38,5539.38,5539.38,5539.38,7983.74,7982.2,7979.31,8380.82,8379.69,8378.55,11241.49,11237.89,11231.15,12168.62,12165.98,12163.34,14499.91,14494.25,14483.67,15956.69,15952.53,15948.38,17758.32,17750.6,17736.17,19744.73,19739.07,19733.4
"0.03171.0Southern",5539.38,5539.38,5539.38,5539.38,5539.38,5539.38,9210.71,9209.17,9206.28,9806.75,9805.62,9804.48,14103.72,14100.12,14093.38,15495.4,15492.76,15490.12,18997.74,18992.08,18981.5,21184.45,21180.29,21176.14,23891.74,23884.02,23869.59,26873.46,26867.8,26862.13
"0.04171.0Southern",5539.38,5539.38,5539.38,5539.38,5539.38,5539.38,10437.68,10436.14,10433.25,11232.68,11231.55,11230.41,16965.95,16962.35,16955.61,18822.18,18819.54,18816.9,23495.57,23489.91,23479.33,26412.21,26408.05,26403.9,30025.16,30017.44,30003.01,34002.19,33996.53,33990.86
"0.02201.0Southern",9619.38,9619.38,9619.38,9619.38,9619.38,9619.38,12063.74,12062.2,12059.31,12460.82,12459.69,12458.55,15321.49,15317.89,15311.15,16248.62,16245.98,16243.34,18579.91,18574.25,18563.67,20036.69,20032.53,20028.38,21838.32,21830.6,21816.17,23824.73,23819.07,23813.4
"0.03201.0Southern",9619.38,9619.38,9619.38,9619.38,9619.38,9619.38,13290.71,13289.17,13286.28,13886.75,13885.62,13884.48,18183.72,18180.12,18173.38,19575.4,19572.76,19570.12,23077.74,23072.08,23061.5,25264.45,25260.29,25256.14,27971.74,27964.02,27949.59,30953.46,30947.8,30942.13
"0.04201.0Southern",9619.38,9619.38,9619.38,9619.38,9619.38,9619.38,14517.68,14516.14,14513.25,15312.68,15311.55,15310.41,21045.95,21042.35,21035.61,22902.18,22899.54,22896.9,27575.57,27569.91,27559.33,30492.21,30488.05,30483.9,34105.16,34097.44,34083.01,38082.19,38076.53,38070.86
"0.02231.0Southern",13699.38,13699.38,13699.38,13699.38,13699.38,13699.38,16143.74,16142.2,16139.31,16540.82,16539.69,16538.55,19401.49,19397.89,19391.15,20328.62,20325.98,20323.34,22659.91,22654.25,22643.67,24116.69,24112.53,24108.38,25918.32,25910.6,25896.17,27904.73,27899.07,27893.4
"0.03231.0Southern",13699.38,13699.38,13699.38,13699.38,13699.38,13699.38,17370.71,17369.17,17366.28,17966.75,17965.62,17964.48,22263.72,22260.12,22253.38,23655.4,23652.76,23650.12,27157.74,27152.08,27141.5,29344.45,29340.29,29336.14,32051.74,32044.02,32029.59,35033.46,35027.8,35022.13
"0.04231.0Southern",13699.38,13699.38,13699.38,13699.38,13699.38,13699.38,18597.68,18596.14,18593.25,19392.68,19391.55,19390.41,25125.95,25122.35,25115.61,26982.18,26979.54,26976.9,31655.57,31649.91,31639.33,34572.21,34568.05,34563.9,38185.16,38177.44,38163.01,42162.19,42156.53,42150.86
"0.02171.2Southern",8767.38,8767.38,8767.38,8767.38,8767.38,8767.38,11211.74,11210.2,11207.31,11608.82,11607.69,11606.55,14469.49,14465.89,14459.15,15396.62,15393.98,15391.34,17727.91,17722.25,17711.67,19184.69,19180.53,19176.38,20986.32,20978.6,20964.17,22972.73,22967.07,22961.4
"0.03171.2Southern",8767.38,8767.38,8767.38,8767.38,8767.38,8767.38,12438.71,12437.17,12434.28,13034.75,13033.62,13032.48,17331.72,17328.12,17321.38,18723.4,18720.76,18718.12,22225.74,22220.08,22209.5,24412.45,24408.29,24404.14,27119.74,27112.02,27097.59,30101.46,30095.8,30090.13
"0.04171.2Southern",8767.38,8767.38,8767.38,8767.38,8767.38,8767.38,13665.68,13664.14,13661.25,14460.68,14459.55,14458.41,20193.95,20190.35,20183.61,22050.18,22047.54,22044.9,26723.57,26717.91,26707.33,29640.21,29636.05,29631.9,33253.16,33245.44,33231.01,37230.19,37224.53,37218.86
"0.02201.2Southern",13663.38,13663.38,13663.38,13663.38,13663.38,13663.38,16107.74,16106.2,16103.31,16504.82,16503.69,16502.55,19365.49,19361.89,19355.15,20292.62,20289.98,20287.34,22623.91,22618.25,22607.67,24080.69,24076.53,24072.38,25882.32,25874.6,25860.17,27868.73,27863.07,27857.4
"0.03201.2Southern",13663.38,13663.38,13663.38,13663.38,13663.38,13663.38,17334.71,17333.17,17330.28,17930.75,17929.62,17928.48,22227.72,22224.12,22217.38,23619.4,23616.76,23614.12,27121.74,27116.08,27105.5,29308.45,29304.29,29300.14,32015.74,32008.02,31993.59,34997.46,34991.8,34986.13
"0.04201.2Southern",13663.38,13663.38,13663.38,13663.38,13663.38,13663.38,18561.68,18560.14,18557.25,19356.68,19355.55,19354.41,25089.95,25086.35,25079.61,26946.18,26943.54,26940.9,31619.57,31613.91,31603.33,34536.21,34532.05,34527.9,38149.16,38141.44,38127.01,42126.19,42120.53,42114.86
"0.02231.2Southern",18559.38,18559.38,18559.38,18559.38,18559.38,18559.38,21003.74,21002.2,20999.31,21400.82,21399.69,21398.55,24261.49,24257.89,24251.15,25188.62,25185.98,25183.34,27519.91,27514.25,27503.67,28976.69,28972.53,28968.38,30778.32,30770.6,30756.17,32764.73,32759.07,32753.4
"0.03231.2Southern",18559.38,18559.38,18559.38,18559.38,18559.38,18559.38,22230.71,22229.17,22226.28,22826.75,22825.62,22824.48,27123.72,27120.12,27113.38,28515.4,28512.76,28510.12,32017.74,32012.08,32001.5,34204.45,34200.29,34196.14,36911.74,36904.02,36889.59,39893.46,39887.8,39882.13
"0.04231.2Southern",18559.38,18559.38,18559.38,18559.38,18559.38,18559.38,23457.68,23456.14,23453.25,24252.68,24251.55,24250.41,29985.95,29982.35,29975.61,31842.18,31839.54,31836.9,36515.57,36509.91,36499.33,39432.21,39428.05,39423.9,43045.16,43037.44,43023.01,47022.19,47016.53,47010.86
"0.02171.5Southern",13609.38,13609.38,13609.38,13609.38,13609.38,13609.38,16053.74,16052.2,16049.31,16450.82,16449.69,16448.55,19311.49,19307.89,19301.15,20238.62,20235.98,20233.34,22569.91,22564.25,22553.67,24026.69,24022.53,24018.38,25828.32,25820.6,25806.17,27814.73,27809.07,27803.4
"0.03171.5Southern",13609.38,13609.38,13609.38,13609.38,13609.38,13609.38,17280.71,17279.17,17276.28,17876.75,17875.62,17874.48,22173.72,22170.12,22163.38,23565.4,23562.76,23560.12,27067.74,27062.08,27051.5,29254.45,29250.29,29246.14,31961.74,31954.02,31939.59,34943.46,34937.8,34932.13
"0.04171.5Southern",13609.38,13609.38,13609.38,13609.38,13609.38,13609.38,18507.68,18506.14,18503.25,19302.68,19301.55,19300.41,25035.95,25032.35,25025.61,26892.18,26889.54,26886.9,31565.57,31559.91,31549.33,34482.21,34478.05,34473.9,38095.16,38087.44,38073.01,42072.19,42066.53,42060.86
"0.02201.5Southern",19729.38,19729.38,19729.38,19729.38,19729.38,19729.38,22173.74,22172.2,22169.31,22570.82,22569.69,22568.55,25431.49,25427.89,25421.15,26358.62,26355.98,26353.34,28689.91,28684.25,28673.67,30146.69,30142.53,30138.38,31948.32,31940.6,31926.17,33934.73,33929.07,33923.4
"0.03201.5Southern",19729.38,19729.38,19729.38,19729.38,19729.38,19729.38,23400.71,23399.17,23396.28,23996.75,23995.62,23994.48,28293.72,28290.12,28283.38,29685.4,29682.76,29680.12,33187.74,33182.08,33171.5,35374.45,35370.29,35366.14,38081.74,38074.02,38059.59,41063.46,41057.8,41052.13
"0.04201.5Southern",19729.38,19729.38,19729.38,19729.38,19729.38,19729.38,24627.68,24626.14,24623.25,25422.68,25421.55,25420.41,31155.95,31152.35,31145.61,33012.18,33009.54,33006.9,37685.57,37679.91,37669.33,40602.21,40598.05,40593.9,44215.16,44207.44,44193.01,48192.19,48186.53,48180.86
"0.02231.5Southern",25849.38,25849.38,25849.38,25849.38,25849.38,25849.38,28293.74,28292.2,28289.31,28690.82,28689.69,28688.55,31551.49,31547.89,31541.15,32478.62,32475.98,32473.34,34809.91,34804.25,34793.67,36266.69,36262.53,36258.38,38068.32,38060.6,38046.17,40054.73,40049.07,40043.4
"0.03231.5Southern",25849.38,25849.38,25849.38,25849.38,25849.38,25849.38,29520.71,29519.17,29516.28,30116.75,30115.62,30114.48,34413.72,34410.12,34403.38,35805.4,35802.76,35800.12,39307.74,39302.08,39291.5,41494.45,41490.29,41486.14,44201.74,44194.02,44179.59,47183.46,47177.8,47172.13
"0.04231.5Southern",25849.38,25849.38,25849.38,25849.38,25849.38,25849.38,30747.68,30746.14,30743.25,31542.68,31541.55,31540.41,37275.95,37272.35,37265.61,39132.18,39129.54,39126.9,43805.57,43799.91,43789.33,46722.21,46718.05,46713.9,50335.16,50327.44,50313.01,54312.19,54306.53,54300.86
"0.02171.8Southern",18451.38,18451.38,18451.38,18451.38,18451.38,18451.38,20895.74,20894.2,20891.31,21292.82,21291.69,21290.55,24153.49,24149.89,24143.15,25080.62,25077.98,25075.34,27411.91,27406.25,27395.67,28868.69,28864.53,28860.38,30670.32,30662.6,30648.17,32656.73,32651.07,32645.4
"0.03171.8Southern",18451.38,18451.38,18451.38,18451.38,18451.38,18451.38,22122.71,22121.17,22118.28,22718.75,22717.62,22716.48,27015.72,27012.12,27005.38,28407.4,28404.76,28402.12,31909.74,31904.08,31893.5,34096.45,34092.29,34088.14,36803.74,36796.02,36781.59,39785.46,39779.8,39774.13
"0.04171.8Southern",18451.38,18451.38,18451.38,18451.38,18451.38,18451.38,23349.68,23348.14,23345.25,24144.68,24143.55,24142.41,29877.95,29874.35,29867.61,31734.18,31731.54,31728.9,36407.57,36401.91,36391.33,39324.21,39320.05,39315.9,42937.16,42929.44,42915.01,46914.19,46908.53,46902.86
"0.02201.8Southern",25795.38,25795.38,25795.38,25795.38,25795.38,25795.38,28239.74,28238.2,28235.31,28636.82,28635.69,28634.55,31497.49,31493.89,31487.15,32424.62,32421.98,32419.34,34755.91,34750.25,34739.67,36212.69,36208.53,36204.38,38014.32,38006.6,37992.17,40000.73,39995.07,39989.4
"0.03201.8Southern",25795.38,25795.38,25795.38,25795.38,25795.38,25795.38,29466.71,29465.17,29462.28,30062.75,30061.62,30060.48,34359.72,34356.12,34349.38,35751.4,35748.76,35746.12,39253.74,39248.08,39237.5,41440.45,41436.29,41432.14,44147.74,44140.02,44125.59,47129.46,47123.8,47118.13
"0.04201.8Southern",25795.38,25795.38,25795.38,25795.38,25795.38,25795.38,30693.68,30692.14,30689.25,31488.68,31487.55,31486.41,37221.95,37218.35,37211.61,39078.18,39075.54,39072.9,43751.57,43745.91,43735.33,46668.21,46664.05,46659.9,50281.16,50273.44,50259.01,54258.19,54252.53,54246.86
"0.02231.8Southern",33139.38,33139.38,33139.38,33139.38,33139.38,33139.38,35583.74,35582.2,35579.31,35980.82,35979.69,35978.55,38841.49,38837.89,38831.15,39768.62,39765.98,39763.34,42099.91,42094.25,42083.67,43556.69,43552.53,43548.38,45358.32,45350.6,45336.17,47344.73,47339.07,47333.4
"0.03231.8Southern",33139.38,33139.38,33139.38,33139.38,33139.38,33139.38,36810.71,36809.17,36806.28,37406.75,37405.62,37404.48,41703.72,41700.12,41693.38,43095.4,43092.76,43090.12,46597.74,46592.08,46581.5,48784.45,48780.29,48776.14,51491.74,51484.02,51469.59,54473.46,54467.8,54462.13
"0.04231.8Southern",33139.38,33139.38,33139.38,33139.38,33139.38,33139.38,38037.68,38036.14,38033.25,38832.68,38831.55,38830.41,44565.95,44562.35,44555.61,46422.18,46419.54,46416.9,51095.57,51089.91,51079.33,54012.21,54008.05,54003.9,57625.16,57617.44,57603.01,61602.19,61596.53,61590.86
"0.02172.0Southern",21679.38,21679.38,21679.38,21679.38,21679.38,21679.38,24123.74,24122.2,24119.31,24520.82,24519.69,24518.55,27381.49,27377.89,27371.15,28308.62,28305.98,28303.34,30639.91,30634.25,30623.67,32096.69,32092.53,32088.38,33898.32,33890.6,33876.17,35884.73,35879.07,35873.4
"0.03172.0Southern",21679.38,21679.38,21679.38,21679.38,21679.38,21679.38,25350.71,25349.17,25346.28,25946.75,25945.62,25944.48,30243.72,30240.12,30233.38,31635.4,31632.76,31630.12,35137.74,35132.08,35121.5,37324.45,37320.29,37316.14,40031.74,40024.02,40009.59,43013.46,43007.8,43002.13
"0.04172.0Southern",21679.38,21679.38,21679.38,21679.38,21679.38,21679.38,26577.68,26576.14,26573.25,27372.68,27371.55,27370.41,33105.95,33102.35,33095.61,34962.18,34959.54,34956.9,39635.57,39629.91,39619.33,42552.21,42548.05,42543.9,46165.16,46157.44,46143.01,50142.19,50136.53,50130.86
"0.02202.0Southern",29839.38,29839.38,29839.38,29839.38,29839.38,29839.38,32283.74,32282.2,32279.31,32680.82,32679.69,32678.55,35541.49,35537.89,35531.15,36468.62,36465.98,36463.34,38799.91,38794.25,38783.67,40256.69,40252.53,40248.38,42058.32,42050.6,42036.17,44044.73,44039.07,44033.4
"0.03202.0Southern",29839.38,29839.38,29839.38,29839.38,29839.38,29839.38,33510.71,33509.17,33506.28,34106.75,34105.62,34104.48,38403.72,38400.12,38393.38,39795.4,39792.76,39790.12,43297.74,43292.08,43281.5,45484.45,45480.29,45476.14,48191.74,48184.02,48169.59,51173.46,51167.8,51162.13
"0.04202.0Southern",29839.38,29839.38,29839.38,29839.38,29839.38,29839.38,34737.68,34736.14,34733.25,35532.68,35531.55,35530.41,41265.95,41262.35,41255.61,43122.18,43119.54,43116.9,47795.57,47789.91,47779.33,50712.21,50708.05,50703.9,54325.16,54317.44,54303.01,58302.19,58296.53,58290.86
"0.02232.0Southern",37999.38,37999.38,37999.38,37999.38,37999.38,37999.38,40443.74,40442.2,40439.31,40840.82,40839.69,40838.55,43701.49,43697.89,43691.15,44628.62,44625.98,44623.34,46959.91,46954.25,46943.67,48416.69,48412.53,48408.38,50218.32,50210.6,50196.17,52204.73,52199.07,52193.4
"0.03232.0Southern",37999.38,37999.38,37999.38,37999.38,37999.38,37999.38,41670.71,41669.17,41666.28,42266.75,42265.62,42264.48,46563.72,46560.12,46553.38,47955.4,47952.76,47950.12,51457.74,51452.08,51441.5,53644.45,53640.29,53636.14,56351.74,56344.02,56329.59,59333.46,59327.8,59322.13
"0.04232.0Southern",37999.38,37999.38,37999.38,37999.38,37999.38,37999.38,42897.68,42896.14,42893.25,43692.68,43691.55,43690.41,49425.95,49422.35,49415.61,51282.18,51279.54,51276.9,55955.57,55949.91,55939.33,58872.21,58868.05,58863.9,62485.16,62477.44,62463.01,66462.19,66456.53,66450.86
