"","0.00%_Fixed_4.6","0.00%_Fixed_6.4","0.00%_Fixed_8.2","0.00%_Tracking_4.6","0.00%_Tracking_6.4","0.00%_Tracking_8.2","0.25%_Fixed_4.6","0.25%_Fixed_6.4","0.25%_Fixed_8.2","0.25%_Tracking_4.6","0.25%_Tracking_6.4","0.25%_Tracking_8.2","0.50%_Fixed_4.6","0.50%_Fixed_6.4","0.50%_Fixed_8.2","0.50%_Tracking_4.6","0.50%_Tracking_6.4","0.50%_Tracking_8.2","0.75%_Fixed_4.6","0.75%_Fixed_6.4","0.75%_Fixed_8.2","0.75%_Tracking_4.6","0.75%_Tracking_6.4","0.75%_Tracking_8.2","1.00%_Fixed_4.6","1.00%_Fixed_6.4","1.00%_Fixed_8.2","1.00%_Tracking_4.6","1.00%_Tracking_6.4","1.00%_Tracking_8.2"
"0.02_11_0.1_Northern",-3024.13,-3024.13,-3024.13,-3024.13,-3024.13,-3024.13,-714.76,-716.31,-719.19,-374.67,-375.8,-376.93,2363.25,2359.65,2352.92,3157.25,3154.61,3151.96,5441.85,5436.19,5425.61,6689.38,6685.23,6681.08,8520.41,8512.7,8498.26,10221.51,10215.85,10210.19
"0.03_11_0.1_Northern",-3024.13,-3024.13,-3024.13,-3024.13,-3024.13,-3024.13,444.71,443.17,440.28,955.28,954.15,953.01,5068.12,5064.52,5057.79,6260.1,6257.46,6254.81,9692.4,9686.74,9676.16,11565.25,11561.09,11556.94,14316.64,14308.92,14294.49,16870.39,16864.73,16859.07
"0.04_11_0.1_Northern",-3024.13,-3024.13,-3024.13,-3024.13,-3024.13,-3024.13,1604.19,1602.64,1599.76,2285.22,2284.09,2282.96,7772.99,7769.39,7762.66,9362.95,9360.31,9357.66,13942.96,13937.3,13926.72,16441.11,16436.96,16432.81,20112.86,20105.15,20090.71,23519.27,23513.61,23507.95
"0.02_14_0.1_Northern",-2697.13,-2697.13,-2697.13,-2697.13,-2697.13,-2697.13,-387.76,-389.31,-392.19,-47.67,-48.8,-49.93,2690.25,2686.65,2679.92,3484.25,3481.61,3478.96,5768.85,5763.19,5752.61,7016.38,7012.23,7008.08,8847.41,8839.7,8825.26,10548.51,10542.85,10537.19
"0.03_14_0.1_Northern",-2697.13,-2697.13,-2697.13,-2697.13,-2697.13,-2697.13,771.71,770.17,767.28,1282.28,1281.15,1280.01,5395.12,5391.52,5384.79,6587.1,6584.46,6581.81,10019.4,10013.74,10003.16,11892.25,11888.09,11883.94,14643.64,14635.92,14621.49,17197.39,17191.73,17186.07
"0.04_14_0.1_Northern",-2697.13,-2697.13,-2697.13,-2697.13,-2697.13,-2697.13,1931.19,1929.64,1926.76,2612.22,2611.09,2609.96,8099.99,8096.39,8089.66,9689.95,9687.31,9684.66,14269.96,14264.3,14253.72,16768.11,16763.96,16759.81,20439.86,20432.15,20417.71,23846.27,23840.61,23834.95
"0.02_17_0.1_Northern",-2370.13,-2370.13,-2370.13,-2370.13,-2370.13,-2370.13,-60.76,-62.31,-65.19,279.33,278.2,277.07,3017.25,3013.65,3006.92,3811.25,3808.61,3805.96,6095.85,6090.19,6079.61,7343.38,7339.23,7335.08,9174.41,9166.7,9152.26,10875.51,10869.85,10864.19
"0.03_17_0.1_Northern",-2370.13,-2370.13,-2370.13,-2370.13,-2370.13,-2370.13,1098.71,1097.17,1094.28,1609.28,1608.15,1607.01,5722.12,5718.52,5711.79,6914.1,6911.46,6908.81,10346.4,10340.74,10330.16,12219.25,12215.09,12210.94,14970.64,14962.92,14948.49,17524.39,17518.73,17513.07
"0.04_17_0.1_Northern",-2370.13,-2370.13,-2370.13,-2370.13,-2370.13,-2370.13,2258.19,2256.64,2253.76,2939.22,2938.09,2936.96,8426.99,8423.39,8416.66,10016.95,10014.31,10011.66,14596.96,14591.3,14580.72,17095.11,17090.96,17086.81,20766.86,20759.15,20744.71,24173.27,24167.61,24161.95
"0.02_11_0.3_Northern",-1620.63,-1620.63,-1620.63,-1620.63,-1620.63,-1620.63,688.74,687.19,684.31,1028.83,1027.7,1026.57,3766.75,3763.15,3756.42,4560.75,4558.11,4555.46,6845.35,6839.69,6829.11,8092.88,8088.73,8084.58,9923.91,9916.2,9901.76,11625.01,11619.35,11613.69
"0.03_11_0.3_Northern",-1620.63,-1620.63,-1620.63,-1620.63,-1620.63,-1620.63,1848.21,1846.67,1843.78,2358.78,2357.65,2356.51,6471.62,6468.02,6461.29,7663.6,7660.96,7658.31,11095.9,11090.24,11079.66,12968.75,12964.59,12960.44,15720.14,15712.42,15697.99,18273.89,18268.23,18262.57
"0.04_11_0.3_Northern",-1620.63,-1620.63,-1620.63,-1620.63,-1620.63,-1620.63,3007.69,3006.14,3003.26,3688.72,3687.59,3686.46,9176.49,9172.89,9166.16,10766.45,10763.81,10761.16,15346.46,15340.8,15330.22,17844.61,17840.46,17836.31,21516.36,21508.65,21494.21,24922.77,24917.11,24911.45
"0.02_14_0.3_Northern",-639.63,-639.63,-639.63,-639.63,-639.63,-639.63,1669.74,1668.19,1665.31,2009.83,2008.7,2007.57,4747.75,4744.15,4737.42,5541.75,5539.11,5536.46,7826.35,7820.69,7810.11,9073.88,9069.73,9065.58,10904.91,10897.2,10882.76,12606.01,12600.35,12594.69
"0.03_14_0.3_Northern",-639.63,-639.63,-639.63,-639.63,-639.63,-639.63,2829.21,2827.67,2824.78,3339.78,3338.65,3337.51,7452.62,7449.02,7442.29,8644.6,8641.96,8639.31,12076.9,12071.24,12060.66,13949.75,13945.59,13941.44,16701.14,16693.42,16678.99,19254.89,19249.23,19243.57
"0.04_14_0.3_Northern",-639.63,-639.63,-639.63,-639.63,-639.63,-639.63,3988.69,3987.14,3984.26,4669.72,4668.59,4667.46,10157.49,10153.89,10147.16,11747.45,11744.81,11742.16,16327.46,16321.8,16311.22,18825.61,18821.46,18817.31,22497.36,22489.65,22475.21,25903.77,25898.11,25892.45
"0.02_17_0.3_Northern",341.37,341.37,341.37,341.37,341.37,341.37,2650.74,2649.19,2646.31,2990.83,2989.7,2988.57,5728.75,5725.15,5718.42,6522.75,6520.11,6517.46,8807.35,8801.69,8791.11,10054.88,10050.73,10046.58,11885.91,11878.2,11863.76,13587.01,13581.35,13575.69
"0.03_17_0.3_Northern",341.37,341.37,341.37,341.37,341.37,341.37,3810.21,3808.67,3805.78,4320.78,4319.65,4318.51,8433.62,8430.02,8423.29,9625.6,9622.96,9620.31,13057.9,13052.24,13041.66,14930.75,14926.59,14922.44,17682.14,17674.42,17659.99,20235.89,20230.23,20224.57
"0.04_17_0.3_Northern",341.37,341.37,341.37,341.37,341.37,341.37,4969.69,4968.14,4965.26,5650.72,5649.59,5648.46,11138.49,11134.89,11128.16,12728.45,12725.81,12723.16,17308.46,17302.8,17292.22,19806.61,19802.46,19798.31,23478.36,23470.65,23456.21,26884.77,26879.11,26873.45
"0.02_11_0.5_Northern",-217.13,-217.13,-217.13,-217.13,-217.13,-217.13,2092.24,2090.69,2087.81,2432.33,2431.2,2430.07,5170.25,5166.65,5159.92,5964.25,5961.61,5958.96,8248.85,8243.19,8232.61,9496.38,9492.23,9488.08,11327.41,11319.7,11305.26,13028.51,13022.85,13017.19
"0.03_11_0.5_Northern",-217.13,-217.13,-217.13,-217.13,-217.13,-217.13,3251.71,3250.17,3247.28,3762.28,3761.15,3760.01,7875.12,7871.52,7864.79,9067.1,9064.46,9061.81,12499.4,12493.74,12483.16,14372.25,14368.09,14363.94,17123.64,17115.92,17101.49,19677.39,19671.73,19666.07
"0.04_11_0.5_Northern",-217.13,-217.13,-217.13,-217.13,-217.13,-217.13,4411.19,4409.64,4406.76,5092.22,5091.09,5089.96,10579.99,10576.39,10569.66,12169.95,12167.31,12164.66,16749.96,16744.3,16733.72,19248.11,19243.96,19239.81,22919.86,22912.15,22897.71,26326.27,26320.61,26314.95
"0.02_14_0.5_Northern",1417.87,1417.87,1417.87,1417.87,1417.87,1417.87,3727.24,3725.69,3722.81,4067.33,4066.2,4065.07,6805.25,6801.65,6794.92,7599.25,7596.61,7593.96,9883.85,9878.19,9867.61,11131.38,11127.23,11123.08,12962.41,12954.7,12940.26,14663.51,14657.85,14652.19
"0.03_14_0.5_Northern",1417.87,1417.87,1417.87,1417.87,1417.87,1417.87,4886.71,4885.17,4882.28,5397.28,5396.15,5395.01,9510.12,9506.52,9499.79,10702.1,10699.46,10696.81,14134.4,14128.74,14118.16,16007.25,16003.09,15998.94,18758.64,18750.92,18736.49,21312.39,21306.73,21301.07
"0.04_14_0.5_Northern",1417.87,1417.87,1417.87,1417.87,1417.87,1417.87,6046.19,6044.64,6041.76,6727.22,6726.09,6724.96,12214.99,12211.39,12204.66,13804.95,13802.31,13799.66,18384.96,18379.3,18368.72,20883.11,20878.96,20874.81,24554.86,24547.15,24532.71,27961.27,27955.61,27949.95
"0.02_17_0.5_Northern",3052.87,3052.87,3052.87,3052.87,3052.87,3052.87,5362.24,5360.69,5357.81,5702.33,5701.2,5700.07,8440.25,8436.65,8429.92,9234.25,9231.61,9228.96,11518.85,11513.19,11502.61,12766.38,12762.23,12758.08,14597.41,14589.7,14575.26,16298.51,16292.85,16287.19
"0.03_17_0.5_Northern",3052.87,3052.87,3052.87,3052.87,3052.87,3052.87,6521.71,6520.17,6517.28,7032.28,7031.15,7030.01,11145.12,11141.52,11134.79,12337.1,12334.46,12331.81,15769.4,15763.74,15753.16,17642.25,17638.09,17633.94,20393.64,20385.92,20371.49,22947.39,22941.73,22936.07
"0.04_17_0.5_Northern",3052.87,3052.87,3052.87,3052.87,3052.87,3052.87,7681.19,7679.64,7676.76,8362.22,8361.09,8359.96,13849.99,13846.39,13839.66,15439.95,15437.31,15434.66,20019.96,20014.3,20003.72,22518.11,22513.96,22509.81,26189.86,26182.15,26167.71,29596.27,29590.61,29584.95
"0.02_11_0.7_Northern",1186.37,1186.37,1186.37,1186.37,1186.37,1186.37,3495.74,3494.19,3491.31,3835.83,3834.7,3833.57,6573.75,6570.15,6563.42,7367.75,7365.11,7362.46,9652.35,9646.69,9636.11,10899.88,10895.73,10891.58,12730.91,12723.2,12708.76,14432.01,14426.35,14420.69
"0.03_11_0.7_Northern",1186.37,1186.37,1186.37,1186.37,1186.37,1186.37,4655.21,4653.67,4650.78,5165.78,5164.65,5163.51,9278.62,9275.02,9268.29,10470.6,10467.96,10465.31,13902.9,13897.24,13886.66,15775.75,15771.59,15767.44,18527.14,18519.42,18504.99,21080.89,21075.23,21069.57
"0.04_11_0.7_Northern",1186.37,1186.37,1186.37,1186.37,1186.37,1186.37,5814.69,5813.14,5810.26,6495.72,6494.59,6493.46,11983.49,11979.89,11973.16,13573.45,13570.81,13568.16,18153.46,18147.8,18137.22,20651.61,20647.46,20643.31,24323.36,24315.65,24301.21,27729.77,27724.11,27718.45
"0.02_14_0.7_Northern",3475.37,3475.37,3475.37,3475.37,3475.37,3475.37,5784.74,5783.19,5780.31,6124.83,6123.7,6122.57,8862.75,8859.15,8852.42,9656.75,9654.11,9651.46,11941.35,11935.69,11925.11,13188.88,13184.73,13180.58,15019.91,15012.2,14997.76,16721.01,16715.35,16709.69
"0.03_14_0.7_Northern",3475.37,3475.37,3475.37,3475.37,3475.37,3475.37,6944.21,6942.67,6939.78,7454.78,7453.65,7452.51,11567.62,11564.02,11557.29,12759.6,12756.96,12754.31,16191.9,16186.24,16175.66,18064.75,18060.59,18056.44,20816.14,20808.42,20793.99,23369.89,23364.23,23358.57
"0.04_14_0.7_Northern",3475.37,3475.37,3475.37,3475.37,3475.37,3475.37,8103.69,8102.14,8099.26,8784.72,8783.59,8782.46,14272.49,14268.89,14262.16,15862.45,15859.81,15857.16,20442.46,20436.8,20426.22,22940.61,22936.46,22932.31,26612.36,26604.65,26590.21,30018.77,30013.11,30007.45
"0.02_17_0.7_Northern",5764.37,5764.37,5764.37,5764.37,5764.37,5764.37,8073.74,8072.19,8069.31,8413.83,8412.7,8411.57,11151.75,11148.15,11141.42,11945.75,11943.11,11940.46,14230.35,14224.69,14214.11,15477.88,15473.73,15469.58,17308.91,17301.2,17286.76,19010.01,19004.35,18998.69
"0.03_17_0.7_Northern",5764.37,5764.37,5764.37,5764.37,5764.37,5764.37,9233.21,9231.67,9228.78,9743.78,9742.65,9741.51,13856.62,13853.02,13846.29,15048.6,15045.96,15043.31,18480.9,18475.24,18464.66,20353.75,20349.59,20345.44,23105.14,23097.42,23082.99,25658.89,25653.23,25647.57
"0.04_17_0.7_Northern",5764.37,5764.37,5764.37,5764.37,5764.37,5764.37,10392.69,10391.14,10388.26,11073.72,11072.59,11071.46,16561.49,16557.89,16551.16,18151.45,18148.81,18146.16,22731.46,22725.8,22715.22,25229.61,25225.46,25221.31,28901.36,28893.65,28879.21,32307.77,32302.11,32296.45
"0.02_11_1.0_Northern",3291.62,3291.62,3291.62,3291.62,3291.62,3291.62,5600.99,5599.44,5596.56,5941.08,5939.95,5938.82,8679,8675.4,8668.67,9473,9470.36,9467.71,11757.6,11751.94,11741.36,13005.13,13000.98,12996.83,14836.16,14828.45,14814.01,16537.26,16531.6,16525.94
"0.03_11_1.0_Northern",3291.62,3291.62,3291.62,3291.62,3291.62,3291.62,6760.46,6758.92,6756.03,7271.03,7269.9,7268.76,11383.87,11380.27,11373.54,12575.85,12573.21,12570.56,16008.15,16002.49,15991.91,17881,17876.84,17872.69,20632.39,20624.67,20610.24,23186.14,23180.48,23174.82
"0.04_11_1.0_Northern",3291.62,3291.62,3291.62,3291.62,3291.62,3291.62,7919.94,7918.39,7915.51,8600.97,8599.84,8598.71,14088.74,14085.14,14078.41,15678.7,15676.06,15673.41,20258.71,20253.05,20242.47,22756.86,22752.71,22748.56,26428.61,26420.9,26406.46,29835.02,29829.36,29823.7
"0.02_14_1.0_Northern",6561.62,6561.62,6561.62,6561.62,6561.62,6561.62,8870.99,8869.44,8866.56,9211.08,9209.95,9208.82,11949,11945.4,11938.67,12743,12740.36,12737.71,15027.6,15021.94,15011.36,16275.13,16270.98,16266.83,18106.16,18098.45,18084.01,19807.26,19801.6,19795.94
"0.03_14_1.0_Northern",6561.62,6561.62,6561.62,6561.62,6561.62,6561.62,10030.46,10028.92,10026.03,10541.03,10539.9,10538.76,14653.87,14650.27,14643.54,15845.85,15843.21,15840.56,19278.15,19272.49,19261.91,21151,21146.84,21142.69,23902.39,23894.67,23880.24,26456.14,26450.48,26444.82
"0.04_14_1.0_Northern",6561.62,6561.62,6561.62,6561.62,6561.62,6561.62,11189.94,11188.39,11185.51,11870.97,11869.84,11868.71,17358.74,17355.14,17348.41,18948.7,18946.06,18943.41,23528.71,23523.05,23512.47,26026.86,26022.71,26018.56,29698.61,29690.9,29676.46,33105.02,33099.36,33093.7
"0.02_17_1.0_Northern",9831.62,9831.62,9831.62,9831.62,9831.62,9831.62,12140.99,12139.44,12136.56,12481.08,12479.95,12478.82,15219,15215.4,15208.67,16013,16010.36,16007.71,18297.6,18291.94,18281.36,19545.13,19540.98,19536.83,21376.16,21368.45,21354.01,23077.26,23071.6,23065.94
"0.03_17_1.0_Northern",9831.62,9831.62,9831.62,9831.62,9831.62,9831.62,13300.46,13298.92,13296.03,13811.03,13809.9,13808.76,17923.87,17920.27,17913.54,19115.85,19113.21,19110.56,22548.15,22542.49,22531.91,24421,24416.84,24412.69,27172.39,27164.67,27150.24,29726.14,29720.48,29714.82
"0.04_17_1.0_Northern",9831.62,9831.62,9831.62,9831.62,9831.62,9831.62,14459.94,14458.39,14455.51,15140.97,15139.84,15138.71,20628.74,20625.14,20618.41,22218.7,22216.06,22213.41,26798.71,26793.05,26782.47,29296.86,29292.71,29288.56,32968.61,32960.9,32946.46,36375.02,36369.36,36363.7
"0.02_11_1.2_Northern",4695.12,4695.12,4695.12,4695.12,4695.12,4695.12,7004.49,7002.94,7000.06,7344.58,7343.45,7342.32,10082.5,10078.9,10072.17,10876.5,10873.86,10871.21,13161.1,13155.44,13144.86,14408.63,14404.48,14400.33,16239.66,16231.95,16217.51,17940.76,17935.1,17929.44
"0.03_11_1.2_Northern",4695.12,4695.12,4695.12,4695.12,4695.12,4695.12,8163.96,8162.42,8159.53,8674.53,8673.4,8672.26,12787.37,12783.77,12777.04,13979.35,13976.71,13974.06,17411.65,17405.99,17395.41,19284.5,19280.34,19276.19,22035.89,22028.17,22013.74,24589.64,24583.98,24578.32
"0.04_11_1.2_Northern",4695.12,4695.12,4695.12,4695.12,4695.12,4695.12,9323.44,9321.89,9319.01,10004.47,10003.34,10002.21,15492.24,15488.64,15481.91,17082.2,17079.56,17076.91,21662.21,21656.55,21645.97,24160.36,24156.21,24152.06,27832.11,27824.4,27809.96,31238.52,31232.86,31227.2
"0.02_14_1.2_Northern",8619.12,8619.12,8619.12,8619.12,8619.12,8619.12,10928.49,10926.94,10924.06,11268.58,11267.45,11266.32,14006.5,14002.9,13996.17,14800.5,14797.86,14795.21,17085.1,17079.44,17068.86,18332.63,18328.48,18324.33,20163.66,20155.95,20141.51,21864.76,21859.1,21853.44
"0.03_14_1.2_Northern",8619.12,8619.12,8619.12,8619.12,8619.12,8619.12,12087.96,12086.42,12083.53,12598.53,12597.4,12596.26,16711.37,16707.77,16701.04,17903.35,17900.71,17898.06,21335.65,21329.99,21319.41,23208.5,23204.34,23200.19,25959.89,25952.17,25937.74,28513.64,28507.98,28502.32
"0.04_14_1.2_Northern",8619.12,8619.12,8619.12,8619.12,8619.12,8619.12,13247.44,13245.89,13243.01,13928.47,13927.34,13926.21,19416.24,19412.64,19405.91,21006.2,21003.56,21000.91,25586.21,25580.55,25569.97,28084.36,28080.21,28076.06,31756.11,31748.4,31733.96,35162.52,35156.86,35151.2
"0.02_17_1.2_Northern",12543.12,12543.12,12543.12,12543.12,12543.12,12543.12,14852.49,14850.94,14848.06,15192.58,15191.45,15190.32,17930.5,17926.9,17920.17,18724.5,18721.86,18719.21,21009.1,21003.44,20992.86,22256.63,22252.48,22248.33,24087.66,24079.95,24065.51,25788.76,25783.1,25777.44
"0.03_17_1.2_Northern",12543.12,12543.12,12543.12,12543.12,12543.12,12543.12,16011.96,16010.42,16007.53,16522.53,16521.4,16520.26,20635.37,20631.77,20625.04,21827.35,21824.71,21822.06,25259.65,25253.99,25243.41,27132.5,27128.34,27124.19,29883.89,29876.17,29861.74,32437.64,32431.98,32426.32
"0.04_17_1.2_Northern",12543.12,12543.12,12543.12,12543.12,12543.12,12543.12,17171.44,17169.89,17167.01,17852.47,17851.34,17850.21,23340.24,23336.64,23329.91,24930.2,24927.56,24924.91,29510.21,29504.55,29493.97,32008.36,32004.21,32000.06,35680.11,35672.4,35657.96,39086.52,39080.86,39075.2
"0.02_11_1.5_Northern",6800.37,6800.37,6800.37,6800.37,6800.37,6800.37,9109.74,9108.19,9105.31,9449.83,9448.7,9447.57,12187.75,12184.15,12177.42,12981.75,12979.11,12976.46,15266.35,15260.69,15250.11,16513.88,16509.73,16505.58,18344.91,18337.2,18322.76,20046.01,20040.35,20034.69
"0.03_11_1.5_Northern",6800.37,6800.37,6800.37,6800.37,6800.37,6800.37,10269.21,10267.67,10264.78,10779.78,10778.65,10777.51,14892.62,14889.02,14882.29,16084.6,16081.96,16079.31,19516.9,19511.24,19500.66,21389.75,21385.59,21381.44,24141.14,24133.42,24118.99,26694.89,26689.23,26683.57
"0.04_11_1.5_Northern",6800.37,6800.37,6800.37,6800.37,6800.37,6800.37,11428.69,11427.14,11424.26,12109.72,12108.59,12107.46,17597.49,17593.89,17587.16,19187.45,19184.81,19182.16,23767.46,23761.8,23751.22,26265.61,26261.46,26257.31,29937.36,29929.65,29915.21,33343.77,33338.11,33332.45
"0.02_14_1.5_Northern",11705.37,11705.37,11705.37,11705.37,11705.37,11705.37,14014.74,14013.19,14010.31,14354.83,14353.7,14352.57,17092.75,17089.15,17082.42,17886.75,17884.11,17881.46,20171.35,20165.69,20155.11,21418.88,21414.73,21410.58,23249.91,23242.2,23227.76,24951.01,24945.35,24939.69
"0.03_14_1.5_Northern",11705.37,11705.37,11705.37,11705.37,11705.37,11705.37,15174.21,15172.67,15169.78,15684.78,15683.65,15682.51,19797.62,19794.02,19787.29,20989.6,20986.96,20984.31,24421.9,24416.24,24405.66,26294.75,26290.59,26286.44,29046.14,29038.42,29023.99,31599.89,31594.23,31588.57
"0.04_14_1.5_Northern",11705.37,11705.37,11705.37,11705.37,11705.37,11705.37,16333.69,16332.14,16329.26,17014.72,17013.59,17012.46,22502.49,22498.89,22492.16,24092.45,24089.81,24087.16,28672.46,28666.8,28656.22,31170.61,31166.46,31162.31,34842.36,34834.65,34820.21,38248.77,38243.11,38237.45
"0.02_17_1.5_Northern",16610.37,16610.37,16610.37,16610.37,16610.37,16610.37,18919.74,18918.19,18915.31,19259.83,19258.7,19257.57,21997.75,21994.15,21987.42,22791.75,22789.11,22786.46,25076.35,25070.69,25060.11,26323.88,26319.73,26315.58,28154.91,28147.2,28132.76,29856.01,29850.35,29844.69
"0.03_17_1.5_Northern",16610.37,16610.37,16610.37,16610.37,16610.37,16610.37,20079.21,20077.67,20074.78,20589.78,20588.65,20587.51,24702.62,24699.02,24692.29,25894.6,25891.96,25889.31,29326.9,29321.24,29310.66,31199.75,31195.59,31191.44,33951.14,33943.42,33928.99,36504.89,36499.23,36493.57
"0.04_17_1.5_Northern",16610.37,16610.37,16610.37,16610.37,16610.37,16610.37,21238.69,21237.14,21234.26,21919.72,21918.59,21917.46,27407.49,27403.89,27397.16,28997.45,28994.81,28992.16,33577.46,33571.8,33561.22,36075.61,36071.46,36067.31,39747.36,39739.65,39725.21,43153.77,43148.11,43142.45
"0.02_11_1.8_Northern",8905.62,8905.62,8905.62,8905.62,8905.62,8905.62,11214.99,11213.44,11210.56,11555.08,11553.95,11552.82,14293,14289.4,14282.67,15087,15084.36,15081.71,17371.6,17365.94,17355.36,18619.13,18614.98,18610.83,20450.16,20442.45,20428.01,22151.26,22145.6,22139.94
"0.03_11_1.8_Northern",8905.62,8905.62,8905.62,8905.62,8905.62,8905.62,12374.46,12372.92,12370.03,12885.03,12883.9,12882.76,16997.87,16994.27,16987.54,18189.85,18187.21,18184.56,21622.15,21616.49,21605.91,23495,23490.84,23486.69,26246.39,26238.67,26224.24,28800.14,28794.48,28788.82
"0.04_11_1.8_Northern",8905.62,8905.62,8905.62,8905.62,8905.62,8905.62,13533.94,13532.39,13529.51,14214.97,14213.84,14212.71,19702.74,19699.14,19692.41,21292.7,21290.06,21287.41,25872.71,25867.05,25856.47,28370.86,28366.71,28362.56,32042.61,32034.9,32020.46,35449.02,35443.36,35437.7
"0.02_14_1.8_Northern",14791.62,14791.62,14791.62,14791.62,14791.62,14791.62,17100.99,17099.44,17096.56,17441.08,17439.95,17438.82,20179,20175.4,20168.67,20973,20970.36,20967.71,23257.6,23251.94,23241.36,24505.13,24500.98,24496.83,26336.16,26328.45,26314.01,28037.26,28031.6,28025.94
"0.03_14_1.8_Northern",14791.62,14791.62,14791.62,14791.62,14791.62,14791.62,18260.46,18258.92,18256.03,18771.03,18769.9,18768.76,22883.87,22880.27,22873.54,24075.85,24073.21,24070.56,27508.15,27502.49,27491.91,29381,29376.84,29372.69,32132.39,32124.67,32110.24,34686.14,34680.48,34674.82
"0.04_14_1.8_Northern",14791.62,14791.62,14791.62,14791.62,14791.62,14791.62,19419.94,19418.39,19415.51,20100.97,20099.84,20098.71,25588.74,25585.14,25578.41,27178.7,27176.06,27173.41,31758.71,31753.05,31742.47,34256.86,34252.71,34248.56,37928.61,37920.9,37906.46,41335.02,41329.36,41323.7
"0.02_17_1.8_Northern",20677.62,20677.62,20677.62,20677.62,20677.62,20677.62,22986.99,22985.44,22982.56,23327.08,23325.95,23324.82,26065,26061.4,26054.67,26859,26856.36,26853.71,29143.6,29137.94,29127.36,30391.13,30386.98,30382.83,32222.16,32214.45,32200.01,33923.26,33917.6,33911.94
"0.03_17_1.8_Northern",20677.62,20677.62,20677.62,20677.62,20677.62,20677.62,24146.46,24144.92,24142.03,24657.03,24655.9,24654.76,28769.87,28766.27,28759.54,29961.85,29959.21,29956.56,33394.15,33388.49,33377.91,35267,35262.84,35258.69,38018.39,38010.67,37996.24,40572.14,40566.48,40560.82
"0.04_17_1.8_Northern",20677.62,20677.62,20677.62,20677.62,20677.62,20677.62,25305.94,25304.39,25301.51,25986.97,25985.84,25984.71,31474.74,31471.14,31464.41,33064.7,33062.06,33059.41,37644.71,37639.05,37628.47,40142.86,40138.71,40134.56,43814.61,43806.9,43792.46,47221.02,47215.36,47209.7
"0.02_11_2.0_Northern",10309.12,10309.12,10309.12,10309.12,10309.12,10309.12,12618.49,12616.94,12614.06,12958.58,12957.45,12956.32,15696.5,15692.9,15686.17,16490.5,16487.86,16485.21,18775.1,18769.44,18758.86,20022.63,20018.48,20014.33,21853.66,21845.95,21831.51,23554.76,23549.1,23543.44
"0.03_11_2.0_Northern",10309.12,10309.12,10309.12,10309.12,10309.12,10309.12,13777.96,13776.42,13773.53,14288.53,14287.4,14286.26,18401.37,18397.77,18391.04,19593.35,19590.71,19588.06,23025.65,23019.99,23009.41,24898.5,24894.34,24890.19,27649.89,27642.17,27627.74,30203.64,30197.98,30192.32
"0.04_11_2.0_Northern",10309.12,10309.12,10309.12,10309.12,10309.12,10309.12,14937.44,14935.89,14933.01,15618.47,15617.34,15616.21,21106.24,21102.64,21095.91,22696.2,22693.56,22690.91,27276.21,27270.55,27259.97,29774.36,29770.21,29766.06,33446.11,33438.4,33423.96,36852.52,36846.86,36841.2
"0.02_14_2.0_Northern",16849.12,16849.12,16849.12,16849.12,16849.12,16849.12,19158.49,19156.94,19154.06,19498.58,19497.45,19496.32,22236.5,22232.9,22226.17,23030.5,23027.86,23025.21,25315.1,25309.44,25298.86,26562.63,26558.48,26554.33,28393.66,28385.95,28371.51,30094.76,30089.1,30083.44
"0.03_14_2.0_Northern",16849.12,16849.12,16849.12,16849.12,16849.12,16849.12,20317.96,20316.42,20313.53,20828.53,20827.4,20826.26,24941.37,24937.77,24931.04,26133.35,26130.71,26128.06,29565.65,29559.99,29549.41,31438.5,31434.34,31430.19,34189.89,34182.17,34167.74,36743.64,36737.98,36732.32
"0.04_14_2.0_Northern",16849.12,16849.12,16849.12,16849.12,16849.12,16849.12,21477.44,21475.89,21473.01,22158.47,22157.34,22156.21,27646.24,27642.64,27635.91,29236.2,29233.56,29230.91,33816.21,33810.55,33799.97,36314.36,36310.21,36306.06,39986.11,39978.4,39963.96,43392.52,43386.86,43381.2
"0.02_17_2.0_Northern",23389.12,23389.12,23389.12,23389.12,23389.12,23389.12,25698.49,25696.94,25694.06,26038.58,26037.45,26036.32,28776.5,28772.9,28766.17,29570.5,29567.86,29565.21,31855.1,31849.44,31838.86,33102.63,33098.48,33094.33,34933.66,34925.95,34911.51,36634.76,36629.1,36623.44
"0.03_17_2.0_Northern",23389.12,23389.12,23389.12,23389.12,23389.12,23389.12,26857.96,26856.42,26853.53,27368.53,27367.4,27366.26,31481.37,31477.77,31471.04,32673.35,32670.71,32668.06,36105.65,36099.99,36089.41,37978.5,37974.34,37970.19,40729.89,40722.17,40707.74,43283.64,43277.98,43272.32
"0.04_17_2.0_Northern",23389.12,23389.12,23389.12,23389.12,23389.12,23389.12,28017.44,28015.89,28013.01,28698.47,28697.34,28696.21,34186.24,34182.64,34175.91,35776.2,35773.56,35770.91,40356.21,40350.55,40339.97,42854.36,42850.21,42846.06,46526.11,46518.4,46503.96,49932.52,49926.86,49921.2
"0.02_11_0.1_Central",-3024.13,-3024.13,-3024.13,-3024.13,-3024.13,-3024.13,-684.04,-685.59,-688.47,-320.35,-321.48,-322.61,2434.82,2431.22,2424.49,3283.97,3281.33,3278.68,5554.32,5548.66,5538.08,6888.52,6884.37,6880.22,8673.78,8666.07,8651.63,10493.07,10487.41,10481.75
"0.03_11_0.1_Central",-3024.13,-3024.13,-3024.13,-3024.13,-3024.13,-3024.13,490.79,489.25,486.36,1036.76,1035.63,1034.49,5175.48,5171.88,5165.14,6450.18,6447.54,6444.89,9861.11,9855.45,9844.87,11863.96,11859.8,11855.65,14546.69,14538.98,14524.54,17277.73,17272.07,17266.41
"0.04_11_0.1_Central",-3024.13,-3024.13,-3024.13,-3024.13,-3024.13,-3024.13,1665.63,1664.08,1661.2,2393.86,2392.73,2391.6,7916.13,7912.53,7905.8,9616.39,9613.75,9611.1,14167.9,14162.24,14151.66,16839.39,16835.24,16831.09,20419.6,20411.89,20397.45,24062.39,24056.73,24051.07
"0.02_14_0.1_Central",-2697.13,-2697.13,-2697.13,-2697.13,-2697.13,-2697.13,-357.04,-358.59,-361.47,6.65,5.52,4.39,2761.82,2758.22,2751.49,3610.97,3608.33,3605.68,5881.32,5875.66,5865.08,7215.52,7211.37,7207.22,9000.78,8993.07,8978.63,10820.07,10814.41,10808.75
"0.03_14_0.1_Central",-2697.13,-2697.13,-2697.13,-2697.13,-2697.13,-2697.13,817.79,816.25,813.36,1363.76,1362.63,1361.49,5502.48,5498.88,5492.14,6777.18,6774.54,6771.89,10188.11,10182.45,10171.87,12190.96,12186.8,12182.65,14873.69,14865.98,14851.54,17604.73,17599.07,17593.41
"0.04_14_0.1_Central",-2697.13,-2697.13,-2697.13,-2697.13,-2697.13,-2697.13,1992.63,1991.08,1988.2,2720.86,2719.73,2718.6,8243.13,8239.53,8232.8,9943.39,9940.75,9938.1,14494.9,14489.24,14478.66,17166.39,17162.24,17158.09,20746.6,20738.89,20724.45,24389.39,24383.73,24378.07
"0.02_17_0.1_Central",-2370.13,-2370.13,-2370.13,-2370.13,-2370.13,-2370.13,-30.04,-31.59,-34.47,333.65,332.52,331.39,3088.82,3085.22,3078.49,3937.97,3935.33,3932.68,6208.32,6202.66,6192.08,7542.52,7538.37,7534.22,9327.78,9320.07,9305.63,11147.07,11141.41,11135.75
"0.03_17_0.1_Central",-2370.13,-2370.13,-2370.13,-2370.13,-2370.13,-2370.13,1144.79,1143.25,1140.36,1690.76,1689.63,1688.49,5829.48,5825.88,5819.14,7104.18,7101.54,7098.89,10515.11,10509.45,10498.87,12517.96,12513.8,12509.65,15200.69,15192.98,15178.54,17931.73,17926.07,17920.41
"0.04_17_0.1_Central",-2370.13,-2370.13,-2370.13,-2370.13,-2370.13,-2370.13,2319.63,2318.08,2315.2,3047.86,3046.73,3045.6,8570.13,8566.53,8559.8,10270.39,10267.75,10265.1,14821.9,14816.24,14805.66,17493.39,17489.24,17485.09,21073.6,21065.89,21051.45,24716.39,24710.73,24705.07
"0.02_11_0.3_Central",-1620.63,-1620.63,-1620.63,-1620.63,-1620.63,-1620.63,719.46,717.91,715.03,1083.15,1082.02,1080.89,3838.32,3834.72,3827.99,4687.47,4684.83,4682.18,6957.82,6952.16,6941.58,8292.02,8287.87,8283.72,10077.28,10069.57,10055.13,11896.57,11890.91,11885.25
"0.03_11_0.3_Central",-1620.63,-1620.63,-1620.63,-1620.63,-1620.63,-1620.63,1894.29,1892.75,1889.86,2440.26,2439.13,2437.99,6578.98,6575.38,6568.64,7853.68,7851.04,7848.39,11264.61,11258.95,11248.37,13267.46,13263.3,13259.15,15950.19,15942.48,15928.04,18681.23,18675.57,18669.91
"0.04_11_0.3_Central",-1620.63,-1620.63,-1620.63,-1620.63,-1620.63,-1620.63,3069.13,3067.58,3064.7,3797.36,3796.23,3795.1,9319.63,9316.03,9309.3,11019.89,11017.25,11014.6,15571.4,15565.74,15555.16,18242.89,18238.74,18234.59,21823.1,21815.39,21800.95,25465.89,25460.23,25454.57
"0.02_14_0.3_Central",-639.63,-639.63,-639.63,-639.63,-639.63,-639.63,1700.46,1698.91,1696.03,2064.15,2063.02,2061.89,4819.32,4815.72,4808.99,5668.47,5665.83,5663.18,7938.82,7933.16,7922.58,9273.02,9268.87,9264.72,11058.28,11050.57,11036.13,12877.57,12871.91,12866.25
"0.03_14_0.3_Central",-639.63,-639.63,-639.63,-639.63,-639.63,-639.63,2875.29,2873.75,2870.86,3421.26,3420.13,3418.99,7559.98,7556.38,7549.64,8834.68,8832.04,8829.39,12245.61,12239.95,12229.37,14248.46,14244.3,14240.15,16931.19,16923.48,16909.04,19662.23,19656.57,19650.91
"0.04_14_0.3_Central",-639.63,-639.63,-639.63,-639.63,-639.63,-639.63,4050.13,4048.58,4045.7,4778.36,4777.23,4776.1,10300.63,10297.03,10290.3,12000.89,11998.25,11995.6,16552.4,16546.74,16536.16,19223.89,19219.74,19215.59,22804.1,22796.39,22781.95,26446.89,26441.23,26435.57
"0.02_17_0.3_Central",341.37,341.37,341.37,341.37,341.37,341.37,2681.46,2679.91,2677.03,3045.15,3044.02,3042.89,5800.32,5796.72,5789.99,6649.47,6646.83,6644.18,8919.82,8914.16,8903.58,10254.02,10249.87,10245.72,12039.28,12031.57,12017.13,13858.57,13852.91,13847.25
"0.03_17_0.3_Central",341.37,341.37,341.37,341.37,341.37,341.37,3856.29,3854.75,3851.86,4402.26,4401.13,4399.99,8540.98,8537.38,8530.64,9815.68,9813.04,9810.39,13226.61,13220.95,13210.37,15229.46,15225.3,15221.15,17912.19,17904.48,17890.04,20643.23,20637.57,20631.91
"0.04_17_0.3_Central",341.37,341.37,341.37,341.37,341.37,341.37,5031.13,5029.58,5026.7,5759.36,5758.23,5757.1,11281.63,11278.03,11271.3,12981.89,12979.25,12976.6,17533.4,17527.74,17517.16,20204.89,20200.74,20196.59,23785.1,23777.39,23762.95,27427.89,27422.23,27416.57
"0.02_11_0.5_Central",-217.13,-217.13,-217.13,-217.13,-217.13,-217.13,2122.96,2121.41,2118.53,2486.65,2485.52,2484.39,5241.82,5238.22,5231.49,6090.97,6088.33,6085.68,8361.32,8355.66,8345.08,9695.52,9691.37,9687.22,11480.78,11473.07,11458.63,13300.07,13294.41,13288.75
"0.03_11_0.5_Central",-217.13,-217.13,-217.13,-217.13,-217.13,-217.13,3297.79,3296.25,3293.36,3843.76,3842.63,3841.49,7982.48,7978.88,7972.14,9257.18,9254.54,9251.89,12668.11,12662.45,12651.87,14670.96,14666.8,14662.65,17353.69,17345.98,17331.54,20084.73,20079.07,20073.41
"0.04_11_0.5_Central",-217.13,-217.13,-217.13,-217.13,-217.13,-217.13,4472.63,4471.08,4468.2,5200.86,5199.73,5198.6,10723.13,10719.53,10712.8,12423.39,12420.75,12418.1,16974.9,16969.24,16958.66,19646.39,19642.24,19638.09,23226.6,23218.89,23204.45,26869.39,26863.73,26858.07
"0.02_14_0.5_Central",1417.87,1417.87,1417.87,1417.87,1417.87,1417.87,3757.96,3756.41,3753.53,4121.65,4120.52,4119.39,6876.82,6873.22,6866.49,7725.97,7723.33,7720.68,9996.32,9990.66,9980.08,11330.52,11326.37,11322.22,13115.78,13108.07,13093.63,14935.07,14929.41,14923.75
"0.03_14_0.5_Central",1417.87,1417.87,1417.87,1417.87,1417.87,1417.87,4932.79,4931.25,4928.36,5478.76,5477.63,5476.49,9617.48,9613.88,9607.14,10892.18,10889.54,10886.89,14303.11,14297.45,14286.87,16305.96,16301.8,16297.65,18988.69,18980.98,18966.54,21719.73,21714.07,21708.41
"0.04_14_0.5_Central",1417.87,1417.87,1417.87,1417.87,1417.87,1417.87,6107.63,6106.08,6103.2,6835.86,6834.73,6833.6,12358.13,12354.53,12347.8,14058.39,14055.75,14053.1,18609.9,18604.24,18593.66,21281.39,21277.24,21273.09,24861.6,24853.89,24839.45,28504.39,28498.73,28493.07
"0.02_17_0.5_Central",3052.87,3052.87,3052.87,3052.87,3052.87,3052.87,5392.96,5391.41,5388.53,5756.65,5755.52,5754.39,8511.82,8508.22,8501.49,9360.97,9358.33,9355.68,11631.32,11625.66,11615.08,12965.52,12961.37,12957.22,14750.78,14743.07,14728.63,16570.07,16564.41,16558.75
"0.03_17_0.5_Central",3052.87,3052.87,3052.87,3052.87,3052.87,3052.87,6567.79,6566.25,6563.36,7113.76,7112.63,7111.49,11252.48,11248.88,11242.14,12527.18,12524.54,12521.89,15938.11,15932.45,15921.87,17940.96,17936.8,17932.65,20623.69,20615.98,20601.54,23354.73,23349.07,23343.41
"0.04_17_0.5_Central",3052.87,3052.87,3052.87,3052.87,3052.87,3052.87,7742.63,7741.08,7738.2,8470.86,8469.73,8468.6,13993.13,13989.53,13982.8,15693.39,15690.75,15688.1,20244.9,20239.24,20228.66,22916.39,22912.24,22908.09,26496.6,26488.89,26474.45,30139.39,30133.73,30128.07
"0.02_11_0.7_Central",1186.37,1186.37,1186.37,1186.37,1186.37,1186.37,3526.46,3524.91,3522.03,3890.15,3889.02,3887.89,6645.32,6641.72,6634.99,7494.47,7491.83,7489.18,9764.82,9759.16,9748.58,11099.02,11094.87,11090.72,12884.28,12876.57,12862.13,14703.57,14697.91,14692.25
"0.03_11_0.7_Central",1186.37,1186.37,1186.37,1186.37,1186.37,1186.37,4701.29,4699.75,4696.86,5247.26,5246.13,5244.99,9385.98,9382.38,9375.64,10660.68,10658.04,10655.39,14071.61,14065.95,14055.37,16074.46,16070.3,16066.15,18757.19,18749.48,18735.04,21488.23,21482.57,21476.91
"0.04_11_0.7_Central",1186.37,1186.37,1186.37,1186.37,1186.37,1186.37,5876.13,5874.58,5871.7,6604.36,6603.23,6602.1,12126.63,12123.03,12116.3,13826.89,13824.25,13821.6,18378.4,18372.74,18362.16,21049.89,21045.74,21041.59,24630.1,24622.39,24607.95,28272.89,28267.23,28261.57
"0.02_14_0.7_Central",3475.37,3475.37,3475.37,3475.37,3475.37,3475.37,5815.46,5813.91,5811.03,6179.15,6178.02,6176.89,8934.32,8930.72,8923.99,9783.47,9780.83,9778.18,12053.82,12048.16,12037.58,13388.02,13383.87,13379.72,15173.28,15165.57,15151.13,16992.57,16986.91,16981.25
"0.03_14_0.7_Central",3475.37,3475.37,3475.37,3475.37,3475.37,3475.37,6990.29,6988.75,6985.86,7536.26,7535.13,7533.99,11674.98,11671.38,11664.64,12949.68,12947.04,12944.39,16360.61,16354.95,16344.37,18363.46,18359.3,18355.15,21046.19,21038.48,21024.04,23777.23,23771.57,23765.91
"0.04_14_0.7_Central",3475.37,3475.37,3475.37,3475.37,3475.37,3475.37,8165.13,8163.58,8160.7,8893.36,8892.23,8891.1,14415.63,14412.03,14405.3,16115.89,16113.25,16110.6,20667.4,20661.74,20651.16,23338.89,23334.74,23330.59,26919.1,26911.39,26896.95,30561.89,30556.23,30550.57
"0.02_17_0.7_Central",5764.37,5764.37,5764.37,5764.37,5764.37,5764.37,8104.46,8102.91,8100.03,8468.15,8467.02,8465.89,11223.32,11219.72,11212.99,12072.47,12069.83,12067.18,14342.82,14337.16,14326.58,15677.02,15672.87,15668.72,17462.28,17454.57,17440.13,19281.57,19275.91,19270.25
"0.03_17_0.7_Central",5764.37,5764.37,5764.37,5764.37,5764.37,5764.37,9279.29,9277.75,9274.86,9825.26,9824.13,9822.99,13963.98,13960.38,13953.64,15238.68,15236.04,15233.39,18649.61,18643.95,18633.37,20652.46,20648.3,20644.15,23335.19,23327.48,23313.04,26066.23,26060.57,26054.91
"0.04_17_0.7_Central",5764.37,5764.37,5764.37,5764.37,5764.37,5764.37,10454.13,10452.58,10449.7,11182.36,11181.23,11180.1,16704.63,16701.03,16694.3,18404.89,18402.25,18399.6,22956.4,22950.74,22940.16,25627.89,25623.74,25619.59,29208.1,29200.39,29185.95,32850.89,32845.23,32839.57
"0.02_11_1.0_Central",3291.62,3291.62,3291.62,3291.62,3291.62,3291.62,5631.71,5630.16,5627.28,5995.4,5994.27,5993.14,8750.57,8746.97,8740.24,9599.72,9597.08,9594.43,11870.07,11864.41,11853.83,13204.27,13200.12,13195.97,14989.53,14981.82,14967.38,16808.82,16803.16,16797.5
"0.03_11_1.0_Central",3291.62,3291.62,3291.62,3291.62,3291.62,3291.62,6806.54,6805,6802.11,7352.51,7351.38,7350.24,11491.23,11487.63,11480.89,12765.93,12763.29,12760.64,16176.86,16171.2,16160.62,18179.71,18175.55,18171.4,20862.44,20854.73,20840.29,23593.48,23587.82,23582.16
"0.04_11_1.0_Central",3291.62,3291.62,3291.62,3291.62,3291.62,3291.62,7981.38,7979.83,7976.95,8709.61,8708.48,8707.35,14231.88,14228.28,14221.55,15932.14,15929.5,15926.85,20483.65,20477.99,20467.41,23155.14,23150.99,23146.84,26735.35,26727.64,26713.2,30378.14,30372.48,30366.82
"0.02_14_1.0_Central",6561.62,6561.62,6561.62,6561.62,6561.62,6561.62,8901.71,8900.16,8897.28,9265.4,9264.27,9263.14,12020.57,12016.97,12010.24,12869.72,12867.08,12864.43,15140.07,15134.41,15123.83,16474.27,16470.12,16465.97,18259.53,18251.82,18237.38,20078.82,20073.16,20067.5
"0.03_14_1.0_Central",6561.62,6561.62,6561.62,6561.62,6561.62,6561.62,10076.54,10075,10072.11,10622.51,10621.38,10620.24,14761.23,14757.63,14750.89,16035.93,16033.29,16030.64,19446.86,19441.2,19430.62,21449.71,21445.55,21441.4,24132.44,24124.73,24110.29,26863.48,26857.82,26852.16
"0.04_14_1.0_Central",6561.62,6561.62,6561.62,6561.62,6561.62,6561.62,11251.38,11249.83,11246.95,11979.61,11978.48,11977.35,17501.88,17498.28,17491.55,19202.14,19199.5,19196.85,23753.65,23747.99,23737.41,26425.14,26420.99,26416.84,30005.35,29997.64,29983.2,33648.14,33642.48,33636.82
"0.02_17_1.0_Central",9831.62,9831.62,9831.62,9831.62,9831.62,9831.62,12171.71,12170.16,12167.28,12535.4,12534.27,12533.14,15290.57,15286.97,15280.24,16139.72,16137.08,16134.43,18410.07,18404.41,18393.83,19744.27,19740.12,19735.97,21529.53,21521.82,21507.38,23348.82,23343.16,23337.5
"0.03_17_1.0_Central",9831.62,9831.62,9831.62,9831.62,9831.62,9831.62,13346.54,13345,13342.11,13892.51,13891.38,13890.24,18031.23,18027.63,18020.89,19305.93,19303.29,19300.64,22716.86,22711.2,22700.62,24719.71,24715.55,24711.4,27402.44,27394.73,27380.29,30133.48,30127.82,30122.16
"0.04_17_1.0_Central",9831.62,9831.62,9831.62,9831.62,9831.62,9831.62,14521.38,14519.83,14516.95,15249.61,15248.48,15247.35,20771.88,20768.28,20761.55,22472.14,22469.5,22466.85,27023.65,27017.99,27007.41,29695.14,29690.99,29686.84,33275.35,33267.64,33253.2,36918.14,36912.48,36906.82
"0.02_11_1.2_Central",4695.12,4695.12,4695.12,4695.12,4695.12,4695.12,7035.21,7033.66,7030.78,7398.9,7397.77,7396.64,10154.07,10150.47,10143.74,11003.22,11000.58,10997.93,13273.57,13267.91,13257.33,14607.77,14603.62,14599.47,16393.03,16385.32,16370.88,18212.32,18206.66,18201
"0.03_11_1.2_Central",4695.12,4695.12,4695.12,4695.12,4695.12,4695.12,8210.04,8208.5,8205.61,8756.01,8754.88,8753.74,12894.73,12891.13,12884.39,14169.43,14166.79,14164.14,17580.36,17574.7,17564.12,19583.21,19579.05,19574.9,22265.94,22258.23,22243.79,24996.98,24991.32,24985.66
"0.04_11_1.2_Central",4695.12,4695.12,4695.12,4695.12,4695.12,4695.12,9384.88,9383.33,9380.45,10113.11,10111.98,10110.85,15635.38,15631.78,15625.05,17335.64,17333,17330.35,21887.15,21881.49,21870.91,24558.64,24554.49,24550.34,28138.85,28131.14,28116.7,31781.64,31775.98,31770.32
"0.02_14_1.2_Central",8619.12,8619.12,8619.12,8619.12,8619.12,8619.12,10959.21,10957.66,10954.78,11322.9,11321.77,11320.64,14078.07,14074.47,14067.74,14927.22,14924.58,14921.93,17197.57,17191.91,17181.33,18531.77,18527.62,18523.47,20317.03,20309.32,20294.88,22136.32,22130.66,22125
"0.03_14_1.2_Central",8619.12,8619.12,8619.12,8619.12,8619.12,8619.12,12134.04,12132.5,12129.61,12680.01,12678.88,12677.74,16818.73,16815.13,16808.39,18093.43,18090.79,18088.14,21504.36,21498.7,21488.12,23507.21,23503.05,23498.9,26189.94,26182.23,26167.79,28920.98,28915.32,28909.66
"0.04_14_1.2_Central",8619.12,8619.12,8619.12,8619.12,8619.12,8619.12,13308.88,13307.33,13304.45,14037.11,14035.98,14034.85,19559.38,19555.78,19549.05,21259.64,21257,21254.35,25811.15,25805.49,25794.91,28482.64,28478.49,28474.34,32062.85,32055.14,32040.7,35705.64,35699.98,35694.32
"0.02_17_1.2_Central",12543.12,12543.12,12543.12,12543.12,12543.12,12543.12,14883.21,14881.66,14878.78,15246.9,15245.77,15244.64,18002.07,17998.47,17991.74,18851.22,18848.58,18845.93,21121.57,21115.91,21105.33,22455.77,22451.62,22447.47,24241.03,24233.32,24218.88,26060.32,26054.66,26049
"0.03_17_1.2_Central",12543.12,12543.12,12543.12,12543.12,12543.12,12543.12,16058.04,16056.5,16053.61,16604.01,16602.88,16601.74,20742.73,20739.13,20732.39,22017.43,22014.79,22012.14,25428.36,25422.7,25412.12,27431.21,27427.05,27422.9,30113.94,30106.23,30091.79,32844.98,32839.32,32833.66
"0.04_17_1.2_Central",12543.12,12543.12,12543.12,12543.12,12543.12,12543.12,17232.88,17231.33,17228.45,17961.11,17959.98,17958.85,23483.38,23479.78,23473.05,25183.64,25181,25178.35,29735.15,29729.49,29718.91,32406.64,32402.49,32398.34,35986.85,35979.14,35964.7,39629.64,39623.98,39618.32
"0.02_11_1.5_Central",6800.37,6800.37,6800.37,6800.37,6800.37,6800.37,9140.46,9138.91,9136.03,9504.15,9503.02,9501.89,12259.32,12255.72,12248.99,13108.47,13105.83,13103.18,15378.82,15373.16,15362.58,16713.02,16708.87,16704.72,18498.28,18490.57,18476.13,20317.57,20311.91,20306.25
"0.03_11_1.5_Central",6800.37,6800.37,6800.37,6800.37,6800.37,6800.37,10315.29,10313.75,10310.86,10861.26,10860.13,10858.99,14999.98,14996.38,14989.64,16274.68,16272.04,16269.39,19685.61,19679.95,19669.37,21688.46,21684.3,21680.15,24371.19,24363.48,24349.04,27102.23,27096.57,27090.91
"0.04_11_1.5_Central",6800.37,6800.37,6800.37,6800.37,6800.37,6800.37,11490.13,11488.58,11485.7,12218.36,12217.23,12216.1,17740.63,17737.03,17730.3,19440.89,19438.25,19435.6,23992.4,23986.74,23976.16,26663.89,26659.74,26655.59,30244.1,30236.39,30221.95,33886.89,33881.23,33875.57
"0.02_14_1.5_Central",11705.37,11705.37,11705.37,11705.37,11705.37,11705.37,14045.46,14043.91,14041.03,14409.15,14408.02,14406.89,17164.32,17160.72,17153.99,18013.47,18010.83,18008.18,20283.82,20278.16,20267.58,21618.02,21613.87,21609.72,23403.28,23395.57,23381.13,25222.57,25216.91,25211.25
"0.03_14_1.5_Central",11705.37,11705.37,11705.37,11705.37,11705.37,11705.37,15220.29,15218.75,15215.86,15766.26,15765.13,15763.99,19904.98,19901.38,19894.64,21179.68,21177.04,21174.39,24590.61,24584.95,24574.37,26593.46,26589.3,26585.15,29276.19,29268.48,29254.04,32007.23,32001.57,31995.91
"0.04_14_1.5_Central",11705.37,11705.37,11705.37,11705.37,11705.37,11705.37,16395.13,16393.58,16390.7,17123.36,17122.23,17121.1,22645.63,22642.03,22635.3,24345.89,24343.25,24340.6,28897.4,28891.74,28881.16,31568.89,31564.74,31560.59,35149.1,35141.39,35126.95,38791.89,38786.23,38780.57
"0.02_17_1.5_Central",16610.37,16610.37,16610.37,16610.37,16610.37,16610.37,18950.46,18948.91,18946.03,19314.15,19313.02,19311.89,22069.32,22065.72,22058.99,22918.47,22915.83,22913.18,25188.82,25183.16,25172.58,26523.02,26518.87,26514.72,28308.28,28300.57,28286.13,30127.57,30121.91,30116.25
"0.03_17_1.5_Central",16610.37,16610.37,16610.37,16610.37,16610.37,16610.37,20125.29,20123.75,20120.86,20671.26,20670.13,20668.99,24809.98,24806.38,24799.64,26084.68,26082.04,26079.39,29495.61,29489.95,29479.37,31498.46,31494.3,31490.15,34181.19,34173.48,34159.04,36912.23,36906.57,36900.91
"0.04_17_1.5_Central",16610.37,16610.37,16610.37,16610.37,16610.37,16610.37,21300.13,21298.58,21295.7,22028.36,22027.23,22026.1,27550.63,27547.03,27540.3,29250.89,29248.25,29245.6,33802.4,33796.74,33786.16,36473.89,36469.74,36465.59,40054.1,40046.39,40031.95,43696.89,43691.23,43685.57
"0.02_11_1.8_Central",8905.62,8905.62,8905.62,8905.62,8905.62,8905.62,11245.71,11244.16,11241.28,11609.4,11608.27,11607.14,14364.57,14360.97,14354.24,15213.72,15211.08,15208.43,17484.07,17478.41,17467.83,18818.27,18814.12,18809.97,20603.53,20595.82,20581.38,22422.82,22417.16,22411.5
"0.03_11_1.8_Central",8905.62,8905.62,8905.62,8905.62,8905.62,8905.62,12420.54,12419,12416.11,12966.51,12965.38,12964.24,17105.23,17101.63,17094.89,18379.93,18377.29,18374.64,21790.86,21785.2,21774.62,23793.71,23789.55,23785.4,26476.44,26468.73,26454.29,29207.48,29201.82,29196.16
"0.04_11_1.8_Central",8905.62,8905.62,8905.62,8905.62,8905.62,8905.62,13595.38,13593.83,13590.95,14323.61,14322.48,14321.35,19845.88,19842.28,19835.55,21546.14,21543.5,21540.85,26097.65,26091.99,26081.41,28769.14,28764.99,28760.84,32349.35,32341.64,32327.2,35992.14,35986.48,35980.82
"0.02_14_1.8_Central",14791.62,14791.62,14791.62,14791.62,14791.62,14791.62,17131.71,17130.16,17127.28,17495.4,17494.27,17493.14,20250.57,20246.97,20240.24,21099.72,21097.08,21094.43,23370.07,23364.41,23353.83,24704.27,24700.12,24695.97,26489.53,26481.82,26467.38,28308.82,28303.16,28297.5
"0.03_14_1.8_Central",14791.62,14791.62,14791.62,14791.62,14791.62,14791.62,18306.54,18305,18302.11,18852.51,18851.38,18850.24,22991.23,22987.63,22980.89,24265.93,24263.29,24260.64,27676.86,27671.2,27660.62,29679.71,29675.55,29671.4,32362.44,32354.73,32340.29,35093.48,35087.82,35082.16
"0.04_14_1.8_Central",14791.62,14791.62,14791.62,14791.62,14791.62,14791.62,19481.38,19479.83,19476.95,20209.61,20208.48,20207.35,25731.88,25728.28,25721.55,27432.14,27429.5,27426.85,31983.65,31977.99,31967.41,34655.14,34650.99,34646.84,38235.35,38227.64,38213.2,41878.14,41872.48,41866.82
"0.02_17_1.8_Central",20677.62,20677.62,20677.62,20677.62,20677.62,20677.62,23017.71,23016.16,23013.28,23381.4,23380.27,23379.14,26136.57,26132.97,26126.24,26985.72,26983.08,26980.43,29256.07,29250.41,29239.83,30590.27,30586.12,30581.97,32375.53,32367.82,32353.38,34194.82,34189.16,34183.5
"0.03_17_1.8_Central",20677.62,20677.62,20677.62,20677.62,20677.62,20677.62,24192.54,24191,24188.11,24738.51,24737.38,24736.24,28877.23,28873.63,28866.89,30151.93,30149.29,30146.64,33562.86,33557.2,33546.62,35565.71,35561.55,35557.4,38248.44,38240.73,38226.29,40979.48,40973.82,40968.16
"0.04_17_1.8_Central",20677.62,20677.62,20677.62,20677.62,20677.62,20677.62,25367.38,25365.83,25362.95,26095.61,26094.48,26093.35,31617.88,31614.28,31607.55,33318.14,33315.5,33312.85,37869.65,37863.99,37853.41,40541.14,40536.99,40532.84,44121.35,44113.64,44099.2,47764.14,47758.48,47752.82
"0.02_11_2.0_Central",10309.12,10309.12,10309.12,10309.12,10309.12,10309.12,12649.21,12647.66,12644.78,13012.9,13011.77,13010.64,15768.07,15764.47,15757.74,16617.22,16614.58,16611.93,18887.57,18881.91,18871.33,20221.77,20217.62,20213.47,22007.03,21999.32,21984.88,23826.32,23820.66,23815
"0.03_11_2.0_Central",10309.12,10309.12,10309.12,10309.12,10309.12,10309.12,13824.04,13822.5,13819.61,14370.01,14368.88,14367.74,18508.73,18505.13,18498.39,19783.43,19780.79,19778.14,23194.36,23188.7,23178.12,25197.21,25193.05,25188.9,27879.94,27872.23,27857.79,30610.98,30605.32,30599.66
"0.04_11_2.0_Central",10309.12,10309.12,10309.12,10309.12,10309.12,10309.12,14998.88,14997.33,14994.45,15727.11,15725.98,15724.85,21249.38,21245.78,21239.05,22949.64,22947,22944.35,27501.15,27495.49,27484.91,30172.64,30168.49,30164.34,33752.85,33745.14,33730.7,37395.64,37389.98,37384.32
"0.02_14_2.0_Central",16849.12,16849.12,16849.12,16849.12,16849.12,16849.12,19189.21,19187.66,19184.78,19552.9,19551.77,19550.64,22308.07,22304.47,22297.74,23157.22,23154.58,23151.93,25427.57,25421.91,25411.33,26761.77,26757.62,26753.47,28547.03,28539.32,28524.88,30366.32,30360.66,30355
"0.03_14_2.0_Central",16849.12,16849.12,16849.12,16849.12,16849.12,16849.12,20364.04,20362.5,20359.61,20910.01,20908.88,20907.74,25048.73,25045.13,25038.39,26323.43,26320.79,26318.14,29734.36,29728.7,29718.12,31737.21,31733.05,31728.9,34419.94,34412.23,34397.79,37150.98,37145.32,37139.66
"0.04_14_2.0_Central",16849.12,16849.12,16849.12,16849.12,16849.12,16849.12,21538.88,21537.33,21534.45,22267.11,22265.98,22264.85,27789.38,27785.78,27779.05,29489.64,29487,29484.35,34041.15,34035.49,34024.91,36712.64,36708.49,36704.34,40292.85,40285.14,40270.7,43935.64,43929.98,43924.32
"0.02_17_2.0_Central",23389.12,23389.12,23389.12,23389.12,23389.12,23389.12,25729.21,25727.66,25724.78,26092.9,26091.77,26090.64,28848.07,28844.47,28837.74,29697.22,29694.58,29691.93,31967.57,31961.91,31951.33,33301.77,33297.62,33293.47,35087.03,35079.32,35064.88,36906.32,36900.66,36895
"0.03_17_2.0_Central",23389.12,23389.12,23389.12,23389.12,23389.12,23389.12,26904.04,26902.5,26899.61,27450.01,27448.88,27447.74,31588.73,31585.13,31578.39,32863.43,32860.79,32858.14,36274.36,36268.7,36258.12,38277.21,38273.05,38268.9,40959.94,40952.23,40937.79,43690.98,43685.32,43679.66
"0.04_17_2.0_Central",23389.12,23389.12,23389.12,23389.12,23389.12,23389.12,28078.88,28077.33,28074.45,28807.11,28805.98,28804.85,34329.38,34325.78,34319.05,36029.64,36027,36024.35,40581.15,40575.49,40564.91,43252.64,43248.49,43244.34,46832.85,46825.14,46810.7,50475.64,50469.98,50464.32
"0.02_11_0.1_Black Belt",-3024.13,-3024.13,-3024.13,-3024.13,-3024.13,-3024.13,-557.25,-558.8,-561.68,-171.03,-172.16,-173.29,2730.42,2726.82,2720.09,3632.32,3629.68,3627.03,6018.83,6013.17,6002.59,7435.91,7431.76,7427.61,9307.21,9299.5,9285.06,11239.49,11233.83,11228.17
"0.03_11_0.1_Black Belt",-3024.13,-3024.13,-3024.13,-3024.13,-3024.13,-3024.13,680.98,679.43,676.55,1260.74,1259.61,1258.47,5618.88,5615.28,5608.54,6972.7,6970.06,6967.42,10557.87,10552.21,10541.63,12685.04,12680.89,12676.74,15496.84,15489.12,15474.69,18397.36,18391.7,18386.04
"0.04_11_0.1_Black Belt",-3024.13,-3024.13,-3024.13,-3024.13,-3024.13,-3024.13,1919.21,1917.66,1914.78,2692.5,2691.37,2690.24,8507.33,8503.73,8497,10313.09,10310.45,10307.8,15096.92,15091.26,15080.68,17934.17,17930.02,17925.87,21686.46,21678.75,21664.31,25555.23,25549.57,25543.91
"0.02_14_0.1_Black Belt",-2697.13,-2697.13,-2697.13,-2697.13,-2697.13,-2697.13,-230.25,-231.8,-234.68,155.97,154.84,153.71,3057.42,3053.82,3047.09,3959.32,3956.68,3954.03,6345.83,6340.17,6329.59,7762.91,7758.76,7754.61,9634.21,9626.5,9612.06,11566.49,11560.83,11555.17
"0.03_14_0.1_Black Belt",-2697.13,-2697.13,-2697.13,-2697.13,-2697.13,-2697.13,1007.98,1006.43,1003.55,1587.74,1586.61,1585.47,5945.88,5942.28,5935.54,7299.7,7297.06,7294.42,10884.87,10879.21,10868.63,13012.04,13007.89,13003.74,15823.84,15816.12,15801.69,18724.36,18718.7,18713.04
"0.04_14_0.1_Black Belt",-2697.13,-2697.13,-2697.13,-2697.13,-2697.13,-2697.13,2246.21,2244.66,2241.78,3019.5,3018.37,3017.24,8834.33,8830.73,8824,10640.09,10637.45,10634.8,15423.92,15418.26,15407.68,18261.17,18257.02,18252.87,22013.46,22005.75,21991.31,25882.23,25876.57,25870.91
"0.02_17_0.1_Black Belt",-2370.13,-2370.13,-2370.13,-2370.13,-2370.13,-2370.13,96.75,95.2,92.32,482.97,481.84,480.71,3384.42,3380.82,3374.09,4286.32,4283.68,4281.03,6672.83,6667.17,6656.59,8089.91,8085.76,8081.61,9961.21,9953.5,9939.06,11893.49,11887.83,11882.17
"0.03_17_0.1_Black Belt",-2370.13,-2370.13,-2370.13,-2370.13,-2370.13,-2370.13,1334.98,1333.43,1330.55,1914.74,1913.61,1912.47,6272.88,6269.28,6262.54,7626.7,7624.06,7621.42,11211.87,11206.21,11195.63,13339.04,13334.89,13330.74,16150.84,16143.12,16128.69,19051.36,19045.7,19040.04
"0.04_17_0.1_Black Belt",-2370.13,-2370.13,-2370.13,-2370.13,-2370.13,-2370.13,2573.21,2571.66,2568.78,3346.5,3345.37,3344.24,9161.33,9157.73,9151,10967.09,10964.45,10961.8,15750.92,15745.26,15734.68,18588.17,18584.02,18579.87,22340.46,22332.75,22318.31,26209.23,26203.57,26197.91
"0.02_11_0.3_Black Belt",-1620.63,-1620.63,-1620.63,-1620.63,-1620.63,-1620.63,846.25,844.7,841.82,1232.47,1231.34,1230.21,4133.92,4130.32,4123.59,5035.82,5033.18,5030.53,7422.33,7416.67,7406.09,8839.41,8835.26,8831.11,10710.71,10703,10688.56,12642.99,12637.33,12631.67
"0.03_11_0.3_Black Belt",-1620.63,-1620.63,-1620.63,-1620.63,-1620.63,-1620.63,2084.48,2082.93,2080.05,2664.24,2663.11,2661.97,7022.38,7018.78,7012.04,8376.2,8373.56,8370.92,11961.37,11955.71,11945.13,14088.54,14084.39,14080.24,16900.34,16892.62,16878.19,19800.86,19795.2,19789.54
"0.04_11_0.3_Black Belt",-1620.63,-1620.63,-1620.63,-1620.63,-1620.63,-1620.63,3322.71,3321.16,3318.28,4096,4094.87,4093.74,9910.83,9907.23,9900.5,11716.59,11713.95,11711.3,16500.42,16494.76,16484.18,19337.67,19333.52,19329.37,23089.96,23082.25,23067.81,26958.73,26953.07,26947.41
"0.02_14_0.3_Black Belt",-639.63,-639.63,-639.63,-639.63,-639.63,-639.63,1827.25,1825.7,1822.82,2213.47,2212.34,2211.21,5114.92,5111.32,5104.59,6016.82,6014.18,6011.53,8403.33,8397.67,8387.09,9820.41,9816.26,9812.11,11691.71,11684,11669.56,13623.99,13618.33,13612.67
"0.03_14_0.3_Black Belt",-639.63,-639.63,-639.63,-639.63,-639.63,-639.63,3065.48,3063.93,3061.05,3645.24,3644.11,3642.97,8003.38,7999.78,7993.04,9357.2,9354.56,9351.92,12942.37,12936.71,12926.13,15069.54,15065.39,15061.24,17881.34,17873.62,17859.19,20781.86,20776.2,20770.54
"0.04_14_0.3_Black Belt",-639.63,-639.63,-639.63,-639.63,-639.63,-639.63,4303.71,4302.16,4299.28,5077,5075.87,5074.74,10891.83,10888.23,10881.5,12697.59,12694.95,12692.3,17481.42,17475.76,17465.18,20318.67,20314.52,20310.37,24070.96,24063.25,24048.81,27939.73,27934.07,27928.41
"0.02_17_0.3_Black Belt",341.37,341.37,341.37,341.37,341.37,341.37,2808.25,2806.7,2803.82,3194.47,3193.34,3192.21,6095.92,6092.32,6085.59,6997.82,6995.18,6992.53,9384.33,9378.67,9368.09,10801.41,10797.26,10793.11,12672.71,12665,12650.56,14604.99,14599.33,14593.67
"0.03_17_0.3_Black Belt",341.37,341.37,341.37,341.37,341.37,341.37,4046.48,4044.93,4042.05,4626.24,4625.11,4623.97,8984.38,8980.78,8974.04,10338.2,10335.56,10332.92,13923.37,13917.71,13907.13,16050.54,16046.39,16042.24,18862.34,18854.62,18840.19,21762.86,21757.2,21751.54
"0.04_17_0.3_Black Belt",341.37,341.37,341.37,341.37,341.37,341.37,5284.71,5283.16,5280.28,6058,6056.87,6055.74,11872.83,11869.23,11862.5,13678.59,13675.95,13673.3,18462.42,18456.76,18446.18,21299.67,21295.52,21291.37,25051.96,25044.25,25029.81,28920.73,28915.07,28909.41
"0.02_11_0.5_Black Belt",-217.13,-217.13,-217.13,-217.13,-217.13,-217.13,2249.75,2248.2,2245.32,2635.97,2634.84,2633.71,5537.42,5533.82,5527.09,6439.32,6436.68,6434.03,8825.83,8820.17,8809.59,10242.91,10238.76,10234.61,12114.21,12106.5,12092.06,14046.49,14040.83,14035.17
"0.03_11_0.5_Black Belt",-217.13,-217.13,-217.13,-217.13,-217.13,-217.13,3487.98,3486.43,3483.55,4067.74,4066.61,4065.47,8425.88,8422.28,8415.54,9779.7,9777.06,9774.42,13364.87,13359.21,13348.63,15492.04,15487.89,15483.74,18303.84,18296.12,18281.69,21204.36,21198.7,21193.04
"0.04_11_0.5_Black Belt",-217.13,-217.13,-217.13,-217.13,-217.13,-217.13,4726.21,4724.66,4721.78,5499.5,5498.37,5497.24,11314.33,11310.73,11304,13120.09,13117.45,13114.8,17903.92,17898.26,17887.68,20741.17,20737.02,20732.87,24493.46,24485.75,24471.31,28362.23,28356.57,28350.91
"0.02_14_0.5_Black Belt",1417.87,1417.87,1417.87,1417.87,1417.87,1417.87,3884.75,3883.2,3880.32,4270.97,4269.84,4268.71,7172.42,7168.82,7162.09,8074.32,8071.68,8069.03,10460.83,10455.17,10444.59,11877.91,11873.76,11869.61,13749.21,13741.5,13727.06,15681.49,15675.83,15670.17
"0.03_14_0.5_Black Belt",1417.87,1417.87,1417.87,1417.87,1417.87,1417.87,5122.98,5121.43,5118.55,5702.74,5701.61,5700.47,10060.88,10057.28,10050.54,11414.7,11412.06,11409.42,14999.87,14994.21,14983.63,17127.04,17122.89,17118.74,19938.84,19931.12,19916.69,22839.36,22833.7,22828.04
"0.04_14_0.5_Black Belt",1417.87,1417.87,1417.87,1417.87,1417.87,1417.87,6361.21,6359.66,6356.78,7134.5,7133.37,7132.24,12949.33,12945.73,12939,14755.09,14752.45,14749.8,19538.92,19533.26,19522.68,22376.17,22372.02,22367.87,26128.46,26120.75,26106.31,29997.23,29991.57,29985.91
"0.02_17_0.5_Black Belt",3052.87,3052.87,3052.87,3052.87,3052.87,3052.87,5519.75,5518.2,5515.32,5905.97,5904.84,5903.71,8807.42,8803.82,8797.09,9709.32,9706.68,9704.03,12095.83,12090.17,12079.59,13512.91,13508.76,13504.61,15384.21,15376.5,15362.06,17316.49,17310.83,17305.17
"0.03_17_0.5_Black Belt",3052.87,3052.87,3052.87,3052.87,3052.87,3052.87,6757.98,6756.43,6753.55,7337.74,7336.61,7335.47,11695.88,11692.28,11685.54,13049.7,13047.06,13044.42,16634.87,16629.21,16618.63,18762.04,18757.89,18753.74,21573.84,21566.12,21551.69,24474.36,24468.7,24463.04
"0.04_17_0.5_Black Belt",3052.87,3052.87,3052.87,3052.87,3052.87,3052.87,7996.21,7994.66,7991.78,8769.5,8768.37,8767.24,14584.33,14580.73,14574,16390.09,16387.45,16384.8,21173.92,21168.26,21157.68,24011.17,24007.02,24002.87,27763.46,27755.75,27741.31,31632.23,31626.57,31620.91
"0.02_11_0.7_Black Belt",1186.37,1186.37,1186.37,1186.37,1186.37,1186.37,3653.25,3651.7,3648.82,4039.47,4038.34,4037.21,6940.92,6937.32,6930.59,7842.82,7840.18,7837.53,10229.33,10223.67,10213.09,11646.41,11642.26,11638.11,13517.71,13510,13495.56,15449.99,15444.33,15438.67
"0.03_11_0.7_Black Belt",1186.37,1186.37,1186.37,1186.37,1186.37,1186.37,4891.48,4889.93,4887.05,5471.24,5470.11,5468.97,9829.38,9825.78,9819.04,11183.2,11180.56,11177.92,14768.37,14762.71,14752.13,16895.54,16891.39,16887.24,19707.34,19699.62,19685.19,22607.86,22602.2,22596.54
"0.04_11_0.7_Black Belt",1186.37,1186.37,1186.37,1186.37,1186.37,1186.37,6129.71,6128.16,6125.28,6903,6901.87,6900.74,12717.83,12714.23,12707.5,14523.59,14520.95,14518.3,19307.42,19301.76,19291.18,22144.67,22140.52,22136.37,25896.96,25889.25,25874.81,29765.73,29760.07,29754.41
"0.02_14_0.7_Black Belt",3475.37,3475.37,3475.37,3475.37,3475.37,3475.37,5942.25,5940.7,5937.82,6328.47,6327.34,6326.21,9229.92,9226.32,9219.59,10131.82,10129.18,10126.53,12518.33,12512.67,12502.09,13935.41,13931.26,13927.11,15806.71,15799,15784.56,17738.99,17733.33,17727.67
"0.03_14_0.7_Black Belt",3475.37,3475.37,3475.37,3475.37,3475.37,3475.37,7180.48,7178.93,7176.05,7760.24,7759.11,7757.97,12118.38,12114.78,12108.04,13472.2,13469.56,13466.92,17057.37,17051.71,17041.13,19184.54,19180.39,19176.24,21996.34,21988.62,21974.19,24896.86,24891.2,24885.54
"0.04_14_0.7_Black Belt",3475.37,3475.37,3475.37,3475.37,3475.37,3475.37,8418.71,8417.16,8414.28,9192,9190.87,9189.74,15006.83,15003.23,14996.5,16812.59,16809.95,16807.3,21596.42,21590.76,21580.18,24433.67,24429.52,24425.37,28185.96,28178.25,28163.81,32054.73,32049.07,32043.41
"0.02_17_0.7_Black Belt",5764.37,5764.37,5764.37,5764.37,5764.37,5764.37,8231.25,8229.7,8226.82,8617.47,8616.34,8615.21,11518.92,11515.32,11508.59,12420.82,12418.18,12415.53,14807.33,14801.67,14791.09,16224.41,16220.26,16216.11,18095.71,18088,18073.56,20027.99,20022.33,20016.67
"0.03_17_0.7_Black Belt",5764.37,5764.37,5764.37,5764.37,5764.37,5764.37,9469.48,9467.93,9465.05,10049.24,10048.11,10046.97,14407.38,14403.78,14397.04,15761.2,15758.56,15755.92,19346.37,19340.71,19330.13,21473.54,21469.39,21465.24,24285.34,24277.62,24263.19,27185.86,27180.2,27174.54
"0.04_17_0.7_Black Belt",5764.37,5764.37,5764.37,5764.37,5764.37,5764.37,10707.71,10706.16,10703.28,11481,11479.87,11478.74,17295.83,17292.23,17285.5,19101.59,19098.95,19096.3,23885.42,23879.76,23869.18,26722.67,26718.52,26714.37,30474.96,30467.25,30452.81,34343.73,34338.07,34332.41
"0.02_11_1.0_Black Belt",3291.62,3291.62,3291.62,3291.62,3291.62,3291.62,5758.5,5756.95,5754.07,6144.72,6143.59,6142.46,9046.17,9042.57,9035.84,9948.07,9945.43,9942.78,12334.58,12328.92,12318.34,13751.66,13747.51,13743.36,15622.96,15615.25,15600.81,17555.24,17549.58,17543.92
"0.03_11_1.0_Black Belt",3291.62,3291.62,3291.62,3291.62,3291.62,3291.62,6996.73,6995.18,6992.3,7576.49,7575.36,7574.22,11934.63,11931.03,11924.29,13288.45,13285.81,13283.17,16873.62,16867.96,16857.38,19000.79,18996.64,18992.49,21812.59,21804.87,21790.44,24713.11,24707.45,24701.79
"0.04_11_1.0_Black Belt",3291.62,3291.62,3291.62,3291.62,3291.62,3291.62,8234.96,8233.41,8230.53,9008.25,9007.12,9005.99,14823.08,14819.48,14812.75,16628.84,16626.2,16623.55,21412.67,21407.01,21396.43,24249.92,24245.77,24241.62,28002.21,27994.5,27980.06,31870.98,31865.32,31859.66
"0.02_14_1.0_Black Belt",6561.62,6561.62,6561.62,6561.62,6561.62,6561.62,9028.5,9026.95,9024.07,9414.72,9413.59,9412.46,12316.17,12312.57,12305.84,13218.07,13215.43,13212.78,15604.58,15598.92,15588.34,17021.66,17017.51,17013.36,18892.96,18885.25,18870.81,20825.24,20819.58,20813.92
"0.03_14_1.0_Black Belt",6561.62,6561.62,6561.62,6561.62,6561.62,6561.62,10266.73,10265.18,10262.3,10846.49,10845.36,10844.22,15204.63,15201.03,15194.29,16558.45,16555.81,16553.17,20143.62,20137.96,20127.38,22270.79,22266.64,22262.49,25082.59,25074.87,25060.44,27983.11,27977.45,27971.79
"0.04_14_1.0_Black Belt",6561.62,6561.62,6561.62,6561.62,6561.62,6561.62,11504.96,11503.41,11500.53,12278.25,12277.12,12275.99,18093.08,18089.48,18082.75,19898.84,19896.2,19893.55,24682.67,24677.01,24666.43,27519.92,27515.77,27511.62,31272.21,31264.5,31250.06,35140.98,35135.32,35129.66
"0.02_17_1.0_Black Belt",9831.62,9831.62,9831.62,9831.62,9831.62,9831.62,12298.5,12296.95,12294.07,12684.72,12683.59,12682.46,15586.17,15582.57,15575.84,16488.07,16485.43,16482.78,18874.58,18868.92,18858.34,20291.66,20287.51,20283.36,22162.96,22155.25,22140.81,24095.24,24089.58,24083.92
"0.03_17_1.0_Black Belt",9831.62,9831.62,9831.62,9831.62,9831.62,9831.62,13536.73,13535.18,13532.3,14116.49,14115.36,14114.22,18474.63,18471.03,18464.29,19828.45,19825.81,19823.17,23413.62,23407.96,23397.38,25540.79,25536.64,25532.49,28352.59,28344.87,28330.44,31253.11,31247.45,31241.79
"0.04_17_1.0_Black Belt",9831.62,9831.62,9831.62,9831.62,9831.62,9831.62,14774.96,14773.41,14770.53,15548.25,15547.12,15545.99,21363.08,21359.48,21352.75,23168.84,23166.2,23163.55,27952.67,27947.01,27936.43,30789.92,30785.77,30781.62,34542.21,34534.5,34520.06,38410.98,38405.32,38399.66
"0.02_11_1.2_Black Belt",4695.12,4695.12,4695.12,4695.12,4695.12,4695.12,7162,7160.45,7157.57,7548.22,7547.09,7545.96,10449.67,10446.07,10439.34,11351.57,11348.93,11346.28,13738.08,13732.42,13721.84,15155.16,15151.01,15146.86,17026.46,17018.75,17004.31,18958.74,18953.08,18947.42
"0.03_11_1.2_Black Belt",4695.12,4695.12,4695.12,4695.12,4695.12,4695.12,8400.23,8398.68,8395.8,8979.99,8978.86,8977.72,13338.13,13334.53,13327.79,14691.95,14689.31,14686.67,18277.12,18271.46,18260.88,20404.29,20400.14,20395.99,23216.09,23208.37,23193.94,26116.61,26110.95,26105.29
"0.04_11_1.2_Black Belt",4695.12,4695.12,4695.12,4695.12,4695.12,4695.12,9638.46,9636.91,9634.03,10411.75,10410.62,10409.49,16226.58,16222.98,16216.25,18032.34,18029.7,18027.05,22816.17,22810.51,22799.93,25653.42,25649.27,25645.12,29405.71,29398,29383.56,33274.48,33268.82,33263.16
"0.02_14_1.2_Black Belt",8619.12,8619.12,8619.12,8619.12,8619.12,8619.12,11086,11084.45,11081.57,11472.22,11471.09,11469.96,14373.67,14370.07,14363.34,15275.57,15272.93,15270.28,17662.08,17656.42,17645.84,19079.16,19075.01,19070.86,20950.46,20942.75,20928.31,22882.74,22877.08,22871.42
"0.03_14_1.2_Black Belt",8619.12,8619.12,8619.12,8619.12,8619.12,8619.12,12324.23,12322.68,12319.8,12903.99,12902.86,12901.72,17262.13,17258.53,17251.79,18615.95,18613.31,18610.67,22201.12,22195.46,22184.88,24328.29,24324.14,24319.99,27140.09,27132.37,27117.94,30040.61,30034.95,30029.29
"0.04_14_1.2_Black Belt",8619.12,8619.12,8619.12,8619.12,8619.12,8619.12,13562.46,13560.91,13558.03,14335.75,14334.62,14333.49,20150.58,20146.98,20140.25,21956.34,21953.7,21951.05,26740.17,26734.51,26723.93,29577.42,29573.27,29569.12,33329.71,33322,33307.56,37198.48,37192.82,37187.16
"0.02_17_1.2_Black Belt",12543.12,12543.12,12543.12,12543.12,12543.12,12543.12,15010,15008.45,15005.57,15396.22,15395.09,15393.96,18297.67,18294.07,18287.34,19199.57,19196.93,19194.28,21586.08,21580.42,21569.84,23003.16,22999.01,22994.86,24874.46,24866.75,24852.31,26806.74,26801.08,26795.42
"0.03_17_1.2_Black Belt",12543.12,12543.12,12543.12,12543.12,12543.12,12543.12,16248.23,16246.68,16243.8,16827.99,16826.86,16825.72,21186.13,21182.53,21175.79,22539.95,22537.31,22534.67,26125.12,26119.46,26108.88,28252.29,28248.14,28243.99,31064.09,31056.37,31041.94,33964.61,33958.95,33953.29
"0.04_17_1.2_Black Belt",12543.12,12543.12,12543.12,12543.12,12543.12,12543.12,17486.46,17484.91,17482.03,18259.75,18258.62,18257.49,24074.58,24070.98,24064.25,25880.34,25877.7,25875.05,30664.17,30658.51,30647.93,33501.42,33497.27,33493.12,37253.71,37246,37231.56,41122.48,41116.82,41111.16
"0.02_11_1.5_Black Belt",6800.37,6800.37,6800.37,6800.37,6800.37,6800.37,9267.25,9265.7,9262.82,9653.47,9652.34,9651.21,12554.92,12551.32,12544.59,13456.82,13454.18,13451.53,15843.33,15837.67,15827.09,17260.41,17256.26,17252.11,19131.71,19124,19109.56,21063.99,21058.33,21052.67
"0.03_11_1.5_Black Belt",6800.37,6800.37,6800.37,6800.37,6800.37,6800.37,10505.48,10503.93,10501.05,11085.24,11084.11,11082.97,15443.38,15439.78,15433.04,16797.2,16794.56,16791.92,20382.37,20376.71,20366.13,22509.54,22505.39,22501.24,25321.34,25313.62,25299.19,28221.86,28216.2,28210.54
"0.04_11_1.5_Black Belt",6800.37,6800.37,6800.37,6800.37,6800.37,6800.37,11743.71,11742.16,11739.28,12517,12515.87,12514.74,18331.83,18328.23,18321.5,20137.59,20134.95,20132.3,24921.42,24915.76,24905.18,27758.67,27754.52,27750.37,31510.96,31503.25,31488.81,35379.73,35374.07,35368.41
"0.02_14_1.5_Black Belt",11705.37,11705.37,11705.37,11705.37,11705.37,11705.37,14172.25,14170.7,14167.82,14558.47,14557.34,14556.21,17459.92,17456.32,17449.59,18361.82,18359.18,18356.53,20748.33,20742.67,20732.09,22165.41,22161.26,22157.11,24036.71,24029,24014.56,25968.99,25963.33,25957.67
"0.03_14_1.5_Black Belt",11705.37,11705.37,11705.37,11705.37,11705.37,11705.37,15410.48,15408.93,15406.05,15990.24,15989.11,15987.97,20348.38,20344.78,20338.04,21702.2,21699.56,21696.92,25287.37,25281.71,25271.13,27414.54,27410.39,27406.24,30226.34,30218.62,30204.19,33126.86,33121.2,33115.54
"0.04_14_1.5_Black Belt",11705.37,11705.37,11705.37,11705.37,11705.37,11705.37,16648.71,16647.16,16644.28,17422,17420.87,17419.74,23236.83,23233.23,23226.5,25042.59,25039.95,25037.3,29826.42,29820.76,29810.18,32663.67,32659.52,32655.37,36415.96,36408.25,36393.81,40284.73,40279.07,40273.41
"0.02_17_1.5_Black Belt",16610.37,16610.37,16610.37,16610.37,16610.37,16610.37,19077.25,19075.7,19072.82,19463.47,19462.34,19461.21,22364.92,22361.32,22354.59,23266.82,23264.18,23261.53,25653.33,25647.67,25637.09,27070.41,27066.26,27062.11,28941.71,28934,28919.56,30873.99,30868.33,30862.67
"0.03_17_1.5_Black Belt",16610.37,16610.37,16610.37,16610.37,16610.37,16610.37,20315.48,20313.93,20311.05,20895.24,20894.11,20892.97,25253.38,25249.78,25243.04,26607.2,26604.56,26601.92,30192.37,30186.71,30176.13,32319.54,32315.39,32311.24,35131.34,35123.62,35109.19,38031.86,38026.2,38020.54
"0.04_17_1.5_Black Belt",16610.37,16610.37,16610.37,16610.37,16610.37,16610.37,21553.71,21552.16,21549.28,22327,22325.87,22324.74,28141.83,28138.23,28131.5,29947.59,29944.95,29942.3,34731.42,34725.76,34715.18,37568.67,37564.52,37560.37,41320.96,41313.25,41298.81,45189.73,45184.07,45178.41
"0.02_11_1.8_Black Belt",8905.62,8905.62,8905.62,8905.62,8905.62,8905.62,11372.5,11370.95,11368.07,11758.72,11757.59,11756.46,14660.17,14656.57,14649.84,15562.07,15559.43,15556.78,17948.58,17942.92,17932.34,19365.66,19361.51,19357.36,21236.96,21229.25,21214.81,23169.24,23163.58,23157.92
"0.03_11_1.8_Black Belt",8905.62,8905.62,8905.62,8905.62,8905.62,8905.62,12610.73,12609.18,12606.3,13190.49,13189.36,13188.22,17548.63,17545.03,17538.29,18902.45,18899.81,18897.17,22487.62,22481.96,22471.38,24614.79,24610.64,24606.49,27426.59,27418.87,27404.44,30327.11,30321.45,30315.79
"0.04_11_1.8_Black Belt",8905.62,8905.62,8905.62,8905.62,8905.62,8905.62,13848.96,13847.41,13844.53,14622.25,14621.12,14619.99,20437.08,20433.48,20426.75,22242.84,22240.2,22237.55,27026.67,27021.01,27010.43,29863.92,29859.77,29855.62,33616.21,33608.5,33594.06,37484.98,37479.32,37473.66
"0.02_14_1.8_Black Belt",14791.62,14791.62,14791.62,14791.62,14791.62,14791.62,17258.5,17256.95,17254.07,17644.72,17643.59,17642.46,20546.17,20542.57,20535.84,21448.07,21445.43,21442.78,23834.58,23828.92,23818.34,25251.66,25247.51,25243.36,27122.96,27115.25,27100.81,29055.24,29049.58,29043.92
"0.03_14_1.8_Black Belt",14791.62,14791.62,14791.62,14791.62,14791.62,14791.62,18496.73,18495.18,18492.3,19076.49,19075.36,19074.22,23434.63,23431.03,23424.29,24788.45,24785.81,24783.17,28373.62,28367.96,28357.38,30500.79,30496.64,30492.49,33312.59,33304.87,33290.44,36213.11,36207.45,36201.79
"0.04_14_1.8_Black Belt",14791.62,14791.62,14791.62,14791.62,14791.62,14791.62,19734.96,19733.41,19730.53,20508.25,20507.12,20505.99,26323.08,26319.48,26312.75,28128.84,28126.2,28123.55,32912.67,32907.01,32896.43,35749.92,35745.77,35741.62,39502.21,39494.5,39480.06,43370.98,43365.32,43359.66
"0.02_17_1.8_Black Belt",20677.62,20677.62,20677.62,20677.62,20677.62,20677.62,23144.5,23142.95,23140.07,23530.72,23529.59,23528.46,26432.17,26428.57,26421.84,27334.07,27331.43,27328.78,29720.58,29714.92,29704.34,31137.66,31133.51,31129.36,33008.96,33001.25,32986.81,34941.24,34935.58,34929.92
"0.03_17_1.8_Black Belt",20677.62,20677.62,20677.62,20677.62,20677.62,20677.62,24382.73,24381.18,24378.3,24962.49,24961.36,24960.22,29320.63,29317.03,29310.29,30674.45,30671.81,30669.17,34259.62,34253.96,34243.38,36386.79,36382.64,36378.49,39198.59,39190.87,39176.44,42099.11,42093.45,42087.79
"0.04_17_1.8_Black Belt",20677.62,20677.62,20677.62,20677.62,20677.62,20677.62,25620.96,25619.41,25616.53,26394.25,26393.12,26391.99,32209.08,32205.48,32198.75,34014.84,34012.2,34009.55,38798.67,38793.01,38782.43,41635.92,41631.77,41627.62,45388.21,45380.5,45366.06,49256.98,49251.32,49245.66
"0.02_11_2.0_Black Belt",10309.12,10309.12,10309.12,10309.12,10309.12,10309.12,12776,12774.45,12771.57,13162.22,13161.09,13159.96,16063.67,16060.07,16053.34,16965.57,16962.93,16960.28,19352.08,19346.42,19335.84,20769.16,20765.01,20760.86,22640.46,22632.75,22618.31,24572.74,24567.08,24561.42
"0.03_11_2.0_Black Belt",10309.12,10309.12,10309.12,10309.12,10309.12,10309.12,14014.23,14012.68,14009.8,14593.99,14592.86,14591.72,18952.13,18948.53,18941.79,20305.95,20303.31,20300.67,23891.12,23885.46,23874.88,26018.29,26014.14,26009.99,28830.09,28822.37,28807.94,31730.61,31724.95,31719.29
"0.04_11_2.0_Black Belt",10309.12,10309.12,10309.12,10309.12,10309.12,10309.12,15252.46,15250.91,15248.03,16025.75,16024.62,16023.49,21840.58,21836.98,21830.25,23646.34,23643.7,23641.05,28430.17,28424.51,28413.93,31267.42,31263.27,31259.12,35019.71,35012,34997.56,38888.48,38882.82,38877.16
"0.02_14_2.0_Black Belt",16849.12,16849.12,16849.12,16849.12,16849.12,16849.12,19316,19314.45,19311.57,19702.22,19701.09,19699.96,22603.67,22600.07,22593.34,23505.57,23502.93,23500.28,25892.08,25886.42,25875.84,27309.16,27305.01,27300.86,29180.46,29172.75,29158.31,31112.74,31107.08,31101.42
"0.03_14_2.0_Black Belt",16849.12,16849.12,16849.12,16849.12,16849.12,16849.12,20554.23,20552.68,20549.8,21133.99,21132.86,21131.72,25492.13,25488.53,25481.79,26845.95,26843.31,26840.67,30431.12,30425.46,30414.88,32558.29,32554.14,32549.99,35370.09,35362.37,35347.94,38270.61,38264.95,38259.29
"0.04_14_2.0_Black Belt",16849.12,16849.12,16849.12,16849.12,16849.12,16849.12,21792.46,21790.91,21788.03,22565.75,22564.62,22563.49,28380.58,28376.98,28370.25,30186.34,30183.7,30181.05,34970.17,34964.51,34953.93,37807.42,37803.27,37799.12,41559.71,41552,41537.56,45428.48,45422.82,45417.16
"0.02_17_2.0_Black Belt",23389.12,23389.12,23389.12,23389.12,23389.12,23389.12,25856,25854.45,25851.57,26242.22,26241.09,26239.96,29143.67,29140.07,29133.34,30045.57,30042.93,30040.28,32432.08,32426.42,32415.84,33849.16,33845.01,33840.86,35720.46,35712.75,35698.31,37652.74,37647.08,37641.42
"0.03_17_2.0_Black Belt",23389.12,23389.12,23389.12,23389.12,23389.12,23389.12,27094.23,27092.68,27089.8,27673.99,27672.86,27671.72,32032.13,32028.53,32021.79,33385.95,33383.31,33380.67,36971.12,36965.46,36954.88,39098.29,39094.14,39089.99,41910.09,41902.37,41887.94,44810.61,44804.95,44799.29
"0.04_17_2.0_Black Belt",23389.12,23389.12,23389.12,23389.12,23389.12,23389.12,28332.46,28330.91,28328.03,29105.75,29104.62,29103.49,34920.58,34916.98,34910.25,36726.34,36723.7,36721.05,41510.17,41504.51,41493.93,44347.42,44343.27,44339.12,48099.71,48092,48077.56,51968.48,51962.82,51957.16
"0.02_11_0.1_Southern",-3024.13,-3024.13,-3024.13,-3024.13,-3024.13,-3024.13,-638.3,-639.85,-642.73,-252.55,-253.68,-254.81,2541.5,2537.9,2531.17,3442.16,3439.52,3436.87,5721.95,5716.29,5705.71,7137.11,7132.96,7128.81,8902.37,8894.66,8880.22,10832.05,10826.39,10820.73
"0.03_11_0.1_Southern",-3024.13,-3024.13,-3024.13,-3024.13,-3024.13,-3024.13,559.4,557.86,554.97,1138.46,1137.33,1136.19,5335.5,5331.9,5325.16,6687.46,6684.82,6682.18,10112.55,10106.89,10096.31,12236.84,12232.69,12228.54,14889.58,14881.86,14867.43,17786.2,17780.54,17774.88
"0.04_11_0.1_Southern",-3024.13,-3024.13,-3024.13,-3024.13,-3024.13,-3024.13,1757.11,1755.56,1752.68,2529.46,2528.33,2527.2,8129.49,8125.89,8119.16,9932.77,9930.13,9927.48,14503.16,14497.5,14486.92,17336.57,17332.42,17328.27,20876.78,20869.07,20854.63,24740.35,24734.69,24729.03
"0.02_14_0.1_Southern",-2697.13,-2697.13,-2697.13,-2697.13,-2697.13,-2697.13,-311.3,-312.85,-315.73,74.45,73.32,72.19,2868.5,2864.9,2858.17,3769.16,3766.52,3763.87,6048.95,6043.29,6032.71,7464.11,7459.96,7455.81,9229.37,9221.66,9207.22,11159.05,11153.39,11147.73
"0.03_14_0.1_Southern",-2697.13,-2697.13,-2697.13,-2697.13,-2697.13,-2697.13,886.4,884.86,881.97,1465.46,1464.33,1463.19,5662.5,5658.9,5652.16,7014.46,7011.82,7009.18,10439.55,10433.89,10423.31,12563.84,12559.69,12555.54,15216.58,15208.86,15194.43,18113.2,18107.54,18101.88
"0.04_14_0.1_Southern",-2697.13,-2697.13,-2697.13,-2697.13,-2697.13,-2697.13,2084.11,2082.56,2079.68,2856.46,2855.33,2854.2,8456.49,8452.89,8446.16,10259.77,10257.13,10254.48,14830.16,14824.5,14813.92,17663.57,17659.42,17655.27,21203.78,21196.07,21181.63,25067.35,25061.69,25056.03
"0.02_17_0.1_Southern",-2370.13,-2370.13,-2370.13,-2370.13,-2370.13,-2370.13,15.7,14.15,11.27,401.45,400.32,399.19,3195.5,3191.9,3185.17,4096.16,4093.52,4090.87,6375.95,6370.29,6359.71,7791.11,7786.96,7782.81,9556.37,9548.66,9534.22,11486.05,11480.39,11474.73
"0.03_17_0.1_Southern",-2370.13,-2370.13,-2370.13,-2370.13,-2370.13,-2370.13,1213.4,1211.86,1208.97,1792.46,1791.33,1790.19,5989.5,5985.9,5979.16,7341.46,7338.82,7336.18,10766.55,10760.89,10750.31,12890.84,12886.69,12882.54,15543.58,15535.86,15521.43,18440.2,18434.54,18428.88
"0.04_17_0.1_Southern",-2370.13,-2370.13,-2370.13,-2370.13,-2370.13,-2370.13,2411.11,2409.56,2406.68,3183.46,3182.33,3181.2,8783.49,8779.89,8773.16,10586.77,10584.13,10581.48,15157.16,15151.5,15140.92,17990.57,17986.42,17982.27,21530.78,21523.07,21508.63,25394.35,25388.69,25383.03
"0.02_11_0.3_Southern",-1620.63,-1620.63,-1620.63,-1620.63,-1620.63,-1620.63,765.2,763.65,760.77,1150.95,1149.82,1148.69,3945,3941.4,3934.67,4845.66,4843.02,4840.37,7125.45,7119.79,7109.21,8540.61,8536.46,8532.31,10305.87,10298.16,10283.72,12235.55,12229.89,12224.23
"0.03_11_0.3_Southern",-1620.63,-1620.63,-1620.63,-1620.63,-1620.63,-1620.63,1962.9,1961.36,1958.47,2541.96,2540.83,2539.69,6739,6735.4,6728.66,8090.96,8088.32,8085.68,11516.05,11510.39,11499.81,13640.34,13636.19,13632.04,16293.08,16285.36,16270.93,19189.7,19184.04,19178.38
"0.04_11_0.3_Southern",-1620.63,-1620.63,-1620.63,-1620.63,-1620.63,-1620.63,3160.61,3159.06,3156.18,3932.96,3931.83,3930.7,9532.99,9529.39,9522.66,11336.27,11333.63,11330.98,15906.66,15901,15890.42,18740.07,18735.92,18731.77,22280.28,22272.57,22258.13,26143.85,26138.19,26132.53
"0.02_14_0.3_Southern",-639.63,-639.63,-639.63,-639.63,-639.63,-639.63,1746.2,1744.65,1741.77,2131.95,2130.82,2129.69,4926,4922.4,4915.67,5826.66,5824.02,5821.37,8106.45,8100.79,8090.21,9521.61,9517.46,9513.31,11286.87,11279.16,11264.72,13216.55,13210.89,13205.23
"0.03_14_0.3_Southern",-639.63,-639.63,-639.63,-639.63,-639.63,-639.63,2943.9,2942.36,2939.47,3522.96,3521.83,3520.69,7720,7716.4,7709.66,9071.96,9069.32,9066.68,12497.05,12491.39,12480.81,14621.34,14617.19,14613.04,17274.08,17266.36,17251.93,20170.7,20165.04,20159.38
"0.04_14_0.3_Southern",-639.63,-639.63,-639.63,-639.63,-639.63,-639.63,4141.61,4140.06,4137.18,4913.96,4912.83,4911.7,10513.99,10510.39,10503.66,12317.27,12314.63,12311.98,16887.66,16882,16871.42,19721.07,19716.92,19712.77,23261.28,23253.57,23239.13,27124.85,27119.19,27113.53
"0.02_17_0.3_Southern",341.37,341.37,341.37,341.37,341.37,341.37,2727.2,2725.65,2722.77,3112.95,3111.82,3110.69,5907,5903.4,5896.67,6807.66,6805.02,6802.37,9087.45,9081.79,9071.21,10502.61,10498.46,10494.31,12267.87,12260.16,12245.72,14197.55,14191.89,14186.23
"0.03_17_0.3_Southern",341.37,341.37,341.37,341.37,341.37,341.37,3924.9,3923.36,3920.47,4503.96,4502.83,4501.69,8701,8697.4,8690.66,10052.96,10050.32,10047.68,13478.05,13472.39,13461.81,15602.34,15598.19,15594.04,18255.08,18247.36,18232.93,21151.7,21146.04,21140.38
"0.04_17_0.3_Southern",341.37,341.37,341.37,341.37,341.37,341.37,5122.61,5121.06,5118.18,5894.96,5893.83,5892.7,11494.99,11491.39,11484.66,13298.27,13295.63,13292.98,17868.66,17863,17852.42,20702.07,20697.92,20693.77,24242.28,24234.57,24220.13,28105.85,28100.19,28094.53
"0.02_11_0.5_Southern",-217.13,-217.13,-217.13,-217.13,-217.13,-217.13,2168.7,2167.15,2164.27,2554.45,2553.32,2552.19,5348.5,5344.9,5338.17,6249.16,6246.52,6243.87,8528.95,8523.29,8512.71,9944.11,9939.96,9935.81,11709.37,11701.66,11687.22,13639.05,13633.39,13627.73
"0.03_11_0.5_Southern",-217.13,-217.13,-217.13,-217.13,-217.13,-217.13,3366.4,3364.86,3361.97,3945.46,3944.33,3943.19,8142.5,8138.9,8132.16,9494.46,9491.82,9489.18,12919.55,12913.89,12903.31,15043.84,15039.69,15035.54,17696.58,17688.86,17674.43,20593.2,20587.54,20581.88
"0.04_11_0.5_Southern",-217.13,-217.13,-217.13,-217.13,-217.13,-217.13,4564.11,4562.56,4559.68,5336.46,5335.33,5334.2,10936.49,10932.89,10926.16,12739.77,12737.13,12734.48,17310.16,17304.5,17293.92,20143.57,20139.42,20135.27,23683.78,23676.07,23661.63,27547.35,27541.69,27536.03
"0.02_14_0.5_Southern",1417.87,1417.87,1417.87,1417.87,1417.87,1417.87,3803.7,3802.15,3799.27,4189.45,4188.32,4187.19,6983.5,6979.9,6973.17,7884.16,7881.52,7878.87,10163.95,10158.29,10147.71,11579.11,11574.96,11570.81,13344.37,13336.66,13322.22,15274.05,15268.39,15262.73
"0.03_14_0.5_Southern",1417.87,1417.87,1417.87,1417.87,1417.87,1417.87,5001.4,4999.86,4996.97,5580.46,5579.33,5578.19,9777.5,9773.9,9767.16,11129.46,11126.82,11124.18,14554.55,14548.89,14538.31,16678.84,16674.69,16670.54,19331.58,19323.86,19309.43,22228.2,22222.54,22216.88
"0.04_14_0.5_Southern",1417.87,1417.87,1417.87,1417.87,1417.87,1417.87,6199.11,6197.56,6194.68,6971.46,6970.33,6969.2,12571.49,12567.89,12561.16,14374.77,14372.13,14369.48,18945.16,18939.5,18928.92,21778.57,21774.42,21770.27,25318.78,25311.07,25296.63,29182.35,29176.69,29171.03
"0.02_17_0.5_Southern",3052.87,3052.87,3052.87,3052.87,3052.87,3052.87,5438.7,5437.15,5434.27,5824.45,5823.32,5822.19,8618.5,8614.9,8608.17,9519.16,9516.52,9513.87,11798.95,11793.29,11782.71,13214.11,13209.96,13205.81,14979.37,14971.66,14957.22,16909.05,16903.39,16897.73
"0.03_17_0.5_Southern",3052.87,3052.87,3052.87,3052.87,3052.87,3052.87,6636.4,6634.86,6631.97,7215.46,7214.33,7213.19,11412.5,11408.9,11402.16,12764.46,12761.82,12759.18,16189.55,16183.89,16173.31,18313.84,18309.69,18305.54,20966.58,20958.86,20944.43,23863.2,23857.54,23851.88
"0.04_17_0.5_Southern",3052.87,3052.87,3052.87,3052.87,3052.87,3052.87,7834.11,7832.56,7829.68,8606.46,8605.33,8604.2,14206.49,14202.89,14196.16,16009.77,16007.13,16004.48,20580.16,20574.5,20563.92,23413.57,23409.42,23405.27,26953.78,26946.07,26931.63,30817.35,30811.69,30806.03
"0.02_11_0.7_Southern",1186.37,1186.37,1186.37,1186.37,1186.37,1186.37,3572.2,3570.65,3567.77,3957.95,3956.82,3955.69,6752,6748.4,6741.67,7652.66,7650.02,7647.37,9932.45,9926.79,9916.21,11347.61,11343.46,11339.31,13112.87,13105.16,13090.72,15042.55,15036.89,15031.23
"0.03_11_0.7_Southern",1186.37,1186.37,1186.37,1186.37,1186.37,1186.37,4769.9,4768.36,4765.47,5348.96,5347.83,5346.69,9546,9542.4,9535.66,10897.96,10895.32,10892.68,14323.05,14317.39,14306.81,16447.34,16443.19,16439.04,19100.08,19092.36,19077.93,21996.7,21991.04,21985.38
"0.04_11_0.7_Southern",1186.37,1186.37,1186.37,1186.37,1186.37,1186.37,5967.61,5966.06,5963.18,6739.96,6738.83,6737.7,12339.99,12336.39,12329.66,14143.27,14140.63,14137.98,18713.66,18708,18697.42,21547.07,21542.92,21538.77,25087.28,25079.57,25065.13,28950.85,28945.19,28939.53
"0.02_14_0.7_Southern",3475.37,3475.37,3475.37,3475.37,3475.37,3475.37,5861.2,5859.65,5856.77,6246.95,6245.82,6244.69,9041,9037.4,9030.67,9941.66,9939.02,9936.37,12221.45,12215.79,12205.21,13636.61,13632.46,13628.31,15401.87,15394.16,15379.72,17331.55,17325.89,17320.23
"0.03_14_0.7_Southern",3475.37,3475.37,3475.37,3475.37,3475.37,3475.37,7058.9,7057.36,7054.47,7637.96,7636.83,7635.69,11835,11831.4,11824.66,13186.96,13184.32,13181.68,16612.05,16606.39,16595.81,18736.34,18732.19,18728.04,21389.08,21381.36,21366.93,24285.7,24280.04,24274.38
"0.04_14_0.7_Southern",3475.37,3475.37,3475.37,3475.37,3475.37,3475.37,8256.61,8255.06,8252.18,9028.96,9027.83,9026.7,14628.99,14625.39,14618.66,16432.27,16429.63,16426.98,21002.66,20997,20986.42,23836.07,23831.92,23827.77,27376.28,27368.57,27354.13,31239.85,31234.19,31228.53
"0.02_17_0.7_Southern",5764.37,5764.37,5764.37,5764.37,5764.37,5764.37,8150.2,8148.65,8145.77,8535.95,8534.82,8533.69,11330,11326.4,11319.67,12230.66,12228.02,12225.37,14510.45,14504.79,14494.21,15925.61,15921.46,15917.31,17690.87,17683.16,17668.72,19620.55,19614.89,19609.23
"0.03_17_0.7_Southern",5764.37,5764.37,5764.37,5764.37,5764.37,5764.37,9347.9,9346.36,9343.47,9926.96,9925.83,9924.69,14124,14120.4,14113.66,15475.96,15473.32,15470.68,18901.05,18895.39,18884.81,21025.34,21021.19,21017.04,23678.08,23670.36,23655.93,26574.7,26569.04,26563.38
"0.04_17_0.7_Southern",5764.37,5764.37,5764.37,5764.37,5764.37,5764.37,10545.61,10544.06,10541.18,11317.96,11316.83,11315.7,16917.99,16914.39,16907.66,18721.27,18718.63,18715.98,23291.66,23286,23275.42,26125.07,26120.92,26116.77,29665.28,29657.57,29643.13,33528.85,33523.19,33517.53
"0.02_11_1.0_Southern",3291.62,3291.62,3291.62,3291.62,3291.62,3291.62,5677.45,5675.9,5673.02,6063.2,6062.07,6060.94,8857.25,8853.65,8846.92,9757.91,9755.27,9752.62,12037.7,12032.04,12021.46,13452.86,13448.71,13444.56,15218.12,15210.41,15195.97,17147.8,17142.14,17136.48
"0.03_11_1.0_Southern",3291.62,3291.62,3291.62,3291.62,3291.62,3291.62,6875.15,6873.61,6870.72,7454.21,7453.08,7451.94,11651.25,11647.65,11640.91,13003.21,13000.57,12997.93,16428.3,16422.64,16412.06,18552.59,18548.44,18544.29,21205.33,21197.61,21183.18,24101.95,24096.29,24090.63
"0.04_11_1.0_Southern",3291.62,3291.62,3291.62,3291.62,3291.62,3291.62,8072.86,8071.31,8068.43,8845.21,8844.08,8842.95,14445.24,14441.64,14434.91,16248.52,16245.88,16243.23,20818.91,20813.25,20802.67,23652.32,23648.17,23644.02,27192.53,27184.82,27170.38,31056.1,31050.44,31044.78
"0.02_14_1.0_Southern",6561.62,6561.62,6561.62,6561.62,6561.62,6561.62,8947.45,8945.9,8943.02,9333.2,9332.07,9330.94,12127.25,12123.65,12116.92,13027.91,13025.27,13022.62,15307.7,15302.04,15291.46,16722.86,16718.71,16714.56,18488.12,18480.41,18465.97,20417.8,20412.14,20406.48
"0.03_14_1.0_Southern",6561.62,6561.62,6561.62,6561.62,6561.62,6561.62,10145.15,10143.61,10140.72,10724.21,10723.08,10721.94,14921.25,14917.65,14910.91,16273.21,16270.57,16267.93,19698.3,19692.64,19682.06,21822.59,21818.44,21814.29,24475.33,24467.61,24453.18,27371.95,27366.29,27360.63
"0.04_14_1.0_Southern",6561.62,6561.62,6561.62,6561.62,6561.62,6561.62,11342.86,11341.31,11338.43,12115.21,12114.08,12112.95,17715.24,17711.64,17704.91,19518.52,19515.88,19513.23,24088.91,24083.25,24072.67,26922.32,26918.17,26914.02,30462.53,30454.82,30440.38,34326.1,34320.44,34314.78
"0.02_17_1.0_Southern",9831.62,9831.62,9831.62,9831.62,9831.62,9831.62,12217.45,12215.9,12213.02,12603.2,12602.07,12600.94,15397.25,15393.65,15386.92,16297.91,16295.27,16292.62,18577.7,18572.04,18561.46,19992.86,19988.71,19984.56,21758.12,21750.41,21735.97,23687.8,23682.14,23676.48
"0.03_17_1.0_Southern",9831.62,9831.62,9831.62,9831.62,9831.62,9831.62,13415.15,13413.61,13410.72,13994.21,13993.08,13991.94,18191.25,18187.65,18180.91,19543.21,19540.57,19537.93,22968.3,22962.64,22952.06,25092.59,25088.44,25084.29,27745.33,27737.61,27723.18,30641.95,30636.29,30630.63
"0.04_17_1.0_Southern",9831.62,9831.62,9831.62,9831.62,9831.62,9831.62,14612.86,14611.31,14608.43,15385.21,15384.08,15382.95,20985.24,20981.64,20974.91,22788.52,22785.88,22783.23,27358.91,27353.25,27342.67,30192.32,30188.17,30184.02,33732.53,33724.82,33710.38,37596.1,37590.44,37584.78
"0.02_11_1.2_Southern",4695.12,4695.12,4695.12,4695.12,4695.12,4695.12,7080.95,7079.4,7076.52,7466.7,7465.57,7464.44,10260.75,10257.15,10250.42,11161.41,11158.77,11156.12,13441.2,13435.54,13424.96,14856.36,14852.21,14848.06,16621.62,16613.91,16599.47,18551.3,18545.64,18539.98
"0.03_11_1.2_Southern",4695.12,4695.12,4695.12,4695.12,4695.12,4695.12,8278.65,8277.11,8274.22,8857.71,8856.58,8855.44,13054.75,13051.15,13044.41,14406.71,14404.07,14401.43,17831.8,17826.14,17815.56,19956.09,19951.94,19947.79,22608.83,22601.11,22586.68,25505.45,25499.79,25494.13
"0.04_11_1.2_Southern",4695.12,4695.12,4695.12,4695.12,4695.12,4695.12,9476.36,9474.81,9471.93,10248.71,10247.58,10246.45,15848.74,15845.14,15838.41,17652.02,17649.38,17646.73,22222.41,22216.75,22206.17,25055.82,25051.67,25047.52,28596.03,28588.32,28573.88,32459.6,32453.94,32448.28
"0.02_14_1.2_Southern",8619.12,8619.12,8619.12,8619.12,8619.12,8619.12,11004.95,11003.4,11000.52,11390.7,11389.57,11388.44,14184.75,14181.15,14174.42,15085.41,15082.77,15080.12,17365.2,17359.54,17348.96,18780.36,18776.21,18772.06,20545.62,20537.91,20523.47,22475.3,22469.64,22463.98
"0.03_14_1.2_Southern",8619.12,8619.12,8619.12,8619.12,8619.12,8619.12,12202.65,12201.11,12198.22,12781.71,12780.58,12779.44,16978.75,16975.15,16968.41,18330.71,18328.07,18325.43,21755.8,21750.14,21739.56,23880.09,23875.94,23871.79,26532.83,26525.11,26510.68,29429.45,29423.79,29418.13
"0.04_14_1.2_Southern",8619.12,8619.12,8619.12,8619.12,8619.12,8619.12,13400.36,13398.81,13395.93,14172.71,14171.58,14170.45,19772.74,19769.14,19762.41,21576.02,21573.38,21570.73,26146.41,26140.75,26130.17,28979.82,28975.67,28971.52,32520.03,32512.32,32497.88,36383.6,36377.94,36372.28
"0.02_17_1.2_Southern",12543.12,12543.12,12543.12,12543.12,12543.12,12543.12,14928.95,14927.4,14924.52,15314.7,15313.57,15312.44,18108.75,18105.15,18098.42,19009.41,19006.77,19004.12,21289.2,21283.54,21272.96,22704.36,22700.21,22696.06,24469.62,24461.91,24447.47,26399.3,26393.64,26387.98
"0.03_17_1.2_Southern",12543.12,12543.12,12543.12,12543.12,12543.12,12543.12,16126.65,16125.11,16122.22,16705.71,16704.58,16703.44,20902.75,20899.15,20892.41,22254.71,22252.07,22249.43,25679.8,25674.14,25663.56,27804.09,27799.94,27795.79,30456.83,30449.11,30434.68,33353.45,33347.79,33342.13
"0.04_17_1.2_Southern",12543.12,12543.12,12543.12,12543.12,12543.12,12543.12,17324.36,17322.81,17319.93,18096.71,18095.58,18094.45,23696.74,23693.14,23686.41,25500.02,25497.38,25494.73,30070.41,30064.75,30054.17,32903.82,32899.67,32895.52,36444.03,36436.32,36421.88,40307.6,40301.94,40296.28
"0.02_11_1.5_Southern",6800.37,6800.37,6800.37,6800.37,6800.37,6800.37,9186.2,9184.65,9181.77,9571.95,9570.82,9569.69,12366,12362.4,12355.67,13266.66,13264.02,13261.37,15546.45,15540.79,15530.21,16961.61,16957.46,16953.31,18726.87,18719.16,18704.72,20656.55,20650.89,20645.23
"0.03_11_1.5_Southern",6800.37,6800.37,6800.37,6800.37,6800.37,6800.37,10383.9,10382.36,10379.47,10962.96,10961.83,10960.69,15160,15156.4,15149.66,16511.96,16509.32,16506.68,19937.05,19931.39,19920.81,22061.34,22057.19,22053.04,24714.08,24706.36,24691.93,27610.7,27605.04,27599.38
"0.04_11_1.5_Southern",6800.37,6800.37,6800.37,6800.37,6800.37,6800.37,11581.61,11580.06,11577.18,12353.96,12352.83,12351.7,17953.99,17950.39,17943.66,19757.27,19754.63,19751.98,24327.66,24322,24311.42,27161.07,27156.92,27152.77,30701.28,30693.57,30679.13,34564.85,34559.19,34553.53
"0.02_14_1.5_Southern",11705.37,11705.37,11705.37,11705.37,11705.37,11705.37,14091.2,14089.65,14086.77,14476.95,14475.82,14474.69,17271,17267.4,17260.67,18171.66,18169.02,18166.37,20451.45,20445.79,20435.21,21866.61,21862.46,21858.31,23631.87,23624.16,23609.72,25561.55,25555.89,25550.23
"0.03_14_1.5_Southern",11705.37,11705.37,11705.37,11705.37,11705.37,11705.37,15288.9,15287.36,15284.47,15867.96,15866.83,15865.69,20065,20061.4,20054.66,21416.96,21414.32,21411.68,24842.05,24836.39,24825.81,26966.34,26962.19,26958.04,29619.08,29611.36,29596.93,32515.7,32510.04,32504.38
"0.04_14_1.5_Southern",11705.37,11705.37,11705.37,11705.37,11705.37,11705.37,16486.61,16485.06,16482.18,17258.96,17257.83,17256.7,22858.99,22855.39,22848.66,24662.27,24659.63,24656.98,29232.66,29227,29216.42,32066.07,32061.92,32057.77,35606.28,35598.57,35584.13,39469.85,39464.19,39458.53
"0.02_17_1.5_Southern",16610.37,16610.37,16610.37,16610.37,16610.37,16610.37,18996.2,18994.65,18991.77,19381.95,19380.82,19379.69,22176,22172.4,22165.67,23076.66,23074.02,23071.37,25356.45,25350.79,25340.21,26771.61,26767.46,26763.31,28536.87,28529.16,28514.72,30466.55,30460.89,30455.23
"0.03_17_1.5_Southern",16610.37,16610.37,16610.37,16610.37,16610.37,16610.37,20193.9,20192.36,20189.47,20772.96,20771.83,20770.69,24970,24966.4,24959.66,26321.96,26319.32,26316.68,29747.05,29741.39,29730.81,31871.34,31867.19,31863.04,34524.08,34516.36,34501.93,37420.7,37415.04,37409.38
"0.04_17_1.5_Southern",16610.37,16610.37,16610.37,16610.37,16610.37,16610.37,21391.61,21390.06,21387.18,22163.96,22162.83,22161.7,27763.99,27760.39,27753.66,29567.27,29564.63,29561.98,34137.66,34132,34121.42,36971.07,36966.92,36962.77,40511.28,40503.57,40489.13,44374.85,44369.19,44363.53
"0.02_11_1.8_Southern",8905.62,8905.62,8905.62,8905.62,8905.62,8905.62,11291.45,11289.9,11287.02,11677.2,11676.07,11674.94,14471.25,14467.65,14460.92,15371.91,15369.27,15366.62,17651.7,17646.04,17635.46,19066.86,19062.71,19058.56,20832.12,20824.41,20809.97,22761.8,22756.14,22750.48
"0.03_11_1.8_Southern",8905.62,8905.62,8905.62,8905.62,8905.62,8905.62,12489.15,12487.61,12484.72,13068.21,13067.08,13065.94,17265.25,17261.65,17254.91,18617.21,18614.57,18611.93,22042.3,22036.64,22026.06,24166.59,24162.44,24158.29,26819.33,26811.61,26797.18,29715.95,29710.29,29704.63
"0.04_11_1.8_Southern",8905.62,8905.62,8905.62,8905.62,8905.62,8905.62,13686.86,13685.31,13682.43,14459.21,14458.08,14456.95,20059.24,20055.64,20048.91,21862.52,21859.88,21857.23,26432.91,26427.25,26416.67,29266.32,29262.17,29258.02,32806.53,32798.82,32784.38,36670.1,36664.44,36658.78
"0.02_14_1.8_Southern",14791.62,14791.62,14791.62,14791.62,14791.62,14791.62,17177.45,17175.9,17173.02,17563.2,17562.07,17560.94,20357.25,20353.65,20346.92,21257.91,21255.27,21252.62,23537.7,23532.04,23521.46,24952.86,24948.71,24944.56,26718.12,26710.41,26695.97,28647.8,28642.14,28636.48
"0.03_14_1.8_Southern",14791.62,14791.62,14791.62,14791.62,14791.62,14791.62,18375.15,18373.61,18370.72,18954.21,18953.08,18951.94,23151.25,23147.65,23140.91,24503.21,24500.57,24497.93,27928.3,27922.64,27912.06,30052.59,30048.44,30044.29,32705.33,32697.61,32683.18,35601.95,35596.29,35590.63
"0.04_14_1.8_Southern",14791.62,14791.62,14791.62,14791.62,14791.62,14791.62,19572.86,19571.31,19568.43,20345.21,20344.08,20342.95,25945.24,25941.64,25934.91,27748.52,27745.88,27743.23,32318.91,32313.25,32302.67,35152.32,35148.17,35144.02,38692.53,38684.82,38670.38,42556.1,42550.44,42544.78
"0.02_17_1.8_Southern",20677.62,20677.62,20677.62,20677.62,20677.62,20677.62,23063.45,23061.9,23059.02,23449.2,23448.07,23446.94,26243.25,26239.65,26232.92,27143.91,27141.27,27138.62,29423.7,29418.04,29407.46,30838.86,30834.71,30830.56,32604.12,32596.41,32581.97,34533.8,34528.14,34522.48
"0.03_17_1.8_Southern",20677.62,20677.62,20677.62,20677.62,20677.62,20677.62,24261.15,24259.61,24256.72,24840.21,24839.08,24837.94,29037.25,29033.65,29026.91,30389.21,30386.57,30383.93,33814.3,33808.64,33798.06,35938.59,35934.44,35930.29,38591.33,38583.61,38569.18,41487.95,41482.29,41476.63
"0.04_17_1.8_Southern",20677.62,20677.62,20677.62,20677.62,20677.62,20677.62,25458.86,25457.31,25454.43,26231.21,26230.08,26228.95,31831.24,31827.64,31820.91,33634.52,33631.88,33629.23,38204.91,38199.25,38188.67,41038.32,41034.17,41030.02,44578.53,44570.82,44556.38,48442.1,48436.44,48430.78
"0.02_11_2.0_Southern",10309.12,10309.12,10309.12,10309.12,10309.12,10309.12,12694.95,12693.4,12690.52,13080.7,13079.57,13078.44,15874.75,15871.15,15864.42,16775.41,16772.77,16770.12,19055.2,19049.54,19038.96,20470.36,20466.21,20462.06,22235.62,22227.91,22213.47,24165.3,24159.64,24153.98
"0.03_11_2.0_Southern",10309.12,10309.12,10309.12,10309.12,10309.12,10309.12,13892.65,13891.11,13888.22,14471.71,14470.58,14469.44,18668.75,18665.15,18658.41,20020.71,20018.07,20015.43,23445.8,23440.14,23429.56,25570.09,25565.94,25561.79,28222.83,28215.11,28200.68,31119.45,31113.79,31108.13
"0.04_11_2.0_Southern",10309.12,10309.12,10309.12,10309.12,10309.12,10309.12,15090.36,15088.81,15085.93,15862.71,15861.58,15860.45,21462.74,21459.14,21452.41,23266.02,23263.38,23260.73,27836.41,27830.75,27820.17,30669.82,30665.67,30661.52,34210.03,34202.32,34187.88,38073.6,38067.94,38062.28
"0.02_14_2.0_Southern",16849.12,16849.12,16849.12,16849.12,16849.12,16849.12,19234.95,19233.4,19230.52,19620.7,19619.57,19618.44,22414.75,22411.15,22404.42,23315.41,23312.77,23310.12,25595.2,25589.54,25578.96,27010.36,27006.21,27002.06,28775.62,28767.91,28753.47,30705.3,30699.64,30693.98
"0.03_14_2.0_Southern",16849.12,16849.12,16849.12,16849.12,16849.12,16849.12,20432.65,20431.11,20428.22,21011.71,21010.58,21009.44,25208.75,25205.15,25198.41,26560.71,26558.07,26555.43,29985.8,29980.14,29969.56,32110.09,32105.94,32101.79,34762.83,34755.11,34740.68,37659.45,37653.79,37648.13
"0.04_14_2.0_Southern",16849.12,16849.12,16849.12,16849.12,16849.12,16849.12,21630.36,21628.81,21625.93,22402.71,22401.58,22400.45,28002.74,27999.14,27992.41,29806.02,29803.38,29800.73,34376.41,34370.75,34360.17,37209.82,37205.67,37201.52,40750.03,40742.32,40727.88,44613.6,44607.94,44602.28
"0.02_17_2.0_Southern",23389.12,23389.12,23389.12,23389.12,23389.12,23389.12,25774.95,25773.4,25770.52,26160.7,26159.57,26158.44,28954.75,28951.15,28944.42,29855.41,29852.77,29850.12,32135.2,32129.54,32118.96,33550.36,33546.21,33542.06,35315.62,35307.91,35293.47,37245.3,37239.64,37233.98
"0.03_17_2.0_Southern",23389.12,23389.12,23389.12,23389.12,23389.12,23389.12,26972.65,26971.11,26968.22,27551.71,27550.58,27549.44,31748.75,31745.15,31738.41,33100.71,33098.07,33095.43,36525.8,36520.14,36509.56,38650.09,38645.94,38641.79,41302.83,41295.11,41280.68,44199.45,44193.79,44188.13
"0.04_17_2.0_Southern",23389.12,23389.12,23389.12,23389.12,23389.12,23389.12,28170.36,28168.81,28165.93,28942.71,28941.58,28940.45,34542.74,34539.14,34532.41,36346.02,36343.38,36340.73,40916.41,40910.75,40900.17,43749.82,43745.67,43741.52,47290.03,47282.32,47267.88,51153.6,51147.94,51142.28
