"","0.00Fixed4.6","0.00Fixed6.4","0.00Fixed8.2","0.00Tracking4.6","0.00Tracking6.4","0.00Tracking8.2","0.05Fixed4.6","0.05Fixed6.4","0.05Fixed8.2","0.05Tracking4.6","0.05Tracking6.4","0.05Tracking8.2","0.10Fixed4.6","0.10Fixed6.4","0.10Fixed8.2","0.10Tracking4.6","0.10Tracking6.4","0.10Tracking8.2","0.15Fixed4.6","0.15Fixed6.4","0.15Fixed8.2","0.15Tracking4.6","0.15Tracking6.4","0.15Tracking8.2","0.20Fixed4.6","0.20Fixed6.4","0.20Fixed8.2","0.20Tracking4.6","0.20Tracking6.4","0.20Tracking8.2","0.25Fixed4.6","0.25Fixed6.4","0.25Fixed8.2","0.25Tracking4.6","0.25Tracking6.4","0.25Tracking8.2","0.30Fixed4.6","0.30Fixed6.4","0.30Fixed8.2","0.30Tracking4.6","0.30Tracking6.4","0.30Tracking8.2","0.35Fixed4.6","0.35Fixed6.4","0.35Fixed8.2","0.35Tracking4.6","0.35Tracking6.4","0.35Tracking8.2","0.40Fixed4.6","0.40Fixed6.4","0.40Fixed8.2","0.40Tracking4.6","0.40Tracking6.4","0.40Tracking8.2","0.45Fixed4.6","0.45Fixed6.4","0.45Fixed8.2","0.45Tracking4.6","0.45Tracking6.4","0.45Tracking8.2","0.50Fixed4.6","0.50Fixed6.4","0.50Fixed8.2","0.50Tracking4.6","0.50Tracking6.4","0.50Tracking8.2","0.55Fixed4.6","0.55Fixed6.4","0.55Fixed8.2","0.55Tracking4.6","0.55Tracking6.4","0.55Tracking8.2","0.60Fixed4.6","0.60Fixed6.4","0.60Fixed8.2","0.60Tracking4.6","0.60Tracking6.4","0.60Tracking8.2","0.65Fixed4.6","0.65Fixed6.4","0.65Fixed8.2","0.65Tracking4.6","0.65Tracking6.4","0.65Tracking8.2","0.70Fixed4.6","0.70Fixed6.4","0.70Fixed8.2","0.70Tracking4.6","0.70Tracking6.4","0.70Tracking8.2","0.75Fixed4.6","0.75Fixed6.4","0.75Fixed8.2","0.75Tracking4.6","0.75Tracking6.4","0.75Tracking8.2","0.80Fixed4.6","0.80Fixed6.4","0.80Fixed8.2","0.80Tracking4.6","0.80Tracking6.4","0.80Tracking8.2","0.85Fixed4.6","0.85Fixed6.4","0.85Fixed8.2","0.85Tracking4.6","0.85Tracking6.4","0.85Tracking8.2","0.90Fixed4.6","0.90Fixed6.4","0.90Fixed8.2","0.90Tracking4.6","0.90Tracking6.4","0.90Tracking8.2","0.95Fixed4.6","0.95Fixed6.4","0.95Fixed8.2","0.95Tracking4.6","0.95Tracking6.4","0.95Tracking8.2","1.00Fixed4.6","1.00Fixed6.4","1.00Fixed8.2","1.00Tracking4.6","1.00Tracking6.4","1.00Tracking8.2"
"0.023Northern",NA,NA,NA,NA,NA,NA,NA,NA,NA,NA,NA,NA,2767.5,2767.5,2767.5,2767.5,2767.5,2767.5,2460,2460,2460,2152.5,2152.5,2152.5,2152.5,2152.5,2152.5,1845,1845,1845,2152.5,2152.5,2152.5,1845,1845,1845,1537.5,1537.5,1537.5,1230,1230,1230,1230,1230,1230,922.5,922.5,922.5,922.5,922.5,922.5,NA,NA,NA,922.5,922.5,922.5,NA,NA,NA,NA,NA,NA,NA,NA,NA,NA,NA,NA,NA,NA,NA,NA,NA,NA,NA,NA,NA,NA,NA,NA,NA,NA,NA,NA,NA,NA,NA,NA,NA,NA,NA,NA,NA,NA,NA,NA,NA,NA,NA,NA,NA,NA,NA,NA,NA,NA,NA,NA,NA,NA,NA,NA,NA,NA,NA,NA,NA,NA,NA,NA,NA,NA,NA,NA,NA
"0.033Northern",NA,NA,NA,NA,NA,NA,NA,NA,NA,NA,NA,NA,2767.5,2767.5,2767.5,2460,2460,2460,2152.5,2152.5,2152.5,1845,1845,1845,1537.5,1537.5,1537.5,1230,1230,1230,1537.5,1537.5,1537.5,1230,1230,1230,922.5,922.5,922.5,NA,NA,NA,NA,NA,NA,NA,NA,NA,NA,NA,NA,NA,NA,NA,NA,NA,NA,NA,NA,NA,NA,NA,NA,NA,NA,NA,NA,NA,NA,NA,NA,NA,NA,NA,NA,NA,NA,NA,NA,NA,NA,NA,NA,NA,NA,NA,NA,NA,NA,NA,NA,NA,NA,NA,NA,NA,NA,NA,NA,NA,NA,NA,NA,NA,NA,NA,NA,NA,NA,NA,NA,NA,NA,NA,NA,NA,NA,NA,NA,NA,NA,NA,NA,NA,NA,NA
"0.043Northern",NA,NA,NA,NA,NA,NA,NA,NA,NA,NA,NA,NA,2460,2460,2460,2152.5,2152.5,2152.5,1537.5,1537.5,1537.5,1230,1230,1230,922.5,922.5,922.5,NA,NA,NA,922.5,922.5,922.5,NA,NA,NA,NA,NA,NA,NA,NA,NA,NA,NA,NA,NA,NA,NA,NA,NA,NA,NA,NA,NA,NA,NA,NA,NA,NA,NA,NA,NA,NA,NA,NA,NA,NA,NA,NA,NA,NA,NA,NA,NA,NA,NA,NA,NA,NA,NA,NA,NA,NA,NA,NA,NA,NA,NA,NA,NA,NA,NA,NA,NA,NA,NA,NA,NA,NA,NA,NA,NA,NA,NA,NA,NA,NA,NA,NA,NA,NA,NA,NA,NA,NA,NA,NA,NA,NA,NA,NA,NA,NA,NA,NA,NA
"0.024Northern",NA,NA,NA,NA,NA,NA,NA,NA,NA,NA,NA,NA,3075,3075,3075,3075,3075,3075,2767.5,2767.5,2767.5,2767.5,2767.5,2767.5,2460,2460,2460,2460,2460,2460,2460,2460,2460,2460,2460,2460,2152.5,2152.5,2152.5,2152.5,2152.5,2152.5,1845,1845,1845,1845,1845,1845,1537.5,1537.5,1537.5,1537.5,1537.5,1537.5,1537.5,1537.5,1537.5,1537.5,1537.5,1537.5,1230,1230,1230,1230,1230,1230,1230,1230,1230,922.5,922.5,922.5,922.5,922.5,922.5,615,615,615,922.5,922.5,922.5,615,615,615,615,615,615,NA,NA,NA,NA,NA,NA,NA,NA,NA,NA,NA,NA,NA,NA,NA,NA,NA,NA,NA,NA,NA,NA,NA,NA,NA,NA,NA,NA,NA,NA,NA,NA,NA,NA,NA,NA,NA,NA,NA
"0.034Northern",NA,NA,NA,NA,NA,NA,NA,NA,NA,NA,NA,NA,2767.5,2767.5,2767.5,2767.5,2767.5,2767.5,2460,2460,2460,2460,2460,2460,2152.5,2152.5,2152.5,1845,1845,1845,2152.5,2152.5,2152.5,1845,1845,1845,1537.5,1537.5,1537.5,1537.5,1537.5,1537.5,1230,1230,1230,922.5,922.5,922.5,922.5,922.5,922.5,615,615,615,922.5,922.5,922.5,615,615,615,NA,NA,NA,NA,NA,NA,NA,NA,NA,NA,NA,NA,NA,NA,NA,NA,NA,NA,NA,NA,NA,NA,NA,NA,NA,NA,NA,NA,NA,NA,NA,NA,NA,NA,NA,NA,NA,NA,NA,NA,NA,NA,NA,NA,NA,NA,NA,NA,NA,NA,NA,NA,NA,NA,NA,NA,NA,NA,NA,NA,NA,NA,NA,NA,NA,NA
"0.044Northern",NA,NA,NA,NA,NA,NA,NA,NA,NA,NA,NA,NA,2767.5,2767.5,2767.5,2767.5,2767.5,2767.5,2152.5,2152.5,2152.5,2152.5,2152.5,2152.5,1537.5,1537.5,1537.5,1537.5,1537.5,1537.5,1537.5,1537.5,1537.5,1537.5,1537.5,1537.5,1230,1230,1230,922.5,922.5,922.5,615,615,615,NA,NA,NA,NA,NA,NA,NA,NA,NA,NA,NA,NA,NA,NA,NA,NA,NA,NA,NA,NA,NA,NA,NA,NA,NA,NA,NA,NA,NA,NA,NA,NA,NA,NA,NA,NA,NA,NA,NA,NA,NA,NA,NA,NA,NA,NA,NA,NA,NA,NA,NA,NA,NA,NA,NA,NA,NA,NA,NA,NA,NA,NA,NA,NA,NA,NA,NA,NA,NA,NA,NA,NA,NA,NA,NA,NA,NA,NA,NA,NA,NA
"0.025Northern",NA,NA,NA,NA,NA,NA,NA,NA,NA,NA,NA,NA,3075,3075,3075,3075,3075,3075,2767.5,2767.5,2767.5,2767.5,2767.5,2767.5,2767.5,2767.5,2767.5,2460,2460,2460,2767.5,2767.5,2767.5,2460,2460,2460,2460,2460,2460,2460,2460,2460,2152.5,2152.5,2152.5,2152.5,2152.5,2152.5,2152.5,2152.5,2152.5,1845,1845,1845,2152.5,2152.5,2152.5,1845,1845,1845,1845,1845,1845,1537.5,1537.5,1537.5,1537.5,1537.5,1537.5,1537.5,1537.5,1537.5,1537.5,1537.5,1537.5,1230,1230,1230,1537.5,1537.5,1537.5,1230,1230,1230,1230,1230,1230,922.5,922.5,922.5,922.5,922.5,922.5,615,615,615,922.5,922.5,922.5,615,615,615,922.5,922.5,922.5,615,615,615,615,615,615,NA,NA,NA,615,615,615,NA,NA,NA,NA,NA,NA,NA,NA,NA
"0.035Northern",NA,NA,NA,NA,NA,NA,NA,NA,NA,NA,NA,NA,3075,3075,3075,2767.5,2767.5,2767.5,2767.5,2767.5,2767.5,2460,2460,2460,2460,2460,2460,2152.5,2152.5,2152.5,2460,2460,2460,2152.5,2152.5,2152.5,2152.5,2152.5,2152.5,1845,1845,1845,1845,1845,1845,1537.5,1537.5,1537.5,1537.5,1537.5,1537.5,1230,1230,1230,1537.5,1537.5,1537.5,1230,1230,1230,1230,1230,1230,922.5,922.5,922.5,922.5,922.5,922.5,615,615,615,615,615,615,NA,NA,NA,615,615,615,NA,NA,NA,NA,NA,NA,NA,NA,NA,NA,NA,NA,NA,NA,NA,NA,NA,NA,NA,NA,NA,NA,NA,NA,NA,NA,NA,NA,NA,NA,NA,NA,NA,NA,NA,NA,NA,NA,NA,NA,NA,NA,NA,NA,NA
"0.045Northern",NA,NA,NA,NA,NA,NA,NA,NA,NA,NA,NA,NA,2767.5,2767.5,2767.5,2767.5,2767.5,2767.5,2460,2460,2460,2460,2460,2460,2152.5,2152.5,2152.5,1845,1845,1845,2152.5,2152.5,2152.5,1845,1845,1845,1537.5,1537.5,1537.5,1537.5,1537.5,1537.5,1230,1230,1230,922.5,922.5,922.5,922.5,922.5,922.5,615,615,615,922.5,922.5,922.5,615,615,615,615,615,615,NA,NA,NA,NA,NA,NA,NA,NA,NA,NA,NA,NA,NA,NA,NA,NA,NA,NA,NA,NA,NA,NA,NA,NA,NA,NA,NA,NA,NA,NA,NA,NA,NA,NA,NA,NA,NA,NA,NA,NA,NA,NA,NA,NA,NA,NA,NA,NA,NA,NA,NA,NA,NA,NA,NA,NA,NA,NA,NA,NA,NA,NA,NA
"0.026Northern",NA,NA,NA,NA,NA,NA,NA,NA,NA,NA,NA,NA,3075,3075,3075,3075,3075,3075,2767.5,2767.5,2767.5,2767.5,2767.5,2767.5,2767.5,2767.5,2767.5,2767.5,2767.5,2767.5,2767.5,2767.5,2767.5,2767.5,2767.5,2767.5,2460,2460,2460,2460,2460,2460,2460,2460,2460,2460,2460,2460,2152.5,2152.5,2152.5,2152.5,2152.5,2152.5,2152.5,2152.5,2152.5,2152.5,2152.5,2152.5,2152.5,2152.5,2152.5,1845,1845,1845,1845,1845,1845,1845,1845,1845,1845,1845,1845,1537.5,1537.5,1537.5,1845,1845,1845,1537.5,1537.5,1537.5,1537.5,1537.5,1537.5,1537.5,1537.5,1537.5,1537.5,1537.5,1537.5,1230,1230,1230,1230,1230,1230,1230,1230,1230,1230,1230,1230,1230,1230,1230,1230,1230,1230,922.5,922.5,922.5,922.5,922.5,922.5,615,615,615,922.5,922.5,922.5,615,615,615
"0.036Northern",NA,NA,NA,NA,NA,NA,NA,NA,NA,NA,NA,NA,3075,3075,3075,3075,3075,3075,2767.5,2767.5,2767.5,2767.5,2767.5,2767.5,2460,2460,2460,2460,2460,2460,2460,2460,2460,2460,2460,2460,2152.5,2152.5,2152.5,2152.5,2152.5,2152.5,2152.5,2152.5,2152.5,1845,1845,1845,1845,1845,1845,1537.5,1537.5,1537.5,1845,1845,1845,1537.5,1537.5,1537.5,1537.5,1537.5,1537.5,1230,1230,1230,1230,1230,1230,1230,1230,1230,1230,1230,1230,922.5,922.5,922.5,1230,1230,1230,922.5,922.5,922.5,922.5,922.5,922.5,615,615,615,615,615,615,NA,NA,NA,NA,NA,NA,NA,NA,NA,NA,NA,NA,NA,NA,NA,NA,NA,NA,NA,NA,NA,NA,NA,NA,NA,NA,NA,NA,NA,NA,NA,NA,NA
"0.046Northern",NA,NA,NA,NA,NA,NA,NA,NA,NA,NA,NA,NA,2767.5,2767.5,2767.5,2767.5,2767.5,2767.5,2460,2460,2460,2460,2460,2460,2152.5,2152.5,2152.5,2152.5,2152.5,2152.5,2152.5,2152.5,2152.5,2152.5,2152.5,2152.5,1845,1845,1845,1845,1845,1845,1537.5,1537.5,1537.5,1537.5,1537.5,1537.5,1230,1230,1230,1230,1230,1230,1230,1230,1230,1230,1230,1230,922.5,922.5,922.5,615,615,615,615,615,615,NA,NA,NA,NA,NA,NA,NA,NA,NA,NA,NA,NA,NA,NA,NA,NA,NA,NA,NA,NA,NA,NA,NA,NA,NA,NA,NA,NA,NA,NA,NA,NA,NA,NA,NA,NA,NA,NA,NA,NA,NA,NA,NA,NA,NA,NA,NA,NA,NA,NA,NA,NA,NA,NA,NA,NA,NA
"0.027Northern",NA,NA,NA,NA,NA,NA,NA,NA,NA,NA,NA,NA,3075,3075,3075,3075,3075,3075,3075,3075,3075,3075,3075,3075,2767.5,2767.5,2767.5,2767.5,2767.5,2767.5,2767.5,2767.5,2767.5,2767.5,2767.5,2767.5,2767.5,2767.5,2767.5,2767.5,2767.5,2767.5,2460,2460,2460,2460,2460,2460,2460,2460,2460,2460,2460,2460,2460,2460,2460,2460,2460,2460,2460,2460,2460,2152.5,2152.5,2152.5,2152.5,2152.5,2152.5,2152.5,2152.5,2152.5,2152.5,2152.5,2152.5,1845,1845,1845,2152.5,2152.5,2152.5,1845,1845,1845,1845,1845,1845,1845,1845,1845,1845,1845,1845,1537.5,1537.5,1537.5,1537.5,1537.5,1537.5,1537.5,1537.5,1537.5,1537.5,1537.5,1537.5,1537.5,1537.5,1537.5,1537.5,1537.5,1537.5,1230,1230,1230,1537.5,1537.5,1537.5,1230,1230,1230,1230,1230,1230,922.5,922.5,922.5
"0.037Northern",NA,NA,NA,NA,NA,NA,NA,NA,NA,NA,NA,NA,3075,3075,3075,3075,3075,3075,2767.5,2767.5,2767.5,2767.5,2767.5,2767.5,2767.5,2767.5,2767.5,2460,2460,2460,2767.5,2767.5,2767.5,2460,2460,2460,2460,2460,2460,2460,2460,2460,2152.5,2152.5,2152.5,2152.5,2152.5,2152.5,2152.5,2152.5,2152.5,1845,1845,1845,2152.5,2152.5,2152.5,1845,1845,1845,1845,1845,1845,1537.5,1537.5,1537.5,1537.5,1537.5,1537.5,1537.5,1537.5,1537.5,1537.5,1537.5,1537.5,1230,1230,1230,1537.5,1537.5,1537.5,1230,1230,1230,1230,1230,1230,922.5,922.5,922.5,1230,1230,1230,922.5,922.5,922.5,922.5,922.5,922.5,615,615,615,922.5,922.5,922.5,615,615,615,615,615,615,NA,NA,NA,615,615,615,NA,NA,NA,NA,NA,NA,NA,NA,NA
"0.047Northern",NA,NA,NA,NA,NA,NA,NA,NA,NA,NA,NA,NA,3075,3075,3075,3075,3075,3075,2767.5,2767.5,2767.5,2767.5,2767.5,2767.5,2460,2460,2460,2460,2460,2460,2460,2460,2460,2460,2460,2460,2152.5,2152.5,2152.5,2152.5,2152.5,2152.5,1845,1845,1845,1845,1845,1845,1537.5,1537.5,1537.5,1537.5,1537.5,1537.5,1537.5,1537.5,1537.5,1537.5,1537.5,1537.5,1537.5,1537.5,1537.5,1230,1230,1230,1230,1230,1230,922.5,922.5,922.5,922.5,922.5,922.5,615,615,615,922.5,922.5,922.5,615,615,615,615,615,615,NA,NA,NA,NA,NA,NA,NA,NA,NA,NA,NA,NA,NA,NA,NA,NA,NA,NA,NA,NA,NA,NA,NA,NA,NA,NA,NA,NA,NA,NA,NA,NA,NA,NA,NA,NA,NA,NA,NA
"0.028Northern",NA,NA,NA,NA,NA,NA,NA,NA,NA,NA,NA,NA,3075,3075,3075,3075,3075,3075,3075,3075,3075,3075,3075,3075,2767.5,2767.5,2767.5,2767.5,2767.5,2767.5,2767.5,2767.5,2767.5,2767.5,2767.5,2767.5,2767.5,2767.5,2767.5,2767.5,2767.5,2767.5,2767.5,2767.5,2767.5,2460,2460,2460,2460,2460,2460,2460,2460,2460,2460,2460,2460,2460,2460,2460,2460,2460,2460,2460,2460,2460,2460,2460,2460,2152.5,2152.5,2152.5,2152.5,2152.5,2152.5,2152.5,2152.5,2152.5,2152.5,2152.5,2152.5,2152.5,2152.5,2152.5,2152.5,2152.5,2152.5,1845,1845,1845,2152.5,2152.5,2152.5,1845,1845,1845,1845,1845,1845,1845,1845,1845,1845,1845,1845,1845,1845,1845,1845,1845,1845,1537.5,1537.5,1537.5,1537.5,1537.5,1537.5,1537.5,1537.5,1537.5,1537.5,1537.5,1537.5,1230,1230,1230
"0.038Northern",NA,NA,NA,NA,NA,NA,NA,NA,NA,NA,NA,NA,3075,3075,3075,3075,3075,3075,2767.5,2767.5,2767.5,2767.5,2767.5,2767.5,2767.5,2767.5,2767.5,2767.5,2767.5,2767.5,2767.5,2767.5,2767.5,2767.5,2767.5,2767.5,2460,2460,2460,2460,2460,2460,2460,2460,2460,2152.5,2152.5,2152.5,2152.5,2152.5,2152.5,2152.5,2152.5,2152.5,2152.5,2152.5,2152.5,2152.5,2152.5,2152.5,2152.5,2152.5,2152.5,1845,1845,1845,1845,1845,1845,1845,1845,1845,1845,1845,1845,1537.5,1537.5,1537.5,1845,1845,1845,1537.5,1537.5,1537.5,1537.5,1537.5,1537.5,1230,1230,1230,1537.5,1537.5,1537.5,1230,1230,1230,1230,1230,1230,922.5,922.5,922.5,1230,1230,1230,922.5,922.5,922.5,922.5,922.5,922.5,615,615,615,922.5,922.5,922.5,615,615,615,615,615,615,NA,NA,NA
"0.048Northern",NA,NA,NA,NA,NA,NA,NA,NA,NA,NA,NA,NA,3075,3075,3075,3075,3075,3075,2767.5,2767.5,2767.5,2767.5,2767.5,2767.5,2460,2460,2460,2460,2460,2460,2460,2460,2460,2460,2460,2460,2460,2460,2460,2152.5,2152.5,2152.5,2152.5,2152.5,2152.5,1845,1845,1845,1845,1845,1845,1845,1845,1845,1845,1845,1845,1845,1845,1845,1537.5,1537.5,1537.5,1537.5,1537.5,1537.5,1537.5,1537.5,1537.5,1230,1230,1230,1230,1230,1230,922.5,922.5,922.5,1230,1230,1230,922.5,922.5,922.5,922.5,922.5,922.5,615,615,615,922.5,922.5,922.5,NA,NA,NA,615,615,615,NA,NA,NA,615,615,615,NA,NA,NA,NA,NA,NA,NA,NA,NA,NA,NA,NA,NA,NA,NA,NA,NA,NA,NA,NA,NA
"0.029Northern",NA,NA,NA,NA,NA,NA,NA,NA,NA,NA,NA,NA,3075,3075,3075,3075,3075,3075,3075,3075,3075,3075,3075,3075,3075,3075,3075,2767.5,2767.5,2767.5,3075,3075,3075,2767.5,2767.5,2767.5,2767.5,2767.5,2767.5,2767.5,2767.5,2767.5,2767.5,2767.5,2767.5,2767.5,2767.5,2767.5,2767.5,2767.5,2767.5,2460,2460,2460,2767.5,2767.5,2767.5,2460,2460,2460,2460,2460,2460,2460,2460,2460,2460,2460,2460,2460,2460,2460,2460,2460,2460,2152.5,2152.5,2152.5,2460,2460,2460,2152.5,2152.5,2152.5,2152.5,2152.5,2152.5,2152.5,2152.5,2152.5,2152.5,2152.5,2152.5,2152.5,2152.5,2152.5,2152.5,2152.5,2152.5,1845,1845,1845,2152.5,2152.5,2152.5,1845,1845,1845,1845,1845,1845,1845,1845,1845,1845,1845,1845,1537.5,1537.5,1537.5,1845,1845,1845,1537.5,1537.5,1537.5
"0.039Northern",NA,NA,NA,NA,NA,NA,NA,NA,NA,NA,NA,NA,3075,3075,3075,3075,3075,3075,3075,3075,3075,2767.5,2767.5,2767.5,2767.5,2767.5,2767.5,2767.5,2767.5,2767.5,2767.5,2767.5,2767.5,2767.5,2767.5,2767.5,2767.5,2767.5,2767.5,2460,2460,2460,2460,2460,2460,2460,2460,2460,2460,2460,2460,2152.5,2152.5,2152.5,2460,2460,2460,2152.5,2152.5,2152.5,2152.5,2152.5,2152.5,2152.5,2152.5,2152.5,2152.5,2152.5,2152.5,1845,1845,1845,1845,1845,1845,1845,1845,1845,1845,1845,1845,1845,1845,1845,1845,1845,1845,1537.5,1537.5,1537.5,1537.5,1537.5,1537.5,1537.5,1537.5,1537.5,1537.5,1537.5,1537.5,1230,1230,1230,1537.5,1537.5,1537.5,1230,1230,1230,1230,1230,1230,922.5,922.5,922.5,1230,1230,1230,922.5,922.5,922.5,922.5,922.5,922.5,615,615,615
"0.049Northern",NA,NA,NA,NA,NA,NA,NA,NA,NA,NA,NA,NA,3075,3075,3075,3075,3075,3075,2767.5,2767.5,2767.5,2767.5,2767.5,2767.5,2767.5,2767.5,2767.5,2460,2460,2460,2767.5,2767.5,2767.5,2460,2460,2460,2460,2460,2460,2460,2460,2460,2152.5,2152.5,2152.5,2152.5,2152.5,2152.5,2152.5,2152.5,2152.5,1845,1845,1845,2152.5,2152.5,2152.5,1845,1845,1845,1845,1845,1845,1537.5,1537.5,1537.5,1537.5,1537.5,1537.5,1537.5,1537.5,1537.5,1537.5,1537.5,1537.5,1230,1230,1230,1537.5,1537.5,1537.5,1230,1230,1230,1230,1230,1230,922.5,922.5,922.5,1230,1230,1230,922.5,922.5,922.5,922.5,922.5,922.5,615,615,615,922.5,922.5,922.5,615,615,615,615,615,615,NA,NA,NA,615,615,615,NA,NA,NA,NA,NA,NA,NA,NA,NA
"0.023Central",NA,NA,NA,NA,NA,NA,NA,NA,NA,NA,NA,NA,2767.5,2767.5,2767.5,2767.5,2767.5,2767.5,2460,2460,2460,2152.5,2152.5,2152.5,1845,1845,1845,1845,1845,1845,1845,1845,1845,1845,1845,1845,1537.5,1537.5,1537.5,1230,1230,1230,1230,1230,1230,922.5,922.5,922.5,615,615,615,NA,NA,NA,615,615,615,NA,NA,NA,NA,NA,NA,NA,NA,NA,NA,NA,NA,NA,NA,NA,NA,NA,NA,NA,NA,NA,NA,NA,NA,NA,NA,NA,NA,NA,NA,NA,NA,NA,NA,NA,NA,NA,NA,NA,NA,NA,NA,NA,NA,NA,NA,NA,NA,NA,NA,NA,NA,NA,NA,NA,NA,NA,NA,NA,NA,NA,NA,NA,NA,NA,NA,NA,NA,NA
"0.033Central",NA,NA,NA,NA,NA,NA,NA,NA,NA,NA,NA,NA,2460,2460,2460,2460,2460,2460,1845,1845,1845,1845,1845,1845,1230,1230,1230,922.5,922.5,922.5,1230,1230,1230,922.5,922.5,922.5,615,615,615,NA,NA,NA,NA,NA,NA,NA,NA,NA,NA,NA,NA,NA,NA,NA,NA,NA,NA,NA,NA,NA,NA,NA,NA,NA,NA,NA,NA,NA,NA,NA,NA,NA,NA,NA,NA,NA,NA,NA,NA,NA,NA,NA,NA,NA,NA,NA,NA,NA,NA,NA,NA,NA,NA,NA,NA,NA,NA,NA,NA,NA,NA,NA,NA,NA,NA,NA,NA,NA,NA,NA,NA,NA,NA,NA,NA,NA,NA,NA,NA,NA,NA,NA,NA,NA,NA,NA
"0.043Central",NA,NA,NA,NA,NA,NA,NA,NA,NA,NA,NA,NA,2460,2460,2460,2152.5,2152.5,2152.5,1537.5,1537.5,1537.5,1230,1230,1230,615,615,615,NA,NA,NA,615,615,615,NA,NA,NA,NA,NA,NA,NA,NA,NA,NA,NA,NA,NA,NA,NA,NA,NA,NA,NA,NA,NA,NA,NA,NA,NA,NA,NA,NA,NA,NA,NA,NA,NA,NA,NA,NA,NA,NA,NA,NA,NA,NA,NA,NA,NA,NA,NA,NA,NA,NA,NA,NA,NA,NA,NA,NA,NA,NA,NA,NA,NA,NA,NA,NA,NA,NA,NA,NA,NA,NA,NA,NA,NA,NA,NA,NA,NA,NA,NA,NA,NA,NA,NA,NA,NA,NA,NA,NA,NA,NA,NA,NA,NA
"0.024Central",NA,NA,NA,NA,NA,NA,NA,NA,NA,NA,NA,NA,3075,3075,3075,2767.5,2767.5,2767.5,2767.5,2767.5,2767.5,2460,2460,2460,2460,2460,2460,2152.5,2152.5,2152.5,2460,2460,2460,2152.5,2152.5,2152.5,2152.5,2152.5,2152.5,1845,1845,1845,1845,1845,1845,1537.5,1537.5,1537.5,1537.5,1537.5,1537.5,1230,1230,1230,1537.5,1537.5,1537.5,1230,1230,1230,1230,1230,1230,922.5,922.5,922.5,922.5,922.5,922.5,615,615,615,615,615,615,NA,NA,NA,615,615,615,NA,NA,NA,615,615,615,NA,NA,NA,NA,NA,NA,NA,NA,NA,NA,NA,NA,NA,NA,NA,NA,NA,NA,NA,NA,NA,NA,NA,NA,NA,NA,NA,NA,NA,NA,NA,NA,NA,NA,NA,NA,NA,NA,NA
"0.034Central",NA,NA,NA,NA,NA,NA,NA,NA,NA,NA,NA,NA,2767.5,2767.5,2767.5,2767.5,2767.5,2767.5,2460,2460,2460,2152.5,2152.5,2152.5,1845,1845,1845,1845,1845,1845,1845,1845,1845,1845,1845,1845,1537.5,1537.5,1537.5,1230,1230,1230,1230,1230,1230,922.5,922.5,922.5,615,615,615,NA,NA,NA,615,615,615,NA,NA,NA,NA,NA,NA,NA,NA,NA,NA,NA,NA,NA,NA,NA,NA,NA,NA,NA,NA,NA,NA,NA,NA,NA,NA,NA,NA,NA,NA,NA,NA,NA,NA,NA,NA,NA,NA,NA,NA,NA,NA,NA,NA,NA,NA,NA,NA,NA,NA,NA,NA,NA,NA,NA,NA,NA,NA,NA,NA,NA,NA,NA,NA,NA,NA,NA,NA,NA
"0.044Central",NA,NA,NA,NA,NA,NA,NA,NA,NA,NA,NA,NA,2767.5,2767.5,2767.5,2460,2460,2460,2152.5,2152.5,2152.5,1845,1845,1845,1537.5,1537.5,1537.5,1230,1230,1230,1537.5,1537.5,1537.5,1230,1230,1230,922.5,922.5,922.5,615,615,615,615,615,615,NA,NA,NA,NA,NA,NA,NA,NA,NA,NA,NA,NA,NA,NA,NA,NA,NA,NA,NA,NA,NA,NA,NA,NA,NA,NA,NA,NA,NA,NA,NA,NA,NA,NA,NA,NA,NA,NA,NA,NA,NA,NA,NA,NA,NA,NA,NA,NA,NA,NA,NA,NA,NA,NA,NA,NA,NA,NA,NA,NA,NA,NA,NA,NA,NA,NA,NA,NA,NA,NA,NA,NA,NA,NA,NA,NA,NA,NA,NA,NA,NA
"0.025Central",NA,NA,NA,NA,NA,NA,NA,NA,NA,NA,NA,NA,3075,3075,3075,3075,3075,3075,2767.5,2767.5,2767.5,2767.5,2767.5,2767.5,2767.5,2767.5,2767.5,2460,2460,2460,2767.5,2767.5,2767.5,2460,2460,2460,2460,2460,2460,2152.5,2152.5,2152.5,2152.5,2152.5,2152.5,2152.5,2152.5,2152.5,2152.5,2152.5,2152.5,1845,1845,1845,2152.5,2152.5,2152.5,1845,1845,1845,1845,1845,1845,1537.5,1537.5,1537.5,1537.5,1537.5,1537.5,1230,1230,1230,1537.5,1537.5,1537.5,1230,1230,1230,1537.5,1537.5,1537.5,1230,1230,1230,1230,1230,1230,922.5,922.5,922.5,922.5,922.5,922.5,615,615,615,922.5,922.5,922.5,NA,NA,NA,922.5,922.5,922.5,NA,NA,NA,615,615,615,NA,NA,NA,NA,NA,NA,NA,NA,NA,NA,NA,NA,NA,NA,NA
"0.035Central",NA,NA,NA,NA,NA,NA,NA,NA,NA,NA,NA,NA,3075,3075,3075,2767.5,2767.5,2767.5,2767.5,2767.5,2767.5,2460,2460,2460,2460,2460,2460,2152.5,2152.5,2152.5,2460,2460,2460,2152.5,2152.5,2152.5,2152.5,2152.5,2152.5,1845,1845,1845,1845,1845,1845,1537.5,1537.5,1537.5,1537.5,1537.5,1537.5,1230,1230,1230,1537.5,1537.5,1537.5,1230,1230,1230,1230,1230,1230,615,615,615,922.5,922.5,922.5,NA,NA,NA,615,615,615,NA,NA,NA,615,615,615,NA,NA,NA,NA,NA,NA,NA,NA,NA,NA,NA,NA,NA,NA,NA,NA,NA,NA,NA,NA,NA,NA,NA,NA,NA,NA,NA,NA,NA,NA,NA,NA,NA,NA,NA,NA,NA,NA,NA,NA,NA,NA,NA,NA,NA
"0.045Central",NA,NA,NA,NA,NA,NA,NA,NA,NA,NA,NA,NA,2767.5,2767.5,2767.5,2767.5,2767.5,2767.5,2460,2460,2460,2152.5,2152.5,2152.5,2152.5,2152.5,2152.5,1845,1845,1845,2152.5,2152.5,2152.5,1845,1845,1845,1537.5,1537.5,1537.5,1230,1230,1230,1230,1230,1230,922.5,922.5,922.5,922.5,922.5,922.5,NA,NA,NA,922.5,922.5,922.5,NA,NA,NA,NA,NA,NA,NA,NA,NA,NA,NA,NA,NA,NA,NA,NA,NA,NA,NA,NA,NA,NA,NA,NA,NA,NA,NA,NA,NA,NA,NA,NA,NA,NA,NA,NA,NA,NA,NA,NA,NA,NA,NA,NA,NA,NA,NA,NA,NA,NA,NA,NA,NA,NA,NA,NA,NA,NA,NA,NA,NA,NA,NA,NA,NA,NA,NA,NA,NA
"0.026Central",NA,NA,NA,NA,NA,NA,NA,NA,NA,NA,NA,NA,3075,3075,3075,3075,3075,3075,2767.5,2767.5,2767.5,2767.5,2767.5,2767.5,2767.5,2767.5,2767.5,2767.5,2767.5,2767.5,2767.5,2767.5,2767.5,2767.5,2767.5,2767.5,2460,2460,2460,2460,2460,2460,2460,2460,2460,2152.5,2152.5,2152.5,2152.5,2152.5,2152.5,2152.5,2152.5,2152.5,2152.5,2152.5,2152.5,2152.5,2152.5,2152.5,2152.5,2152.5,2152.5,1845,1845,1845,1845,1845,1845,1845,1845,1845,1845,1845,1845,1537.5,1537.5,1537.5,1845,1845,1845,1537.5,1537.5,1537.5,1537.5,1537.5,1537.5,1230,1230,1230,1537.5,1537.5,1537.5,1230,1230,1230,1230,1230,1230,922.5,922.5,922.5,1230,1230,1230,922.5,922.5,922.5,1230,1230,1230,922.5,922.5,922.5,922.5,922.5,922.5,615,615,615,922.5,922.5,922.5,NA,NA,NA
"0.036Central",NA,NA,NA,NA,NA,NA,NA,NA,NA,NA,NA,NA,3075,3075,3075,3075,3075,3075,2767.5,2767.5,2767.5,2767.5,2767.5,2767.5,2460,2460,2460,2460,2460,2460,2460,2460,2460,2460,2460,2460,2152.5,2152.5,2152.5,2152.5,2152.5,2152.5,2152.5,2152.5,2152.5,1845,1845,1845,1845,1845,1845,1537.5,1537.5,1537.5,1845,1845,1845,1537.5,1537.5,1537.5,1537.5,1537.5,1537.5,1230,1230,1230,1230,1230,1230,922.5,922.5,922.5,922.5,922.5,922.5,615,615,615,922.5,922.5,922.5,615,615,615,922.5,922.5,922.5,NA,NA,NA,615,615,615,NA,NA,NA,NA,NA,NA,NA,NA,NA,NA,NA,NA,NA,NA,NA,NA,NA,NA,NA,NA,NA,NA,NA,NA,NA,NA,NA,NA,NA,NA,NA,NA,NA
"0.046Central",NA,NA,NA,NA,NA,NA,NA,NA,NA,NA,NA,NA,2767.5,2767.5,2767.5,2767.5,2767.5,2767.5,2460,2460,2460,2460,2460,2460,2152.5,2152.5,2152.5,2152.5,2152.5,2152.5,2152.5,2152.5,2152.5,2152.5,2152.5,2152.5,1845,1845,1845,1845,1845,1845,1537.5,1537.5,1537.5,1230,1230,1230,1230,1230,1230,922.5,922.5,922.5,1230,1230,1230,922.5,922.5,922.5,922.5,922.5,922.5,615,615,615,615,615,615,NA,NA,NA,NA,NA,NA,NA,NA,NA,NA,NA,NA,NA,NA,NA,NA,NA,NA,NA,NA,NA,NA,NA,NA,NA,NA,NA,NA,NA,NA,NA,NA,NA,NA,NA,NA,NA,NA,NA,NA,NA,NA,NA,NA,NA,NA,NA,NA,NA,NA,NA,NA,NA,NA,NA,NA,NA
"0.027Central",NA,NA,NA,NA,NA,NA,NA,NA,NA,NA,NA,NA,3075,3075,3075,3075,3075,3075,3075,3075,3075,2767.5,2767.5,2767.5,2767.5,2767.5,2767.5,2767.5,2767.5,2767.5,2767.5,2767.5,2767.5,2767.5,2767.5,2767.5,2767.5,2767.5,2767.5,2460,2460,2460,2460,2460,2460,2460,2460,2460,2460,2460,2460,2152.5,2152.5,2152.5,2460,2460,2460,2152.5,2152.5,2152.5,2152.5,2152.5,2152.5,2152.5,2152.5,2152.5,2152.5,2152.5,2152.5,1845,1845,1845,2152.5,2152.5,2152.5,1845,1845,1845,2152.5,2152.5,2152.5,1845,1845,1845,1845,1845,1845,1537.5,1537.5,1537.5,1845,1845,1845,1537.5,1537.5,1537.5,1537.5,1537.5,1537.5,1230,1230,1230,1537.5,1537.5,1537.5,1230,1230,1230,1537.5,1537.5,1537.5,1230,1230,1230,1230,1230,1230,922.5,922.5,922.5,1230,1230,1230,922.5,922.5,922.5
"0.037Central",NA,NA,NA,NA,NA,NA,NA,NA,NA,NA,NA,NA,3075,3075,3075,3075,3075,3075,2767.5,2767.5,2767.5,2767.5,2767.5,2767.5,2767.5,2767.5,2767.5,2460,2460,2460,2767.5,2767.5,2767.5,2460,2460,2460,2460,2460,2460,2152.5,2152.5,2152.5,2152.5,2152.5,2152.5,2152.5,2152.5,2152.5,2152.5,2152.5,2152.5,1845,1845,1845,2152.5,2152.5,2152.5,1845,1845,1845,1845,1845,1845,1537.5,1537.5,1537.5,1537.5,1537.5,1537.5,1230,1230,1230,1537.5,1537.5,1537.5,1230,1230,1230,1537.5,1537.5,1537.5,1230,1230,1230,1230,1230,1230,922.5,922.5,922.5,922.5,922.5,922.5,615,615,615,922.5,922.5,922.5,NA,NA,NA,922.5,922.5,922.5,NA,NA,NA,615,615,615,NA,NA,NA,NA,NA,NA,NA,NA,NA,NA,NA,NA,NA,NA,NA
"0.047Central",NA,NA,NA,NA,NA,NA,NA,NA,NA,NA,NA,NA,3075,3075,3075,2767.5,2767.5,2767.5,2767.5,2767.5,2767.5,2460,2460,2460,2460,2460,2460,2152.5,2152.5,2152.5,2460,2460,2460,2152.5,2152.5,2152.5,2152.5,2152.5,2152.5,1845,1845,1845,1845,1845,1845,1537.5,1537.5,1537.5,1537.5,1537.5,1537.5,1230,1230,1230,1537.5,1537.5,1537.5,1230,1230,1230,1230,1230,1230,922.5,922.5,922.5,922.5,922.5,922.5,615,615,615,922.5,922.5,922.5,NA,NA,NA,922.5,922.5,922.5,NA,NA,NA,615,615,615,NA,NA,NA,NA,NA,NA,NA,NA,NA,NA,NA,NA,NA,NA,NA,NA,NA,NA,NA,NA,NA,NA,NA,NA,NA,NA,NA,NA,NA,NA,NA,NA,NA,NA,NA,NA,NA,NA,NA
"0.028Central",NA,NA,NA,NA,NA,NA,NA,NA,NA,NA,NA,NA,3075,3075,3075,3075,3075,3075,3075,3075,3075,3075,3075,3075,2767.5,2767.5,2767.5,2767.5,2767.5,2767.5,2767.5,2767.5,2767.5,2767.5,2767.5,2767.5,2767.5,2767.5,2767.5,2767.5,2767.5,2767.5,2767.5,2767.5,2767.5,2460,2460,2460,2460,2460,2460,2460,2460,2460,2460,2460,2460,2460,2460,2460,2460,2460,2460,2152.5,2152.5,2152.5,2460,2460,2460,2152.5,2152.5,2152.5,2152.5,2152.5,2152.5,2152.5,2152.5,2152.5,2152.5,2152.5,2152.5,2152.5,2152.5,2152.5,2152.5,2152.5,2152.5,1845,1845,1845,1845,1845,1845,1845,1845,1845,1845,1845,1845,1537.5,1537.5,1537.5,1845,1845,1845,1537.5,1537.5,1537.5,1845,1845,1845,1537.5,1537.5,1537.5,1537.5,1537.5,1537.5,1230,1230,1230,1537.5,1537.5,1537.5,1230,1230,1230
"0.038Central",NA,NA,NA,NA,NA,NA,NA,NA,NA,NA,NA,NA,3075,3075,3075,3075,3075,3075,2767.5,2767.5,2767.5,2767.5,2767.5,2767.5,2767.5,2767.5,2767.5,2767.5,2767.5,2767.5,2767.5,2767.5,2767.5,2767.5,2767.5,2767.5,2460,2460,2460,2460,2460,2460,2460,2460,2460,2152.5,2152.5,2152.5,2152.5,2152.5,2152.5,2152.5,2152.5,2152.5,2152.5,2152.5,2152.5,2152.5,2152.5,2152.5,2152.5,2152.5,2152.5,1845,1845,1845,1845,1845,1845,1537.5,1537.5,1537.5,1537.5,1537.5,1537.5,1537.5,1537.5,1537.5,1537.5,1537.5,1537.5,1537.5,1537.5,1537.5,1537.5,1537.5,1537.5,1230,1230,1230,1230,1230,1230,922.5,922.5,922.5,1230,1230,1230,922.5,922.5,922.5,1230,1230,1230,922.5,922.5,922.5,922.5,922.5,922.5,615,615,615,922.5,922.5,922.5,NA,NA,NA,615,615,615,NA,NA,NA
"0.048Central",NA,NA,NA,NA,NA,NA,NA,NA,NA,NA,NA,NA,3075,3075,3075,3075,3075,3075,2767.5,2767.5,2767.5,2767.5,2767.5,2767.5,2460,2460,2460,2460,2460,2460,2460,2460,2460,2460,2460,2460,2460,2460,2460,2152.5,2152.5,2152.5,2152.5,2152.5,2152.5,1845,1845,1845,1845,1845,1845,1537.5,1537.5,1537.5,1845,1845,1845,1537.5,1537.5,1537.5,1537.5,1537.5,1537.5,1230,1230,1230,1537.5,1537.5,1537.5,1230,1230,1230,1230,1230,1230,922.5,922.5,922.5,1230,1230,1230,922.5,922.5,922.5,922.5,922.5,922.5,615,615,615,615,615,615,NA,NA,NA,615,615,615,NA,NA,NA,615,615,615,NA,NA,NA,NA,NA,NA,NA,NA,NA,NA,NA,NA,NA,NA,NA,NA,NA,NA,NA,NA,NA
"0.029Central",NA,NA,NA,NA,NA,NA,NA,NA,NA,NA,NA,NA,3075,3075,3075,3075,3075,3075,3075,3075,3075,3075,3075,3075,3075,3075,3075,2767.5,2767.5,2767.5,3075,3075,3075,2767.5,2767.5,2767.5,2767.5,2767.5,2767.5,2767.5,2767.5,2767.5,2767.5,2767.5,2767.5,2767.5,2767.5,2767.5,2767.5,2767.5,2767.5,2460,2460,2460,2767.5,2767.5,2767.5,2460,2460,2460,2460,2460,2460,2460,2460,2460,2460,2460,2460,2152.5,2152.5,2152.5,2460,2460,2460,2152.5,2152.5,2152.5,2460,2460,2460,2152.5,2152.5,2152.5,2152.5,2152.5,2152.5,2152.5,2152.5,2152.5,2152.5,2152.5,2152.5,1845,1845,1845,2152.5,2152.5,2152.5,1845,1845,1845,2152.5,2152.5,2152.5,1845,1845,1845,1845,1845,1845,1845,1845,1845,1845,1845,1845,1537.5,1537.5,1537.5,1845,1845,1845,1537.5,1537.5,1537.5
"0.039Central",NA,NA,NA,NA,NA,NA,NA,NA,NA,NA,NA,NA,3075,3075,3075,3075,3075,3075,3075,3075,3075,2767.5,2767.5,2767.5,2767.5,2767.5,2767.5,2767.5,2767.5,2767.5,2767.5,2767.5,2767.5,2767.5,2767.5,2767.5,2767.5,2767.5,2767.5,2460,2460,2460,2460,2460,2460,2460,2460,2460,2460,2460,2460,2152.5,2152.5,2152.5,2460,2460,2460,2152.5,2152.5,2152.5,2152.5,2152.5,2152.5,2152.5,2152.5,2152.5,2152.5,2152.5,2152.5,1845,1845,1845,1845,1845,1845,1537.5,1537.5,1537.5,1845,1845,1845,1537.5,1537.5,1537.5,1845,1845,1845,1537.5,1537.5,1537.5,1537.5,1537.5,1537.5,1230,1230,1230,1537.5,1537.5,1537.5,1230,1230,1230,1537.5,1537.5,1537.5,1230,1230,1230,1230,1230,1230,922.5,922.5,922.5,1230,1230,1230,922.5,922.5,922.5,922.5,922.5,922.5,615,615,615
"0.049Central",NA,NA,NA,NA,NA,NA,NA,NA,NA,NA,NA,NA,3075,3075,3075,3075,3075,3075,2767.5,2767.5,2767.5,2767.5,2767.5,2767.5,2767.5,2767.5,2767.5,2460,2460,2460,2767.5,2767.5,2767.5,2460,2460,2460,2460,2460,2460,2152.5,2152.5,2152.5,2152.5,2152.5,2152.5,2152.5,2152.5,2152.5,2152.5,2152.5,2152.5,1845,1845,1845,2152.5,2152.5,2152.5,1845,1845,1845,1845,1845,1845,1537.5,1537.5,1537.5,1537.5,1537.5,1537.5,1230,1230,1230,1537.5,1537.5,1537.5,1230,1230,1230,1537.5,1537.5,1537.5,1230,1230,1230,1230,1230,1230,922.5,922.5,922.5,922.5,922.5,922.5,615,615,615,922.5,922.5,922.5,NA,NA,NA,922.5,922.5,922.5,NA,NA,NA,615,615,615,NA,NA,NA,NA,NA,NA,NA,NA,NA,NA,NA,NA,NA,NA,NA
"0.023Black Belt",NA,NA,NA,NA,NA,NA,NA,NA,NA,NA,NA,NA,2767.5,2767.5,2767.5,2767.5,2767.5,2767.5,2460,2460,2460,2152.5,2152.5,2152.5,1845,1845,1845,1845,1845,1845,1845,1845,1845,1845,1845,1845,1537.5,1537.5,1537.5,1230,1230,1230,922.5,1230,1230,615,615,615,615,615,615,NA,NA,NA,615,615,615,NA,NA,NA,NA,NA,NA,NA,NA,NA,NA,NA,NA,NA,NA,NA,NA,NA,NA,NA,NA,NA,NA,NA,NA,NA,NA,NA,NA,NA,NA,NA,NA,NA,NA,NA,NA,NA,NA,NA,NA,NA,NA,NA,NA,NA,NA,NA,NA,NA,NA,NA,NA,NA,NA,NA,NA,NA,NA,NA,NA,NA,NA,NA,NA,NA,NA,NA,NA,NA
"0.033Black Belt",NA,NA,NA,NA,NA,NA,NA,NA,NA,NA,NA,NA,2460,2460,2460,2460,2460,2460,1845,1845,1845,1845,1845,1845,1230,1230,1230,922.5,922.5,922.5,1230,1230,1230,922.5,922.5,922.5,615,615,615,NA,NA,NA,NA,NA,NA,NA,NA,NA,NA,NA,NA,NA,NA,NA,NA,NA,NA,NA,NA,NA,NA,NA,NA,NA,NA,NA,NA,NA,NA,NA,NA,NA,NA,NA,NA,NA,NA,NA,NA,NA,NA,NA,NA,NA,NA,NA,NA,NA,NA,NA,NA,NA,NA,NA,NA,NA,NA,NA,NA,NA,NA,NA,NA,NA,NA,NA,NA,NA,NA,NA,NA,NA,NA,NA,NA,NA,NA,NA,NA,NA,NA,NA,NA,NA,NA,NA
"0.043Black Belt",NA,NA,NA,NA,NA,NA,NA,NA,NA,NA,NA,NA,2460,2460,2460,2152.5,2152.5,2152.5,1537.5,1537.5,1537.5,1230,1230,1230,615,615,615,NA,NA,NA,615,615,615,NA,NA,NA,NA,NA,NA,NA,NA,NA,NA,NA,NA,NA,NA,NA,NA,NA,NA,NA,NA,NA,NA,NA,NA,NA,NA,NA,NA,NA,NA,NA,NA,NA,NA,NA,NA,NA,NA,NA,NA,NA,NA,NA,NA,NA,NA,NA,NA,NA,NA,NA,NA,NA,NA,NA,NA,NA,NA,NA,NA,NA,NA,NA,NA,NA,NA,NA,NA,NA,NA,NA,NA,NA,NA,NA,NA,NA,NA,NA,NA,NA,NA,NA,NA,NA,NA,NA,NA,NA,NA,NA,NA,NA
"0.024Black Belt",NA,NA,NA,NA,NA,NA,NA,NA,NA,NA,NA,NA,3075,3075,3075,2767.5,2767.5,2767.5,2767.5,2767.5,2767.5,2460,2460,2460,2460,2460,2460,2152.5,2152.5,2152.5,2460,2460,2460,2152.5,2152.5,2152.5,2152.5,2152.5,2152.5,1845,1845,1845,1845,1845,1845,1537.5,1537.5,1537.5,1537.5,1537.5,1537.5,1230,1230,1230,1537.5,1537.5,1537.5,1230,1230,1230,1230,1230,1230,922.5,922.5,922.5,922.5,922.5,922.5,615,615,615,615,615,615,NA,NA,NA,615,615,615,NA,NA,NA,NA,NA,NA,NA,NA,NA,NA,NA,NA,NA,NA,NA,NA,NA,NA,NA,NA,NA,NA,NA,NA,NA,NA,NA,NA,NA,NA,NA,NA,NA,NA,NA,NA,NA,NA,NA,NA,NA,NA,NA,NA,NA
"0.034Black Belt",NA,NA,NA,NA,NA,NA,NA,NA,NA,NA,NA,NA,2767.5,2767.5,2767.5,2767.5,2767.5,2767.5,2460,2460,2460,2152.5,2152.5,2152.5,1845,1845,1845,1845,1845,1845,1845,1845,1845,1845,1845,1845,1537.5,1537.5,1537.5,1230,1230,1230,1230,1230,1230,922.5,922.5,922.5,615,615,615,NA,NA,NA,615,615,615,NA,NA,NA,NA,NA,NA,NA,NA,NA,NA,NA,NA,NA,NA,NA,NA,NA,NA,NA,NA,NA,NA,NA,NA,NA,NA,NA,NA,NA,NA,NA,NA,NA,NA,NA,NA,NA,NA,NA,NA,NA,NA,NA,NA,NA,NA,NA,NA,NA,NA,NA,NA,NA,NA,NA,NA,NA,NA,NA,NA,NA,NA,NA,NA,NA,NA,NA,NA,NA
"0.044Black Belt",NA,NA,NA,NA,NA,NA,NA,NA,NA,NA,NA,NA,2767.5,2767.5,2767.5,2460,2460,2460,2152.5,2152.5,2152.5,1845,1845,1845,1537.5,1537.5,1537.5,1230,1230,1230,1537.5,1537.5,1537.5,1230,1230,1230,922.5,922.5,922.5,615,615,615,NA,NA,NA,NA,NA,NA,NA,NA,NA,NA,NA,NA,NA,NA,NA,NA,NA,NA,NA,NA,NA,NA,NA,NA,NA,NA,NA,NA,NA,NA,NA,NA,NA,NA,NA,NA,NA,NA,NA,NA,NA,NA,NA,NA,NA,NA,NA,NA,NA,NA,NA,NA,NA,NA,NA,NA,NA,NA,NA,NA,NA,NA,NA,NA,NA,NA,NA,NA,NA,NA,NA,NA,NA,NA,NA,NA,NA,NA,NA,NA,NA,NA,NA,NA
"0.025Black Belt",NA,NA,NA,NA,NA,NA,NA,NA,NA,NA,NA,NA,3075,3075,3075,3075,3075,3075,2767.5,2767.5,2767.5,2767.5,2767.5,2767.5,2460,2460,2460,2460,2460,2460,2460,2460,2460,2460,2460,2460,2460,2460,2460,2152.5,2152.5,2152.5,2152.5,2152.5,2152.5,2152.5,2152.5,2152.5,1845,1845,1845,1845,1845,1845,1845,1845,1845,1845,1845,1845,1845,1845,1845,1537.5,1537.5,1537.5,1537.5,1537.5,1537.5,1230,1230,1230,1230,1230,1230,922.5,922.5,922.5,1230,1230,1230,922.5,922.5,922.5,1230,1230,1230,922.5,922.5,922.5,922.5,922.5,922.5,615,615,615,615,615,615,NA,NA,NA,615,615,615,NA,NA,NA,615,615,615,NA,NA,NA,NA,NA,NA,NA,NA,NA,NA,NA,NA,NA,NA,NA
"0.035Black Belt",NA,NA,NA,NA,NA,NA,NA,NA,NA,NA,NA,NA,2767.5,2767.5,2767.5,2767.5,2767.5,2767.5,2460,2460,2460,2460,2460,2460,2152.5,2152.5,2152.5,2152.5,2152.5,2152.5,2152.5,2152.5,2152.5,2152.5,2152.5,2152.5,1845,1845,1845,1845,1845,1845,1537.5,1537.5,1537.5,1537.5,1537.5,1537.5,1230,1230,1230,922.5,922.5,922.5,1230,1230,1230,922.5,922.5,922.5,922.5,922.5,922.5,615,615,615,615,615,615,NA,NA,NA,NA,NA,NA,NA,NA,NA,NA,NA,NA,NA,NA,NA,NA,NA,NA,NA,NA,NA,NA,NA,NA,NA,NA,NA,NA,NA,NA,NA,NA,NA,NA,NA,NA,NA,NA,NA,NA,NA,NA,NA,NA,NA,NA,NA,NA,NA,NA,NA,NA,NA,NA,NA,NA,NA
"0.045Black Belt",NA,NA,NA,NA,NA,NA,NA,NA,NA,NA,NA,NA,2767.5,2767.5,2767.5,2767.5,2767.5,2767.5,2460,2460,2460,2152.5,2152.5,2152.5,1845,1845,1845,1845,1845,1845,1845,1845,1845,1845,1845,1845,1537.5,1537.5,1537.5,1230,1230,1230,1230,1230,1230,922.5,922.5,922.5,615,615,615,NA,NA,NA,615,615,615,NA,NA,NA,NA,NA,NA,NA,NA,NA,NA,NA,NA,NA,NA,NA,NA,NA,NA,NA,NA,NA,NA,NA,NA,NA,NA,NA,NA,NA,NA,NA,NA,NA,NA,NA,NA,NA,NA,NA,NA,NA,NA,NA,NA,NA,NA,NA,NA,NA,NA,NA,NA,NA,NA,NA,NA,NA,NA,NA,NA,NA,NA,NA,NA,NA,NA,NA,NA,NA
"0.026Black Belt",NA,NA,NA,NA,NA,NA,NA,NA,NA,NA,NA,NA,3075,3075,3075,3075,3075,3075,2767.5,2767.5,2767.5,2767.5,2767.5,2767.5,2767.5,2767.5,2767.5,2767.5,2767.5,2767.5,2767.5,2767.5,2767.5,2767.5,2767.5,2767.5,2460,2460,2460,2460,2460,2460,2460,2460,2460,2152.5,2152.5,2152.5,2152.5,2152.5,2152.5,2152.5,2152.5,2152.5,2152.5,2152.5,2152.5,2152.5,2152.5,2152.5,2152.5,2152.5,2152.5,1845,1845,1845,1845,1845,1845,1845,1845,1845,1845,1845,1845,1537.5,1537.5,1537.5,1845,1845,1845,1537.5,1537.5,1537.5,1537.5,1537.5,1537.5,1230,1230,1230,1537.5,1537.5,1537.5,1230,1230,1230,1230,1230,1230,922.5,922.5,922.5,1230,1230,1230,922.5,922.5,922.5,922.5,922.5,1230,615,615,615,922.5,922.5,922.5,615,615,615,615,615,615,NA,NA,NA
"0.036Black Belt",NA,NA,NA,NA,NA,NA,NA,NA,NA,NA,NA,NA,3075,3075,3075,3075,3075,3075,2767.5,2767.5,2767.5,2767.5,2767.5,2767.5,2460,2460,2460,2460,2460,2460,2460,2460,2460,2460,2460,2460,2152.5,2152.5,2152.5,2152.5,2152.5,2152.5,1845,1845,1845,1845,1845,1845,1845,1845,1845,1537.5,1537.5,1537.5,1845,1845,1845,1537.5,1537.5,1537.5,1537.5,1537.5,1537.5,1230,1230,1230,1230,1230,1230,922.5,922.5,922.5,922.5,922.5,922.5,615,615,615,922.5,922.5,922.5,615,615,615,615,615,615,NA,NA,NA,615,615,615,NA,NA,NA,NA,NA,NA,NA,NA,NA,NA,NA,NA,NA,NA,NA,NA,NA,NA,NA,NA,NA,NA,NA,NA,NA,NA,NA,NA,NA,NA,NA,NA,NA
"0.046Black Belt",NA,NA,NA,NA,NA,NA,NA,NA,NA,NA,NA,NA,2767.5,2767.5,2767.5,2767.5,2767.5,2767.5,2460,2460,2460,2460,2460,2460,2152.5,2152.5,2152.5,2152.5,2152.5,2152.5,2152.5,2152.5,2152.5,2152.5,2152.5,2152.5,1845,1845,1845,1845,1845,1845,1537.5,1537.5,1537.5,1230,1230,1230,1230,1230,1230,922.5,922.5,922.5,1230,1230,1230,922.5,922.5,922.5,922.5,922.5,922.5,615,615,615,615,615,615,NA,NA,NA,NA,NA,NA,NA,NA,NA,NA,NA,NA,NA,NA,NA,NA,NA,NA,NA,NA,NA,NA,NA,NA,NA,NA,NA,NA,NA,NA,NA,NA,NA,NA,NA,NA,NA,NA,NA,NA,NA,NA,NA,NA,NA,NA,NA,NA,NA,NA,NA,NA,NA,NA,NA,NA,NA
"0.027Black Belt",NA,NA,NA,NA,NA,NA,NA,NA,NA,NA,NA,NA,3075,3075,3075,3075,3075,3075,3075,3075,3075,2767.5,2767.5,2767.5,2767.5,2767.5,2767.5,2767.5,2767.5,2767.5,2767.5,2767.5,2767.5,2767.5,2767.5,2767.5,2767.5,2767.5,2767.5,2460,2460,2460,2460,2460,2460,2460,2460,2460,2460,2460,2460,2152.5,2152.5,2152.5,2460,2460,2460,2152.5,2152.5,2152.5,2152.5,2152.5,2152.5,2152.5,2152.5,2152.5,2152.5,2152.5,2152.5,1845,1845,1845,1845,1845,1845,1845,1845,1845,1845,1845,1845,1845,1845,1845,1845,1845,1845,1537.5,1537.5,1537.5,1845,1845,1845,1537.5,1537.5,1537.5,1537.5,1537.5,1537.5,1230,1230,1230,1537.5,1537.5,1537.5,1230,1230,1230,1537.5,1537.5,1537.5,1230,1230,1230,1230,1230,1230,922.5,922.5,922.5,1230,1230,1230,922.5,922.5,922.5
"0.037Black Belt",NA,NA,NA,NA,NA,NA,NA,NA,NA,NA,NA,NA,3075,3075,3075,3075,3075,3075,2767.5,2767.5,2767.5,2767.5,2767.5,2767.5,2460,2460,2460,2460,2460,2460,2460,2460,2460,2460,2460,2460,2460,2460,2460,2152.5,2152.5,2152.5,2152.5,2152.5,2152.5,2152.5,2152.5,2152.5,1845,1845,1845,1845,1845,1845,1845,1845,1845,1845,1845,1845,1845,1845,1845,1537.5,1537.5,1537.5,1537.5,1537.5,1537.5,1230,1230,1230,1230,1230,1230,1230,1230,1230,1230,1230,1230,1230,1230,1230,1230,1230,1230,922.5,922.5,922.5,922.5,922.5,922.5,615,615,615,615,615,615,NA,NA,NA,615,615,615,NA,NA,NA,615,615,615,NA,NA,NA,NA,NA,NA,NA,NA,NA,NA,NA,NA,NA,NA,NA
"0.047Black Belt",NA,NA,NA,NA,NA,NA,NA,NA,NA,NA,NA,NA,3075,3075,3075,2767.5,2767.5,2767.5,2767.5,2767.5,2767.5,2460,2460,2460,2460,2460,2460,2152.5,2152.5,2152.5,2460,2460,2460,2152.5,2152.5,2152.5,2152.5,2152.5,2152.5,1845,1845,1845,1845,1845,1845,1537.5,1537.5,1537.5,1537.5,1537.5,1537.5,1230,1230,1230,1537.5,1537.5,1537.5,1230,1230,1230,1230,1230,1230,922.5,922.5,922.5,922.5,922.5,922.5,615,615,615,615,615,615,NA,NA,NA,615,615,615,NA,NA,NA,615,615,615,NA,NA,NA,NA,NA,NA,NA,NA,NA,NA,NA,NA,NA,NA,NA,NA,NA,NA,NA,NA,NA,NA,NA,NA,NA,NA,NA,NA,NA,NA,NA,NA,NA,NA,NA,NA,NA,NA,NA
"0.028Black Belt",NA,NA,NA,NA,NA,NA,NA,NA,NA,NA,NA,NA,3075,3075,3075,3075,3075,3075,3075,3075,3075,3075,3075,3075,2767.5,2767.5,2767.5,2767.5,2767.5,2767.5,2767.5,2767.5,2767.5,2767.5,2767.5,2767.5,2767.5,2767.5,2767.5,2767.5,2767.5,2767.5,2767.5,2767.5,2767.5,2460,2460,2460,2460,2460,2460,2460,2460,2460,2460,2460,2460,2460,2460,2460,2460,2460,2460,2152.5,2152.5,2152.5,2152.5,2152.5,2152.5,2152.5,2152.5,2152.5,2152.5,2152.5,2152.5,2152.5,2152.5,2152.5,2152.5,2152.5,2152.5,2152.5,2152.5,2152.5,2152.5,2152.5,2152.5,1845,1845,1845,1845,1845,1845,1845,1845,1845,1845,1845,1845,1537.5,1537.5,1537.5,1845,1845,1845,1537.5,1537.5,1537.5,1845,1845,1845,1537.5,1537.5,1537.5,1537.5,1537.5,1537.5,1230,1230,1230,1537.5,1537.5,1537.5,1230,1230,1230
"0.038Black Belt",NA,NA,NA,NA,NA,NA,NA,NA,NA,NA,NA,NA,3075,3075,3075,3075,3075,3075,2767.5,2767.5,2767.5,2767.5,2767.5,2767.5,2767.5,2767.5,2767.5,2767.5,2767.5,2767.5,2767.5,2767.5,2767.5,2767.5,2767.5,2767.5,2460,2460,2460,2460,2460,2460,2460,2460,2460,2152.5,2152.5,2152.5,2152.5,2152.5,2152.5,2152.5,2152.5,2152.5,2152.5,2152.5,2152.5,2152.5,2152.5,2152.5,1845,1845,1845,1845,1845,1845,1845,1845,1845,1537.5,1537.5,1537.5,1537.5,1537.5,1537.5,1537.5,1537.5,1537.5,1537.5,1537.5,1537.5,1537.5,1537.5,1537.5,1537.5,1537.5,1537.5,1230,1230,1230,1230,1230,1230,922.5,922.5,922.5,1230,1230,1230,922.5,922.5,922.5,1230,1230,1230,922.5,922.5,922.5,922.5,922.5,922.5,615,615,615,615,615,615,NA,NA,NA,615,615,615,NA,NA,NA
"0.048Black Belt",NA,NA,NA,NA,NA,NA,NA,NA,NA,NA,NA,NA,3075,3075,3075,3075,3075,3075,2767.5,2767.5,2767.5,2767.5,2767.5,2767.5,2460,2460,2460,2460,2460,2460,2460,2460,2460,2460,2460,2460,2152.5,2152.5,2152.5,2152.5,2152.5,2152.5,2152.5,2152.5,2152.5,1845,1845,1845,1845,1845,1845,1537.5,1537.5,1537.5,1845,1845,1845,1537.5,1537.5,1537.5,1537.5,1537.5,1537.5,1230,1230,1230,1230,1230,1230,922.5,922.5,922.5,1230,1230,1230,922.5,922.5,922.5,1230,1230,1230,922.5,922.5,922.5,922.5,922.5,922.5,615,615,615,615,615,615,NA,NA,NA,NA,NA,NA,NA,NA,NA,NA,NA,NA,NA,NA,NA,NA,NA,NA,NA,NA,NA,NA,NA,NA,NA,NA,NA,NA,NA,NA,NA,NA,NA
"0.029Black Belt",NA,NA,NA,NA,NA,NA,NA,NA,NA,NA,NA,NA,3075,3075,3075,3075,3075,3075,3075,3075,3075,3075,3075,3075,2767.5,2767.5,3075,2767.5,2767.5,2767.5,2767.5,2767.5,3075,2767.5,2767.5,2767.5,2767.5,2767.5,2767.5,2767.5,2767.5,2767.5,2767.5,2767.5,2767.5,2767.5,2767.5,2767.5,2460,2460,2767.5,2460,2460,2460,2460,2460,2767.5,2460,2460,2460,2460,2460,2460,2460,2460,2460,2460,2460,2460,2152.5,2152.5,2152.5,2152.5,2152.5,2460,2152.5,2152.5,2152.5,2152.5,2152.5,2460,2152.5,2152.5,2152.5,2152.5,2152.5,2152.5,2152.5,2152.5,2152.5,2152.5,2152.5,2152.5,1845,1845,1845,1845,1845,2152.5,1845,1845,1845,1845,1845,2152.5,1845,1845,1845,1845,1845,1845,1537.5,1537.5,1537.5,1845,1845,1845,1537.5,1537.5,1537.5,1537.5,1537.5,1845,1537.5,1537.5,1537.5
"0.039Black Belt",NA,NA,NA,NA,NA,NA,NA,NA,NA,NA,NA,NA,3075,3075,3075,3075,3075,3075,2767.5,2767.5,2767.5,2767.5,2767.5,2767.5,2767.5,2767.5,2767.5,2767.5,2767.5,2767.5,2767.5,2767.5,2767.5,2767.5,2767.5,2767.5,2460,2460,2460,2460,2460,2460,2460,2460,2460,2460,2460,2460,2152.5,2152.5,2152.5,2152.5,2152.5,2152.5,2152.5,2152.5,2152.5,2152.5,2152.5,2152.5,2152.5,2152.5,2152.5,1845,1845,1845,1845,1845,1845,1845,1845,1845,1845,1845,1845,1537.5,1537.5,1537.5,1845,1845,1845,1537.5,1537.5,1537.5,1537.5,1537.5,1537.5,1537.5,1537.5,1537.5,1537.5,1537.5,1537.5,1230,1230,1230,1230,1230,1230,1230,1230,1230,1230,1230,1230,1230,1230,1230,1230,1230,1230,922.5,922.5,922.5,922.5,922.5,922.5,615,615,615,922.5,922.5,922.5,615,615,615
"0.049Black Belt",NA,NA,NA,NA,NA,NA,NA,NA,NA,NA,NA,NA,3075,3075,3075,3075,3075,3075,2767.5,2767.5,2767.5,2767.5,2767.5,2767.5,2460,2460,2460,2460,2460,2460,2460,2460,2460,2460,2460,2460,2460,2460,2460,2152.5,2152.5,2152.5,2152.5,2152.5,2152.5,2152.5,2152.5,2152.5,1845,1845,1845,1845,1845,1845,1845,1845,1845,1845,1845,1845,1845,1845,1845,1537.5,1537.5,1537.5,1537.5,1537.5,1537.5,1230,1230,1230,1230,1230,1230,1230,1230,1230,1230,1230,1230,1230,1230,1230,1230,1230,1230,922.5,922.5,922.5,922.5,922.5,922.5,615,615,615,615,615,615,NA,NA,NA,615,615,615,NA,NA,NA,615,615,615,NA,NA,NA,NA,NA,NA,NA,NA,NA,NA,NA,NA,NA,NA,NA
"0.023Southern",NA,NA,NA,NA,NA,NA,NA,NA,NA,NA,NA,NA,2767.5,2767.5,2767.5,2767.5,2767.5,2767.5,2460,2460,2460,2152.5,2152.5,2152.5,1845,1845,1845,1845,1845,1845,1845,1845,1845,1845,1845,1845,1537.5,1537.5,1537.5,1230,1230,1230,922.5,922.5,922.5,615,615,615,615,615,615,NA,NA,NA,615,615,615,NA,NA,NA,NA,NA,NA,NA,NA,NA,NA,NA,NA,NA,NA,NA,NA,NA,NA,NA,NA,NA,NA,NA,NA,NA,NA,NA,NA,NA,NA,NA,NA,NA,NA,NA,NA,NA,NA,NA,NA,NA,NA,NA,NA,NA,NA,NA,NA,NA,NA,NA,NA,NA,NA,NA,NA,NA,NA,NA,NA,NA,NA,NA,NA,NA,NA,NA,NA,NA
"0.033Southern",NA,NA,NA,NA,NA,NA,NA,NA,NA,NA,NA,NA,2460,2460,2460,2460,2460,2460,1845,1845,1845,1845,1845,1845,1230,1230,1230,922.5,922.5,922.5,1230,1230,1230,922.5,922.5,922.5,615,615,615,NA,NA,NA,NA,NA,NA,NA,NA,NA,NA,NA,NA,NA,NA,NA,NA,NA,NA,NA,NA,NA,NA,NA,NA,NA,NA,NA,NA,NA,NA,NA,NA,NA,NA,NA,NA,NA,NA,NA,NA,NA,NA,NA,NA,NA,NA,NA,NA,NA,NA,NA,NA,NA,NA,NA,NA,NA,NA,NA,NA,NA,NA,NA,NA,NA,NA,NA,NA,NA,NA,NA,NA,NA,NA,NA,NA,NA,NA,NA,NA,NA,NA,NA,NA,NA,NA,NA
"0.043Southern",NA,NA,NA,NA,NA,NA,NA,NA,NA,NA,NA,NA,2460,2460,2460,2152.5,2152.5,2152.5,1537.5,1537.5,1537.5,1230,1230,1230,615,615,615,NA,NA,NA,615,615,615,NA,NA,NA,NA,NA,NA,NA,NA,NA,NA,NA,NA,NA,NA,NA,NA,NA,NA,NA,NA,NA,NA,NA,NA,NA,NA,NA,NA,NA,NA,NA,NA,NA,NA,NA,NA,NA,NA,NA,NA,NA,NA,NA,NA,NA,NA,NA,NA,NA,NA,NA,NA,NA,NA,NA,NA,NA,NA,NA,NA,NA,NA,NA,NA,NA,NA,NA,NA,NA,NA,NA,NA,NA,NA,NA,NA,NA,NA,NA,NA,NA,NA,NA,NA,NA,NA,NA,NA,NA,NA,NA,NA,NA
"0.024Southern",NA,NA,NA,NA,NA,NA,NA,NA,NA,NA,NA,NA,3075,3075,3075,2767.5,2767.5,2767.5,2767.5,2767.5,2767.5,2460,2460,2460,2460,2460,2460,2152.5,2152.5,2152.5,2460,2460,2460,2152.5,2152.5,2152.5,2152.5,2152.5,2152.5,1845,1845,1845,1845,1845,1845,1537.5,1537.5,1537.5,1537.5,1537.5,1537.5,1230,1230,1230,1537.5,1537.5,1537.5,1230,1230,1230,1230,1230,1230,922.5,922.5,922.5,922.5,922.5,922.5,615,615,615,615,615,615,NA,NA,NA,615,615,615,NA,NA,NA,NA,NA,NA,NA,NA,NA,NA,NA,NA,NA,NA,NA,NA,NA,NA,NA,NA,NA,NA,NA,NA,NA,NA,NA,NA,NA,NA,NA,NA,NA,NA,NA,NA,NA,NA,NA,NA,NA,NA,NA,NA,NA
"0.034Southern",NA,NA,NA,NA,NA,NA,NA,NA,NA,NA,NA,NA,2767.5,2767.5,2767.5,2767.5,2767.5,2767.5,2460,2460,2460,2152.5,2152.5,2152.5,1845,1845,1845,1845,1845,1845,1845,1845,1845,1845,1845,1845,1537.5,1537.5,1537.5,1230,1230,1230,1230,1230,1230,615,615,615,615,615,615,NA,NA,NA,615,615,615,NA,NA,NA,NA,NA,NA,NA,NA,NA,NA,NA,NA,NA,NA,NA,NA,NA,NA,NA,NA,NA,NA,NA,NA,NA,NA,NA,NA,NA,NA,NA,NA,NA,NA,NA,NA,NA,NA,NA,NA,NA,NA,NA,NA,NA,NA,NA,NA,NA,NA,NA,NA,NA,NA,NA,NA,NA,NA,NA,NA,NA,NA,NA,NA,NA,NA,NA,NA,NA
"0.044Southern",NA,NA,NA,NA,NA,NA,NA,NA,NA,NA,NA,NA,2767.5,2767.5,2767.5,2460,2460,2460,2152.5,2152.5,2152.5,1845,1845,1845,1537.5,1537.5,1537.5,1230,1230,1230,1537.5,1537.5,1537.5,1230,1230,1230,922.5,922.5,922.5,615,615,615,NA,NA,NA,NA,NA,NA,NA,NA,NA,NA,NA,NA,NA,NA,NA,NA,NA,NA,NA,NA,NA,NA,NA,NA,NA,NA,NA,NA,NA,NA,NA,NA,NA,NA,NA,NA,NA,NA,NA,NA,NA,NA,NA,NA,NA,NA,NA,NA,NA,NA,NA,NA,NA,NA,NA,NA,NA,NA,NA,NA,NA,NA,NA,NA,NA,NA,NA,NA,NA,NA,NA,NA,NA,NA,NA,NA,NA,NA,NA,NA,NA,NA,NA,NA
"0.025Southern",NA,NA,NA,NA,NA,NA,NA,NA,NA,NA,NA,NA,3075,3075,3075,3075,3075,3075,2767.5,2767.5,2767.5,2767.5,2767.5,2767.5,2460,2460,2460,2460,2460,2460,2460,2460,2460,2460,2460,2460,2460,2460,2460,2152.5,2152.5,2152.5,2152.5,2152.5,2152.5,2152.5,2152.5,2152.5,1845,1845,1845,1845,1845,1845,1845,1845,1845,1845,1845,1845,1845,1845,1845,1537.5,1537.5,1537.5,1537.5,1537.5,1537.5,1230,1230,1230,1230,1230,1230,922.5,922.5,922.5,1230,1230,1230,922.5,922.5,922.5,1230,1230,1230,922.5,922.5,922.5,922.5,922.5,922.5,615,615,615,615,615,615,NA,NA,NA,615,615,615,NA,NA,NA,615,615,615,NA,NA,NA,NA,NA,NA,NA,NA,NA,NA,NA,NA,NA,NA,NA
"0.035Southern",NA,NA,NA,NA,NA,NA,NA,NA,NA,NA,NA,NA,2767.5,2767.5,2767.5,2767.5,2767.5,2767.5,2460,2460,2460,2460,2460,2460,2152.5,2152.5,2152.5,2152.5,2152.5,2152.5,2152.5,2152.5,2152.5,2152.5,2152.5,2152.5,1845,1845,1845,1845,1845,1845,1537.5,1537.5,1537.5,1537.5,1537.5,1537.5,1230,1230,1230,922.5,922.5,922.5,1230,1230,1230,922.5,922.5,922.5,922.5,922.5,922.5,615,615,615,615,615,615,NA,NA,NA,NA,NA,NA,NA,NA,NA,NA,NA,NA,NA,NA,NA,NA,NA,NA,NA,NA,NA,NA,NA,NA,NA,NA,NA,NA,NA,NA,NA,NA,NA,NA,NA,NA,NA,NA,NA,NA,NA,NA,NA,NA,NA,NA,NA,NA,NA,NA,NA,NA,NA,NA,NA,NA,NA
"0.045Southern",NA,NA,NA,NA,NA,NA,NA,NA,NA,NA,NA,NA,2767.5,2767.5,2767.5,2767.5,2767.5,2767.5,2460,2460,2460,2152.5,2152.5,2152.5,1845,1845,1845,1845,1845,1845,1845,1845,1845,1845,1845,1845,1537.5,1537.5,1537.5,1230,1230,1230,1230,1230,1230,922.5,922.5,922.5,615,615,615,NA,NA,NA,615,615,615,NA,NA,NA,NA,NA,NA,NA,NA,NA,NA,NA,NA,NA,NA,NA,NA,NA,NA,NA,NA,NA,NA,NA,NA,NA,NA,NA,NA,NA,NA,NA,NA,NA,NA,NA,NA,NA,NA,NA,NA,NA,NA,NA,NA,NA,NA,NA,NA,NA,NA,NA,NA,NA,NA,NA,NA,NA,NA,NA,NA,NA,NA,NA,NA,NA,NA,NA,NA,NA
"0.026Southern",NA,NA,NA,NA,NA,NA,NA,NA,NA,NA,NA,NA,3075,3075,3075,3075,3075,3075,2767.5,2767.5,2767.5,2767.5,2767.5,2767.5,2767.5,2767.5,2767.5,2767.5,2767.5,2767.5,2767.5,2767.5,2767.5,2767.5,2767.5,2767.5,2460,2460,2460,2460,2460,2460,2460,2460,2460,2152.5,2152.5,2152.5,2152.5,2152.5,2152.5,2152.5,2152.5,2152.5,2152.5,2152.5,2152.5,2152.5,2152.5,2152.5,2152.5,2152.5,2152.5,1845,1845,1845,1845,1845,1845,1537.5,1537.5,1537.5,1845,1845,1845,1537.5,1537.5,1537.5,1845,1845,1845,1537.5,1537.5,1537.5,1537.5,1537.5,1537.5,1230,1230,1230,1537.5,1537.5,1537.5,1230,1230,1230,1230,1230,1230,922.5,922.5,922.5,1230,1230,1230,922.5,922.5,922.5,922.5,922.5,922.5,615,615,615,922.5,922.5,922.5,615,615,615,615,615,615,NA,NA,NA
"0.036Southern",NA,NA,NA,NA,NA,NA,NA,NA,NA,NA,NA,NA,3075,3075,3075,3075,3075,3075,2767.5,2767.5,2767.5,2767.5,2767.5,2767.5,2460,2460,2460,2460,2460,2460,2460,2460,2460,2460,2460,2460,2152.5,2152.5,2152.5,2152.5,2152.5,2152.5,1845,1845,1845,1845,1845,1845,1845,1845,1845,1537.5,1537.5,1537.5,1845,1845,1845,1537.5,1537.5,1537.5,1537.5,1537.5,1537.5,1230,1230,1230,1230,1230,1230,922.5,922.5,922.5,922.5,922.5,922.5,615,615,615,922.5,922.5,922.5,615,615,615,615,615,615,NA,NA,NA,615,615,615,NA,NA,NA,NA,NA,NA,NA,NA,NA,NA,NA,NA,NA,NA,NA,NA,NA,NA,NA,NA,NA,NA,NA,NA,NA,NA,NA,NA,NA,NA,NA,NA,NA
"0.046Southern",NA,NA,NA,NA,NA,NA,NA,NA,NA,NA,NA,NA,2767.5,2767.5,2767.5,2767.5,2767.5,2767.5,2460,2460,2460,2460,2460,2460,2152.5,2152.5,2152.5,2152.5,2152.5,2152.5,2152.5,2152.5,2152.5,2152.5,2152.5,2152.5,1845,1845,1845,1537.5,1537.5,1537.5,1537.5,1537.5,1537.5,1230,1230,1230,1230,1230,1230,922.5,922.5,922.5,1230,1230,1230,922.5,922.5,922.5,922.5,922.5,922.5,615,615,615,615,615,615,NA,NA,NA,NA,NA,NA,NA,NA,NA,NA,NA,NA,NA,NA,NA,NA,NA,NA,NA,NA,NA,NA,NA,NA,NA,NA,NA,NA,NA,NA,NA,NA,NA,NA,NA,NA,NA,NA,NA,NA,NA,NA,NA,NA,NA,NA,NA,NA,NA,NA,NA,NA,NA,NA,NA,NA,NA
"0.027Southern",NA,NA,NA,NA,NA,NA,NA,NA,NA,NA,NA,NA,3075,3075,3075,3075,3075,3075,3075,3075,3075,2767.5,2767.5,2767.5,2767.5,2767.5,2767.5,2767.5,2767.5,2767.5,2767.5,2767.5,2767.5,2767.5,2767.5,2767.5,2767.5,2767.5,2767.5,2460,2460,2460,2460,2460,2460,2460,2460,2460,2460,2460,2460,2152.5,2152.5,2152.5,2460,2460,2460,2152.5,2152.5,2152.5,2152.5,2152.5,2152.5,2152.5,2152.5,2152.5,2152.5,2152.5,2152.5,1845,1845,1845,1845,1845,1845,1845,1845,1845,1845,1845,1845,1845,1845,1845,1845,1845,1845,1537.5,1537.5,1537.5,1845,1845,1845,1537.5,1537.5,1537.5,1537.5,1537.5,1537.5,1230,1230,1230,1537.5,1537.5,1537.5,1230,1230,1230,1537.5,1537.5,1537.5,1230,1230,1230,1230,1230,1230,922.5,922.5,922.5,1230,1230,1230,922.5,922.5,922.5
"0.037Southern",NA,NA,NA,NA,NA,NA,NA,NA,NA,NA,NA,NA,3075,3075,3075,3075,3075,3075,2767.5,2767.5,2767.5,2767.5,2767.5,2767.5,2460,2460,2460,2460,2460,2460,2460,2460,2460,2460,2460,2460,2460,2460,2460,2152.5,2152.5,2152.5,2152.5,2152.5,2152.5,2152.5,2152.5,2152.5,1845,1845,1845,1845,1845,1845,1845,1845,1845,1845,1845,1845,1845,1845,1845,1537.5,1537.5,1537.5,1537.5,1537.5,1537.5,1230,1230,1230,1230,1230,1230,922.5,922.5,922.5,1230,1230,1230,922.5,922.5,922.5,1230,1230,1230,922.5,922.5,922.5,922.5,922.5,922.5,615,615,615,615,615,615,NA,NA,NA,615,615,615,NA,NA,NA,615,615,615,NA,NA,NA,NA,NA,NA,NA,NA,NA,NA,NA,NA,NA,NA,NA
"0.047Southern",NA,NA,NA,NA,NA,NA,NA,NA,NA,NA,NA,NA,3075,3075,3075,2767.5,2767.5,2767.5,2767.5,2767.5,2767.5,2460,2460,2460,2460,2460,2460,2152.5,2152.5,2152.5,2460,2460,2460,2152.5,2152.5,2152.5,2152.5,2152.5,2152.5,1845,1845,1845,1845,1845,1845,1537.5,1537.5,1537.5,1537.5,1537.5,1537.5,1230,1230,1230,1537.5,1537.5,1537.5,1230,1230,1230,1230,1230,1230,922.5,922.5,922.5,922.5,922.5,922.5,615,615,615,615,615,615,NA,NA,NA,615,615,615,NA,NA,NA,NA,NA,NA,NA,NA,NA,NA,NA,NA,NA,NA,NA,NA,NA,NA,NA,NA,NA,NA,NA,NA,NA,NA,NA,NA,NA,NA,NA,NA,NA,NA,NA,NA,NA,NA,NA,NA,NA,NA,NA,NA,NA
"0.028Southern",NA,NA,NA,NA,NA,NA,NA,NA,NA,NA,NA,NA,3075,3075,3075,3075,3075,3075,3075,3075,3075,3075,3075,3075,2767.5,2767.5,2767.5,2767.5,2767.5,2767.5,2767.5,2767.5,2767.5,2767.5,2767.5,2767.5,2767.5,2767.5,2767.5,2767.5,2767.5,2767.5,2767.5,2767.5,2767.5,2460,2460,2460,2460,2460,2460,2460,2460,2460,2460,2460,2460,2460,2460,2460,2460,2460,2460,2152.5,2152.5,2152.5,2152.5,2152.5,2152.5,2152.5,2152.5,2152.5,2152.5,2152.5,2152.5,1845,1845,1845,2152.5,2152.5,2152.5,1845,1845,1845,2152.5,2152.5,2152.5,1845,1845,1845,1845,1845,1845,1845,1845,1845,1845,1845,1845,1537.5,1537.5,1537.5,1845,1845,1845,1537.5,1537.5,1537.5,1537.5,1537.5,1845,1537.5,1537.5,1537.5,1537.5,1537.5,1537.5,1230,1230,1230,1537.5,1537.5,1537.5,1230,1230,1230
"0.038Southern",NA,NA,NA,NA,NA,NA,NA,NA,NA,NA,NA,NA,3075,3075,3075,3075,3075,3075,2767.5,2767.5,2767.5,2767.5,2767.5,2767.5,2767.5,2767.5,2767.5,2460,2460,2460,2767.5,2767.5,2767.5,2460,2460,2460,2460,2460,2460,2460,2460,2460,2460,2460,2460,2152.5,2152.5,2152.5,2152.5,2152.5,2152.5,1845,1845,1845,2152.5,2152.5,2152.5,1845,1845,1845,1845,1845,1845,1845,1845,1845,1845,1845,1845,1537.5,1537.5,1537.5,1537.5,1537.5,1537.5,1230,1230,1230,1537.5,1537.5,1537.5,1230,1230,1230,1537.5,1537.5,1537.5,1230,1230,1230,1230,1230,1230,922.5,922.5,922.5,1230,1230,1230,615,615,615,1230,1230,1230,615,615,615,922.5,922.5,922.5,615,615,615,615,615,615,NA,NA,NA,615,615,615,NA,NA,NA
"0.048Southern",NA,NA,NA,NA,NA,NA,NA,NA,NA,NA,NA,NA,3075,3075,3075,3075,3075,3075,2767.5,2767.5,2767.5,2767.5,2767.5,2767.5,2460,2460,2460,2460,2460,2460,2460,2460,2460,2460,2460,2460,2152.5,2152.5,2152.5,2152.5,2152.5,2152.5,2152.5,2152.5,2152.5,1845,1845,1845,1845,1845,1845,1537.5,1537.5,1537.5,1845,1845,1845,1537.5,1537.5,1537.5,1537.5,1537.5,1537.5,1230,1230,1230,1230,1230,1230,922.5,922.5,922.5,1230,1230,1230,615,615,615,1230,1230,1230,615,615,615,922.5,922.5,922.5,615,615,615,615,615,615,NA,NA,NA,NA,NA,NA,NA,NA,NA,NA,NA,NA,NA,NA,NA,NA,NA,NA,NA,NA,NA,NA,NA,NA,NA,NA,NA,NA,NA,NA,NA,NA,NA
"0.029Southern",NA,NA,NA,NA,NA,NA,NA,NA,NA,NA,NA,NA,3075,3075,3075,3075,3075,3075,3075,3075,3075,3075,3075,3075,2767.5,2767.5,2767.5,2767.5,2767.5,2767.5,2767.5,2767.5,2767.5,2767.5,2767.5,2767.5,2767.5,2767.5,2767.5,2767.5,2767.5,2767.5,2767.5,2767.5,2767.5,2767.5,2767.5,2767.5,2460,2460,2460,2460,2460,2460,2460,2460,2460,2460,2460,2460,2460,2460,2460,2460,2460,2460,2460,2460,2460,2152.5,2152.5,2152.5,2152.5,2152.5,2152.5,2152.5,2152.5,2152.5,2152.5,2152.5,2152.5,2152.5,2152.5,2152.5,2152.5,2152.5,2152.5,2152.5,2152.5,2152.5,2152.5,2152.5,2152.5,1845,1845,1845,1845,1845,1845,1845,1845,1845,1845,1845,1845,1845,1845,1845,1845,1845,1845,1537.5,1537.5,1537.5,1845,1845,1845,1537.5,1537.5,1537.5,1537.5,1537.5,1537.5,1537.5,1537.5,1537.5
"0.039Southern",NA,NA,NA,NA,NA,NA,NA,NA,NA,NA,NA,NA,3075,3075,3075,3075,3075,3075,2767.5,2767.5,2767.5,2767.5,2767.5,2767.5,2767.5,2767.5,2767.5,2767.5,2767.5,2767.5,2767.5,2767.5,2767.5,2767.5,2767.5,2767.5,2460,2460,2460,2460,2460,2460,2460,2460,2460,2460,2460,2460,2152.5,2152.5,2152.5,2152.5,2152.5,2152.5,2152.5,2152.5,2152.5,2152.5,2152.5,2152.5,2152.5,2152.5,2152.5,1845,1845,1845,1845,1845,1845,1845,1845,1845,1845,1845,1845,1537.5,1537.5,1537.5,1845,1845,1845,1537.5,1537.5,1537.5,1537.5,1537.5,1537.5,1537.5,1537.5,1537.5,1537.5,1537.5,1537.5,1230,1230,1230,1230,1230,1230,922.5,922.5,922.5,1230,1230,1230,922.5,922.5,922.5,1230,1230,1230,922.5,922.5,922.5,922.5,922.5,922.5,615,615,615,922.5,922.5,922.5,615,615,615
"0.049Southern",NA,NA,NA,NA,NA,NA,NA,NA,NA,NA,NA,NA,3075,3075,3075,3075,3075,3075,2767.5,2767.5,2767.5,2767.5,2767.5,2767.5,2460,2460,2460,2460,2460,2460,2460,2460,2460,2460,2460,2460,2460,2460,2460,2152.5,2152.5,2152.5,2152.5,2152.5,2152.5,2152.5,2152.5,2152.5,1845,1845,1845,1845,1845,1845,1845,1845,1845,1845,1845,1845,1845,1845,1845,1537.5,1537.5,1537.5,1537.5,1537.5,1537.5,1230,1230,1230,1230,1230,1230,922.5,922.5,922.5,1230,1230,1230,922.5,922.5,922.5,1230,1230,1230,922.5,922.5,922.5,922.5,922.5,922.5,615,615,615,615,615,615,NA,NA,NA,615,615,615,NA,NA,NA,615,615,615,NA,NA,NA,NA,NA,NA,NA,NA,NA,NA,NA,NA,NA,NA,NA
